user_id,condition,user_finish_id,account,accountsOrder,justification,aor,num_messages,account_suspension,account_confidence,account_duration
a69e967a-c238-4245-8091-e518ed2326f6,control,b23175,2,43512,More inflammatory remarks about someone's orientation plus threats of violence should be automatically suspended or a permanent ban. The one off random inoffensive comment doesn't undo all of the vitriol this person is presenting,0.75,4,Suspend,3.76,10.693
a69e967a-c238-4245-8091-e518ed2326f6,control,b23175,3,43512,Any sort of derogatory slurs let's me know that this person will use them again against others. They think this way and will spread their hate again. They shouldn't be on the platform,0.5,1,Suspend,5.0,20.891
a69e967a-c238-4245-8091-e518ed2326f6,control,b23175,4,43512,"It seems that account one had the one off outburst but for the most part, their messages are non-threatening and not offensive. It seems that their pattern of behavior is less likely to be offensive. ",0.25,4,Do not suspend,3.93,13.84
a69e967a-c238-4245-8091-e518ed2326f6,control,b23175,5,43512,"Nothing this person said was offensive, if anything, it seemed to be wholesome. I do wonder what this person if referencing but I'll go ahead and assume that it's something positive ",0.0,3,Do not suspend,5.0,11.844
f8635d72-3d1f-4a55-aa95-c79d3bbb0c91,control,2b5614,1,15234,The message includes hateful slurs and is full of hateful wishes.,1.0,1,Suspend,5.0,12.237
f8635d72-3d1f-4a55-aa95-c79d3bbb0c91,control,2b5614,2,15234,"The message was hateful, threatening, and had slurs.",0.75,2,Suspend,5.0,3.521
f8635d72-3d1f-4a55-aa95-c79d3bbb0c91,control,2b5614,3,15234,Messages 1 and 2 used slurs and hateful offensive language.,0.5,3,Suspend,5.0,3.808
f8635d72-3d1f-4a55-aa95-c79d3bbb0c91,control,2b5614,4,15234,The messages were not hateful nor did they use any foul language or display any threats.,0.25,2,Do not suspend,5.0,3.296
f8635d72-3d1f-4a55-aa95-c79d3bbb0c91,control,2b5614,5,15234,None of the messages had any hateful or offensive language.,0.0,4,Do not suspend,5.0,5.659
21aa6a85-a854-4018-85f2-941f69c53692,crowd,5f47ed,1,54213,"There is an offensive slur used here referencing someone's sexuality. I think slurs for sexuality, gender, race, etc should be grounds for suspension.",1.0,1,Suspend,5.0,4.9
21aa6a85-a854-4018-85f2-941f69c53692,crowd,5f47ed,2,54213,Account suspended because of a death threat.,0.75,1,Suspend,5.0,4.419
21aa6a85-a854-4018-85f2-941f69c53692,crowd,5f47ed,3,54213,A slur for someone's sexuality was used.,0.5,1,Suspend,5.0,4.107
21aa6a85-a854-4018-85f2-941f69c53692,crowd,5f47ed,4,54213,Account suspended because of a death threat.,0.25,6,Suspend,5.0,5.084
21aa6a85-a854-4018-85f2-941f69c53692,crowd,5f47ed,5,54213,There is nothing here that is threatening or violent and there are no slurs used.,0.0,5,Do not suspend,5.0,4.872
f7c75d2e-6128-4832-b3c7-38e45904788a,ai,8a9406,1,41523,Comments that include violent or offensive language is grounds for termination/suspension.,1.0,3,Suspend,5.0,3.333
f7c75d2e-6128-4832-b3c7-38e45904788a,ai,8a9406,2,41523,Violent or threatening language is prohibited and thus grounds for suspension.,0.75,4,Suspend,5.0,3.604
f7c75d2e-6128-4832-b3c7-38e45904788a,ai,8a9406,3,41523,Offensive or threatening language is grounds for termination/suspension.,0.5,7,Suspend,5.0,4.515
f7c75d2e-6128-4832-b3c7-38e45904788a,ai,8a9406,4,41523,Any comments regarding violence towards another individual is gounds for suspension.,0.25,11,Suspend,5.0,6.686
f7c75d2e-6128-4832-b3c7-38e45904788a,ai,8a9406,5,41523,I found no comments or intent offending someone else.  Also no violent language was found.,0.0,5,Do not suspend,5.0,3.53
5de5360b-7333-4661-9f72-fc2249b5dcf3,ai,bac46c,1,31542,This message goes to the extreme of hurting someone or physically harming a person even to the point of death and pain. There is no justification for this message. This offensive and wishes death or pain for others,1.0,1,Suspend,5.0,4.692
5de5360b-7333-4661-9f72-fc2249b5dcf3,ai,bac46c,2,31542,This message is barbaric. Threatening to shoot someone in the head is a crime on its own and should be suspended. This is very offensive while causing pain and physically harming someone,0.75,1,Suspend,4.99,5.187
5de5360b-7333-4661-9f72-fc2249b5dcf3,ai,bac46c,3,31542,This message is offensive but does not go to the extreme of hurting anyone physically. The offense is in moderation and the message could be temporarily suspended rather than suspending permanently.,0.5,1,Do not suspend,3.99,15.578
5de5360b-7333-4661-9f72-fc2249b5dcf3,ai,bac46c,4,31542,This message does not go beyond hurting anyone or causing pain as well. It is just a mere expression of someone's thought.,0.25,1,Do not suspend,4.0,5.028
5de5360b-7333-4661-9f72-fc2249b5dcf3,ai,bac46c,5,31542,This message is just a personal expression of someone's thought. It does not go beyond hurting anyone or causing harm or pain to anyone,0.0,1,Do not suspend,5.0,3.914
0860c28d-eaaa-48ea-bd88-a46b9da590f5,control,3e6cb4,1,34125,Vulgar slur and hateful speech. Glorifying violence.,1.0,1,Suspend,5.0,4.435
0860c28d-eaaa-48ea-bd88-a46b9da590f5,control,3e6cb4,2,34125,Glorifying violence. Easy ban.,0.75,1,Suspend,5.0,3.831
0860c28d-eaaa-48ea-bd88-a46b9da590f5,control,3e6cb4,3,34125,Vulgar slur in the initial sentence (zero tolerance policy). Follow up sentence just supports my claim. Repeated slur.,0.5,1,Suspend,5.0,6.455
0860c28d-eaaa-48ea-bd88-a46b9da590f5,control,3e6cb4,4,34125,"Glorifying violence and threatening to act on it towards a person with intent. Furthermore, they added a slur on top of a self incriminating statement.",0.25,3,Suspend,5.0,5.481
0860c28d-eaaa-48ea-bd88-a46b9da590f5,control,3e6cb4,5,34125,No signs of offensive activity of the currently review content.,0.0,8,Do not suspend,5.0,8.335
fcb3203a-3cc2-4222-9894-4d8d83e03fe7,crowd,717b86,1,13245,"This is offensive name calling and hate speech, as well as violent.",1.0,1,Suspend,4.98,5.256
fcb3203a-3cc2-4222-9894-4d8d83e03fe7,crowd,717b86,2,13245,"This is violent and threatening, as well as extremely offensive.",0.75,1,Suspend,4.99,3.408
fcb3203a-3cc2-4222-9894-4d8d83e03fe7,crowd,717b86,3,13245,This is offensive name calling and hate speech.,0.5,1,Suspend,4.98,3.919
fcb3203a-3cc2-4222-9894-4d8d83e03fe7,crowd,717b86,4,13245,This person seems agitated but not violent or offensive.,0.25,1,Do not suspend,3.99,6.7
fcb3203a-3cc2-4222-9894-4d8d83e03fe7,crowd,717b86,5,13245,"This is a very positive post, crediting others for their help. Nothing offensive.",0.0,1,Do not suspend,4.98,4.378
9d384bf9-0a29-43d2-8ca8-9de6189f801f,crowd,eed831,1,45213,The message contains offensive language and bullying.,1.0,1,Suspend,5.0,4.065
9d384bf9-0a29-43d2-8ca8-9de6189f801f,crowd,eed831,2,45213,The message contains a serious threat.,0.75,1,Suspend,5.0,3.607
9d384bf9-0a29-43d2-8ca8-9de6189f801f,crowd,eed831,3,45213,The message contains offensive language and bullying.,0.5,1,Suspend,5.0,4.726
9d384bf9-0a29-43d2-8ca8-9de6189f801f,crowd,eed831,4,45213,One of the messages contains a serious threat.,0.25,3,Suspend,5.0,5.146
9d384bf9-0a29-43d2-8ca8-9de6189f801f,crowd,eed831,5,45213,The messages did not contain explicit or hurtful language.,0.0,4,Do not suspend,4.0,10.543
08ef00b7-726c-4aab-a082-e05e6afa8d42,crowd,36a702,1,12345,"This account continually made threatening and hostile posts. They used horrible slurs and told people to ""die.""",1.0,3,Suspend,5.0,21.7
08ef00b7-726c-4aab-a082-e05e6afa8d42,crowd,36a702,2,12345,"Used slurs, threatened people with shooting them in the head. I think that's quite enough to suspend, to be honest. Literal death threats.",0.75,5,Suspend,5.0,4.525
08ef00b7-726c-4aab-a082-e05e6afa8d42,crowd,36a702,3,12345,Used slurs and harassed people. Hurled racist and denigrating epithets at other users. Incredibly offensive.,0.5,9,Suspend,4.0,7.61
08ef00b7-726c-4aab-a082-e05e6afa8d42,crowd,36a702,4,12345,"While only two of the messages I reviewed were marked offensive, they were marked that way because this person threatened to kill someone in each. That's horrifying and worthy of suspension.",0.25,7,Suspend,3.99,5.292
08ef00b7-726c-4aab-a082-e05e6afa8d42,crowd,36a702,5,12345,I went through 8 of this accounts messages and did not find anything that was even remotely offensive. There was no reason to suspend this account.,0.0,8,Do not suspend,5.0,5.761
f41b00b4-7732-418f-8cca-0fa9521a527f,control,acd0ff,1,15342,"Calling someone a slur, and wishing for them to die is awful, and super grounds for a suspension.",1.0,1,Suspend,5.0,5.762
f41b00b4-7732-418f-8cca-0fa9521a527f,control,acd0ff,2,15342,"Sending threats to people, and calling them names multiple times are counts for suspensions.",0.75,3,Suspend,5.0,6.349
f41b00b4-7732-418f-8cca-0fa9521a527f,control,acd0ff,3,15342,"Calling people names, attacking their family's, and just being awful are reason for suspension.",0.5,3,Suspend,5.0,4.149
f41b00b4-7732-418f-8cca-0fa9521a527f,control,acd0ff,4,15342,"Telling someone they are going to kill them, then calling them names are ground for suspension.",0.25,3,Suspend,5.0,5.285
f41b00b4-7732-418f-8cca-0fa9521a527f,control,acd0ff,5,15342,"Their messages were super positive, and were normal, there's no reason for suspension.",0.0,3,Do not suspend,5.0,5.676
90613436-e890-4ab2-9863-e7e49eb7122d,ai,b57cc5,1,21534,Every message I saw was offensive. This person is just offensive overall.,1.0,3,Suspend,5.0,3.822
90613436-e890-4ab2-9863-e7e49eb7122d,ai,b57cc5,2,21534,They had several instances of offensive languages. There is not room for this kind of languuage,0.75,2,Suspend,5.0,6.627
90613436-e890-4ab2-9863-e7e49eb7122d,ai,b57cc5,3,21534,This person had a mixture of offensive and non offensive messages. But I think they have more offensive messages and it should lead to a suspended account.,0.5,6,Suspend,3.99,24.993
90613436-e890-4ab2-9863-e7e49eb7122d,ai,b57cc5,4,21534,The person had one offensive message and the rest were non offensive. I am thinking of not suspended the account but I am not too sure,0.25,6,Do not suspend,2.59,7.209
90613436-e890-4ab2-9863-e7e49eb7122d,ai,b57cc5,5,21534,This person didnt have any offensive postings. I think they are a good user. No reason to suspend.,0.0,3,Do not suspend,5.0,4.514
0ffbd9e8-1b9f-49dc-9037-61c90a1fcb14,crowd,160daa,1,14235,"The first message was already incredibly offensive (slurs, death threats) but I decided to look at another one just to confirm if it needed to be suspended. Considering the second message was threatening harm towards a dog, it made sense to suspend.",1.0,2,Suspend,5.0,3.808
0ffbd9e8-1b9f-49dc-9037-61c90a1fcb14,crowd,160daa,2,14235,"Immediately saw the graphic death threat and decided to suspend. After having done two accounts already, I felt justified suspending without looking at other messages.",0.75,1,Suspend,5.0,3.645
0ffbd9e8-1b9f-49dc-9037-61c90a1fcb14,crowd,160daa,3,14235,"Immediate slur x2 was used along with homophobic misinformation, so I immediately decided to suspend the account. One tweet is hateful enough to warrant the suspension.",0.5,1,Suspend,5.0,3.844
0ffbd9e8-1b9f-49dc-9037-61c90a1fcb14,crowd,160daa,4,14235,"The first and second messages were not offensive but I still couldn't get a good feel for the account. The third message, with the death threat and slur, made it glaringly obvious that the account needed to be suspended.",0.25,3,Suspend,4.0,5.643
0ffbd9e8-1b9f-49dc-9037-61c90a1fcb14,crowd,160daa,5,14235,This is the only account I didn't suspend and I kept clicking on more messages to be extra sure it didn't have anything bad. It's easier to identify an account that needs to be suspended than one that's clean because you only need one hateful tweet.,0.0,8,Do not suspend,4.0,4.097
4f48f1a1-52d1-46dc-87c7-f1ed1f64c83f,ai,01ee8c,1,35421,Hoping or wishing death upon someone and calling offensive names.,1.0,3,Suspend,5.0,2.909
4f48f1a1-52d1-46dc-87c7-f1ed1f64c83f,ai,01ee8c,2,35421,Threatening to shoot and kill someone and making homophobic and offensive comments.,0.75,4,Suspend,4.97,3.362
4f48f1a1-52d1-46dc-87c7-f1ed1f64c83f,ai,01ee8c,3,35421,Making homophobic comments,0.5,5,Suspend,4.53,3.914
4f48f1a1-52d1-46dc-87c7-f1ed1f64c83f,ai,01ee8c,4,35421,Threatening to kill someone should be an automatic suspension.,0.25,7,Suspend,4.96,3.546
4f48f1a1-52d1-46dc-87c7-f1ed1f64c83f,ai,01ee8c,5,35421,There are no offensive comments toward anything or anyone.,0.0,3,Do not suspend,4.92,4.014
4f09b2ed-7a8b-4d32-b64a-b6b75e5db72f,ai,219e1e,1,21453,All of the messages from this account are offensive.,1.0,6,Suspend,4.94,5.561
4f09b2ed-7a8b-4d32-b64a-b6b75e5db72f,ai,219e1e,2,21453,This account had multiple offensive messages.,0.75,4,Suspend,4.93,5.49
4f09b2ed-7a8b-4d32-b64a-b6b75e5db72f,ai,219e1e,3,21453,About half of the messages from this account were offensive.,0.5,7,Suspend,4.78,4.709
4f09b2ed-7a8b-4d32-b64a-b6b75e5db72f,ai,219e1e,4,21453,This account had one offensive message and multiple not offensive messages.,0.25,6,Do not suspend,3.1,6.398
4f09b2ed-7a8b-4d32-b64a-b6b75e5db72f,ai,219e1e,5,21453,This account had no offensive messages that I found.,0.0,7,Do not suspend,4.92,5.264
709e0d0c-1354-43ff-a628-ef4a2981b0c8,crowd,c5d1c3,1,51243,They were calling other people offensive names and wishing/threatening death.,1.0,2,Suspend,5.0,4.023
709e0d0c-1354-43ff-a628-ef4a2981b0c8,crowd,c5d1c3,2,51243,"Very threatening message that is worthy of suspension and probably more, such as actually reporting it to the police. ",0.75,1,Suspend,5.0,5.303
709e0d0c-1354-43ff-a628-ef4a2981b0c8,crowd,c5d1c3,3,51243,"Many offensive messages, specially messages one and three. message two seemed normal but the majority of the messages were very rude",0.5,3,Suspend,3.94,4.037
709e0d0c-1354-43ff-a628-ef4a2981b0c8,crowd,c5d1c3,4,51243,I was really not sure of this. Message three made me think of suspending them but all the other messages seemed relatively normal so I wasn't sure.,0.25,7,Do not suspend,1.55,4.334
709e0d0c-1354-43ff-a628-ef4a2981b0c8,crowd,c5d1c3,5,51243,"they didn't seem to have any messages that were worthy of suspension, nothing threatening or offensive.",0.0,4,Do not suspend,4.9,4.257
782fbcf9-8a0c-449e-aa3c-b0107a40661f,control,09b4d5,1,32541,All of the messages I viewed were offensive in nature so I did not hesitate to suspend the user.,1.0,3,Suspend,5.0,3.562
782fbcf9-8a0c-449e-aa3c-b0107a40661f,control,09b4d5,2,32541,Most of the users posts that I saw were offensive and calling other users slurs. That kind of behavior should not be tolerated on a social media platform,0.75,5,Suspend,4.51,3.872
782fbcf9-8a0c-449e-aa3c-b0107a40661f,control,09b4d5,3,32541,There was a mix of offensive and not offensive messages but the offensive ones were worthy of suspension. Sending slurs to other users should not be tolerated,0.5,7,Suspend,3.84,5.178
782fbcf9-8a0c-449e-aa3c-b0107a40661f,control,09b4d5,4,32541,"While most of the user's posts are inoffensive, telling another user they will kill them should not be tolerated at all. That is why I wrote to have them suspended",0.25,7,Suspend,4.36,6.923
782fbcf9-8a0c-449e-aa3c-b0107a40661f,control,09b4d5,5,32541,This user was inoffensive and I do not see how they would be up for an account suspension,0.0,5,Do not suspend,5.0,3.546
a4225b3b-aa17-483f-92ea-86b713502084,control,32860f,1,54123,Name calling and hate speech,1.0,3,Suspend,5.0,5.994
a4225b3b-aa17-483f-92ea-86b713502084,control,32860f,2,54123,Threatens violence,0.75,4,Suspend,5.0,4.75
a4225b3b-aa17-483f-92ea-86b713502084,control,32860f,3,54123,Name calling and hate speech,0.5,5,Suspend,5.0,4.451
a4225b3b-aa17-483f-92ea-86b713502084,control,32860f,4,54123,He is giving an opinion and that isn't offensive to anyone.,0.25,5,Do not suspend,5.0,5.897
a4225b3b-aa17-483f-92ea-86b713502084,control,32860f,5,54123,Very positive message.,0.0,3,Do not suspend,4.99,6.575
4ce9fdca-f773-40a4-adce-db2117795fa0,ai,0a1ed8,1,35124,bullying and hate speach,1.0,2,Suspend,4.92,4.013
4ce9fdca-f773-40a4-adce-db2117795fa0,ai,0a1ed8,2,35124,threat of violence and use of slurs and bullying,0.75,2,Suspend,4.91,3.604
4ce9fdca-f773-40a4-adce-db2117795fa0,ai,0a1ed8,3,35124,use of slurs and bullying,0.5,3,Suspend,4.78,4.018
4ce9fdca-f773-40a4-adce-db2117795fa0,ai,0a1ed8,4,35124,suggesting someone comit suicide is never acceptable,0.25,3,Suspend,4.91,3.381
4ce9fdca-f773-40a4-adce-db2117795fa0,ai,0a1ed8,5,35124,after 5 messages they all seemed not offensive,0.0,5,Do not suspend,4.64,3.932
94d90d90-65c3-49e7-a62d-e1b7738e20c8,control,43fa8a,1,53124,the first 3 messages were offensive and i didnt think i needed to see anymore messages from this person,1.0,3,Suspend,5.0,10.168
94d90d90-65c3-49e7-a62d-e1b7738e20c8,control,43fa8a,2,53124,3 out of 4 messages were offensive,0.75,4,Suspend,5.0,15.98
94d90d90-65c3-49e7-a62d-e1b7738e20c8,control,43fa8a,3,53124,within the first 5 messages the majority of them were offensive,0.5,5,Suspend,4.0,11.551
94d90d90-65c3-49e7-a62d-e1b7738e20c8,control,43fa8a,4,53124,at first the messages were fine but the 3rd message was offensive and i was just basing my decisions on the first 5 messages but decided to check a few more and found one more offensive message and figured that was worth suspending the account,0.25,7,Suspend,4.0,29.607
94d90d90-65c3-49e7-a62d-e1b7738e20c8,control,43fa8a,5,53124,cause there wasnt anything within the first 5 messages that i thought was offensive,0.0,5,Do not suspend,4.0,13.452
aa5cb870-033b-4d17-adf8-30945b301a09,crowd,8aeb91,1,53214,"Account 4 was suspended due to consistent use of highly offensive language, including derogatory slurs, threats, and abusive comments. The repeated and severe nature of the offensive content violates community guidelines.",1.0,5,Suspend,5.0,8.09
aa5cb870-033b-4d17-adf8-30945b301a09,crowd,8aeb91,2,53214,"Account 3 was suspended due to multiple offensive messages, including violent threats and derogatory language. The severity of these violations clearly breaches community guidelines and necessitates suspension to maintain a safe environment.



",0.75,3,Suspend,4.98,4.288
aa5cb870-033b-4d17-adf8-30945b301a09,crowd,8aeb91,3,53214,"Account 2 was suspended due to multiple offensive messages, including hate speech, derogatory language, and personal attacks. The repeated violations of community guidelines and the severity of the content justify this decision to ensure a respectful",0.5,5,Suspend,4.81,8.864
aa5cb870-033b-4d17-adf8-30945b301a09,crowd,8aeb91,4,53214,Account 5 was not suspended due to the majority of its content being non-offensive and supportive. Despite one message containing a violent threat.,0.25,4,Do not suspend,4.99,5.29
aa5cb870-033b-4d17-adf8-30945b301a09,crowd,8aeb91,5,53214,"The reviewed message from Account 1 is positive and expresses gratitude without any offensive content. Since it aligns with constructive social interaction and does not violate content guidelines, there is no reason to suspend the account.",0.0,1,Do not suspend,4.99,10.106
e1155a7e-7ace-4083-adcf-27d2ae8bdd4c,control,7caa1a,1,52134,this person is using derogatory and demeaning phrases which is never okay. any sort of death threats should not be taking lightly no matter what's the case.,1.0,8,Suspend,5.0,7.07
e1155a7e-7ace-4083-adcf-27d2ae8bdd4c,control,7caa1a,2,52134,the use of death threats no matter what the case is NOT okay in any circumstance. these made me sick to my stomach just reading them and not knowing if this person is actually capable of doing them.,0.75,12,Suspend,4.03,6.672
e1155a7e-7ace-4083-adcf-27d2ae8bdd4c,control,7caa1a,3,52134,clear racism and family death threats and name calling. all things that should be considered being banned from any social media platforms and looked into for therapy.,0.5,13,Suspend,3.62,5.971
e1155a7e-7ace-4083-adcf-27d2ae8bdd4c,control,7caa1a,4,52134,possibly just ssome angry texts but wasnt literal. still not to be taken lightly but can also just be nothing...,0.25,14,Do not suspend,4.21,6.324
e1155a7e-7ace-4083-adcf-27d2ae8bdd4c,control,7caa1a,5,52134,He/she are just projecting their own views and not bashing or using vulgar language in the process or threatening anyone.,0.0,5,Do not suspend,4.84,10.599
085d298b-177c-4887-9819-8f10cad90ff4,control,1ef99f,1,53214,This is very offensive and should not be said to anyone.,1.0,1,Suspend,4.94,4.918
085d298b-177c-4887-9819-8f10cad90ff4,control,1ef99f,2,53214,This is a threat and should be taken seriously. I would probably call the police. People need to learn they cannot talk like this.,0.75,1,Suspend,4.98,4.044
085d298b-177c-4887-9819-8f10cad90ff4,control,1ef99f,3,53214,This is extremely offensive even if it doesn't concern you or your loved ones. It is pure hatred and should not be tolerated.,0.5,1,Suspend,4.98,3.715
085d298b-177c-4887-9819-8f10cad90ff4,control,1ef99f,4,53214,It took a few tweets to see how this person behaved. I stand my my suspension as they threaten on the last message.,0.25,3,Suspend,4.57,3.728
085d298b-177c-4887-9819-8f10cad90ff4,control,1ef99f,5,53214,There was nothing offensive about this message.,0.0,1,Do not suspend,5.0,4.626
f6855f0d-9705-4cd9-a67c-ee8cd8d73460,ai,6bd71b,1,34125,account 3 used foul words but it seems like he was being bothered,1.0,6,Do not suspend,3.39,4.347
f6855f0d-9705-4cd9-a67c-ee8cd8d73460,ai,6bd71b,2,34125,i suspended his account because he was giving death threats,0.75,1,Suspend,4.22,4.771
f6855f0d-9705-4cd9-a67c-ee8cd8d73460,ai,6bd71b,3,34125,Account 1 continually used foul words,0.5,5,Suspend,4.07,10.26
f6855f0d-9705-4cd9-a67c-ee8cd8d73460,ai,6bd71b,4,34125,account 2 also continually used foul words,0.25,7,Suspend,3.93,7.185
f6855f0d-9705-4cd9-a67c-ee8cd8d73460,ai,6bd71b,5,34125,he/she seems like a nice person and didn't say anything disturbing,0.0,7,Do not suspend,4.44,4.668
fe9e984d-79b5-46f6-bea2-3b18b9993370,control,d9f9f4,1,45231,They wished cancer on someone and said hate speech as well.,1.0,3,Suspend,5.0,3.374
fe9e984d-79b5-46f6-bea2-3b18b9993370,control,d9f9f4,2,45231,They said hate speech and threatened to kill someone.,0.75,2,Suspend,5.0,2.678
fe9e984d-79b5-46f6-bea2-3b18b9993370,control,d9f9f4,3,45231,They said hate speech and slurs.,0.5,4,Suspend,4.03,5.32
fe9e984d-79b5-46f6-bea2-3b18b9993370,control,d9f9f4,4,45231,They said offensive things at least two times and threatened to kill someone.,0.25,3,Suspend,5.0,3.992
fe9e984d-79b5-46f6-bea2-3b18b9993370,control,d9f9f4,5,45231,I looked at four different messages and nothing was offensive to me.,0.0,4,Do not suspend,5.0,4.257
44c5e862-bfc8-45a3-921f-1ca8b6805aab,control,0964f8,1,43125,All reviewed messages were too harsh,1.0,3,Suspend,5.0,4.304
44c5e862-bfc8-45a3-921f-1ca8b6805aab,control,0964f8,2,43125,Messages were too dangerous,0.75,5,Suspend,4.96,3.147
44c5e862-bfc8-45a3-921f-1ca8b6805aab,control,0964f8,3,43125,Contained several highly-rated harmful messages,0.5,9,Suspend,3.88,3.938
44c5e862-bfc8-45a3-921f-1ca8b6805aab,control,0964f8,4,43125,Contained several harmful messages,0.25,11,Suspend,3.03,12.614
44c5e862-bfc8-45a3-921f-1ca8b6805aab,control,0964f8,5,43125,All reviewed messages were friendly,0.0,4,Do not suspend,4.98,3.385
88879a30-8734-4993-8d03-16a361feecef,ai,249679,1,34521,"This person uses inappropriate language and is speaking in a hateful, threatening manner. Their account should be suspended.",1.0,2,Suspend,5.0,4.843
88879a30-8734-4993-8d03-16a361feecef,ai,249679,2,34521,This person is threatening violence towards another person and using inappropriate language and cuss words. Two of the three messages I viewed contain hateful content and this person's account should definitely be suspended.,0.75,4,Suspend,5.0,4.547
88879a30-8734-4993-8d03-16a361feecef,ai,249679,3,34521,"This person used offensive language, faggot and fag. It's obviously inappropriate.",0.5,1,Suspend,5.0,8.823
88879a30-8734-4993-8d03-16a361feecef,ai,249679,4,34521,"There's nothing in these posts that people would find offensive. Whoever this person blocked for having tweets without evidence might be upset that they were blocked, but that's not a reason to suspend an account.",0.25,2,Do not suspend,5.0,7.874
88879a30-8734-4993-8d03-16a361feecef,ai,249679,5,34521,"There's nothing but positive content in these posts, and there's no reason to suspend this person's account.",0.0,2,Do not suspend,5.0,5.903
d00d109f-0e94-4f8a-90d8-42ef0a3a705d,ai,e124c5,1,54231,Very terrible tweet,1.0,1,Suspend,3.63,6.973
d00d109f-0e94-4f8a-90d8-42ef0a3a705d,ai,e124c5,2,54231,Was a threat,0.75,1,Suspend,5.0,5.531
d00d109f-0e94-4f8a-90d8-42ef0a3a705d,ai,e124c5,3,54231,It was not all that harsh,0.5,1,Do not suspend,3.25,7.729
d00d109f-0e94-4f8a-90d8-42ef0a3a705d,ai,e124c5,4,54231,Was not to that extend to be suspended,0.25,1,Do not suspend,4.41,8.281
d00d109f-0e94-4f8a-90d8-42ef0a3a705d,ai,e124c5,5,54231,Every one deserves a second channce,0.0,1,Do not suspend,4.76,7.545
a37571ff-8f28-4459-935f-08b72087e111,ai,3b6045,1,43152,I felt I only needed to review one message here to determine that this account should be suspended they are using derogatory language and they don't know how to spell either,1.0,1,Suspend,5.0,4.771
a37571ff-8f28-4459-935f-08b72087e111,ai,3b6045,2,43152,Person used physically threatening language it was automatic suspension for me,0.75,1,Suspend,5.0,4.769
a37571ff-8f28-4459-935f-08b72087e111,ai,3b6045,3,43152,This person message was very offensive and I needed to go no further than reviewing three of the messages which proved my point.  The last message was extremely offensive,0.5,3,Suspend,5.0,7.495
a37571ff-8f28-4459-935f-08b72087e111,ai,3b6045,4,43152,I did not detect anything offensive although I only rolled through two messages it seemed the person was coming from a good place,0.25,2,Do not suspend,4.03,8.789
a37571ff-8f28-4459-935f-08b72087e111,ai,3b6045,5,43152,I didn't find anything offensive in the message that I scrolled through so I am deciding to not suspend the account,0.0,3,Do not suspend,5.0,4.329
8c0b7da8-5419-4daa-98ff-7194fce17c0d,control,a1ebd4,1,12543,disgusting and bulling behavior,1.0,3,Suspend,5.0,4.293
8c0b7da8-5419-4daa-98ff-7194fce17c0d,control,a1ebd4,2,12543,threatening and intimidating behavior,0.75,5,Suspend,5.0,5.105
8c0b7da8-5419-4daa-98ff-7194fce17c0d,control,a1ebd4,3,12543,bullying and disrespecting others,0.5,9,Suspend,5.0,3.897
8c0b7da8-5419-4daa-98ff-7194fce17c0d,control,a1ebd4,4,12543,threatened at least two people with death,0.25,7,Suspend,5.0,4.523
8c0b7da8-5419-4daa-98ff-7194fce17c0d,control,a1ebd4,5,12543,they showed no bad behaviors,0.0,4,Do not suspend,5.0,4.371
fefb2330-548d-44b7-a374-a6957a756dc0,crowd,0b6e1e,1,15423,The type of comment this person was posting was really offensive and has to be taken off the platform.,1.0,4,Suspend,4.97,6.764
fefb2330-548d-44b7-a374-a6957a756dc0,crowd,0b6e1e,2,15423,This person was brutally offensive and had to be taken off the platform as soon as possible.,0.75,8,Suspend,5.0,4.431
fefb2330-548d-44b7-a374-a6957a756dc0,crowd,0b6e1e,3,15423,There were times he seemed to be nice when commenting or posting but that doe not justify the times that he was being offensive and has to be taken off,0.5,9,Suspend,4.94,4.937
fefb2330-548d-44b7-a374-a6957a756dc0,crowd,0b6e1e,4,15423,"Even though there were times he was not offensive, that doesn't mean that he should not be suspended",0.25,15,Suspend,3.98,5.574
fefb2330-548d-44b7-a374-a6957a756dc0,crowd,0b6e1e,5,15423,"Almost all the comment were nice and cool, that's why I chose not to suspended this account.",0.0,8,Do not suspend,4.95,5.259
c24f2390-4cb5-45d7-85ee-2263bbf61e7c,control,73b2ff,1,13254,This messages that were presented were all extremely offensive and full of hate. Bigotry and telling someone that they wished they and their dog would die should not be allowed.,1.0,3,Suspend,5.0,7.404
c24f2390-4cb5-45d7-85ee-2263bbf61e7c,control,73b2ff,2,13254,"There were death threats, bigotry and direct offensive messages towards the admins.",0.75,6,Suspend,5.0,6.843
c24f2390-4cb5-45d7-85ee-2263bbf61e7c,control,73b2ff,3,13254,"While there was some non offensive messages that were posted, over half of the messages were deliberately offensive and racist. ",0.5,9,Suspend,4.0,6.899
c24f2390-4cb5-45d7-85ee-2263bbf61e7c,control,73b2ff,4,13254,"While there were a good number of non offensive messages, there were 3 that can be considered death threats. That alone is enough to have an account suspended. ",0.25,11,Suspend,2.0,35.197
c24f2390-4cb5-45d7-85ee-2263bbf61e7c,control,73b2ff,5,13254,None of the messages that were presented were offensive in any manner.,0.0,5,Do not suspend,5.0,7.015
64706c0b-1c60-483f-994b-a6f8c2f511f7,control,925597,1,14352,The messages were highly offensive in nature. Praying and hoping for somebody's death from cancer is over the line in my estimation,1.0,2,Suspend,4.02,14.295
64706c0b-1c60-483f-994b-a6f8c2f511f7,control,925597,2,14352,Threats of violence go way over the line and two messages in a row were threats. This was another no brainer in my estimation,0.75,2,Suspend,5.0,9.652
64706c0b-1c60-483f-994b-a6f8c2f511f7,control,925597,3,14352,Out of three messages two of them were very offensive and that showed a propensity to use that kind of language online.,0.5,3,Suspend,3.54,14.794
64706c0b-1c60-483f-994b-a6f8c2f511f7,control,925597,4,14352,None of these were offensive except for one and I looked at 5 pages so I feel like the one offensive one was a one off and not a consistent pattern,0.25,5,Do not suspend,3.05,16.567
64706c0b-1c60-483f-994b-a6f8c2f511f7,control,925597,5,14352,There was nothing offensive in the messages at all so for me it was pretty much a no brainer not to suspend this one,0.0,2,Do not suspend,4.84,10.829
080dfc47-4146-4285-9449-05ee749c3449,control,6fb7c6,1,12354,"The words that were used are demeaning , disrespectful, inconsiderate and very callous. People are important so you do not have to use such words on them. If you do not have anything to say, the do not say at all. Why say bad words such as stupid/die",1.0,2,Suspend,4.33,4.538
080dfc47-4146-4285-9449-05ee749c3449,control,6fb7c6,2,12354,"It is very awful to say bad words, if you do not have any good thing to say then do not talk at all. Such words makes people depressed, words are very powerful so it's important to say good words and avoid bad words such as fucking retard, vandalism.",0.75,2,Suspend,4.28,3.749
080dfc47-4146-4285-9449-05ee749c3449,control,6fb7c6,3,12354,"My votes were based on the messages that I read, they were messages of sending caution and warning. Messages like online harassment that people face at some point, regardless of their views on ethics in games and journalism, not making people to be o",0.5,4,Do not suspend,4.03,10.252
080dfc47-4146-4285-9449-05ee749c3449,control,6fb7c6,4,12354,"They were not offensive, the two messages talks about excitement and messages that are not appropriate in society, and such a message has been blocked. That's why I did not suspend it. It was a message that carried good words and not bad words at all",0.25,2,Do not suspend,4.39,5.173
080dfc47-4146-4285-9449-05ee749c3449,control,6fb7c6,5,12354,"Justification of my votes based here were because most of the messages were not offensive, they were words that encourages and do not bring people down, it elevates your spirit, motivation you to be the very best version of yourself. They are good to",0.0,4,Do not suspend,4.21,4.734
74c2860f-3890-49ed-b664-ddd539d694f1,ai,211461,1,12435,hate speech,1.0,1,Suspend,5.0,5.067
74c2860f-3890-49ed-b664-ddd539d694f1,ai,211461,2,12435,actionable threat,0.75,1,Suspend,5.0,4.201
74c2860f-3890-49ed-b664-ddd539d694f1,ai,211461,3,12435,hate speech,0.5,1,Suspend,5.0,3.474
74c2860f-3890-49ed-b664-ddd539d694f1,ai,211461,4,12435,"actionable threat, hate speech",0.25,3,Suspend,5.0,5.557
74c2860f-3890-49ed-b664-ddd539d694f1,ai,211461,5,12435,"not sure anything actionable wouldn't have shown up, but i'm not being paid enough to check more than 10 tweets.",0.0,10,Do not suspend,3.03,4.904
842a4faf-29b2-430f-bdb5-cc6e156237d1,crowd,9ae537,1,21453,"Being mean, rude and saying slur words to the individual that is offensive.",1.0,3,Suspend,5.0,5.87
842a4faf-29b2-430f-bdb5-cc6e156237d1,crowd,9ae537,2,21453,Making threats and saying slur words to the person.,0.75,2,Suspend,5.0,9.395
842a4faf-29b2-430f-bdb5-cc6e156237d1,crowd,9ae537,3,21453,This individual was saying mean and rude offensive things. I felt it was best to suspend this account.,0.5,5,Suspend,5.0,6.324
842a4faf-29b2-430f-bdb5-cc6e156237d1,crowd,9ae537,4,21453,"Out of the 7 messages, there was 2 messages that were very offensive. Which made me feel that it was best to suspend this account",0.25,7,Suspend,4.54,10.533
842a4faf-29b2-430f-bdb5-cc6e156237d1,crowd,9ae537,5,21453,I didn't see any offensive activity on this account. There was no need to suspend.,0.0,7,Do not suspend,5.0,7.973
379b28e6-78ad-4764-8a7c-0c8fe6d29cfe,crowd,0f2169,1,41532,They are offensive and homophobic and made death threats.,1.0,5,Suspend,5.0,7.1
379b28e6-78ad-4764-8a7c-0c8fe6d29cfe,crowd,0f2169,2,41532,"They are insulting, homophobic, and made multiple death threats. ",0.75,5,Suspend,5.0,7.364
379b28e6-78ad-4764-8a7c-0c8fe6d29cfe,crowd,0f2169,3,41532,"They are insulting, homophobic, and racist. ",0.5,6,Suspend,5.0,27.205
379b28e6-78ad-4764-8a7c-0c8fe6d29cfe,crowd,0f2169,4,41532,Because they made two death threats and that deserves to be suspended.,0.25,7,Suspend,5.0,9.218
379b28e6-78ad-4764-8a7c-0c8fe6d29cfe,crowd,0f2169,5,41532,They did not say anything offensive or do anything that could be seen as combative.,0.0,5,Do not suspend,5.0,25.828
87f87d7b-4b52-467a-93ed-face4ab8ccb4,ai,863384,1,32514,Homophobia and general nastiness and harassing language.,1.0,2,Suspend,5.0,3.34
87f87d7b-4b52-467a-93ed-face4ab8ccb4,ai,863384,2,32514,"Death threats should mean account termination, not just suspension.",0.75,1,Suspend,5.0,11.795
87f87d7b-4b52-467a-93ed-face4ab8ccb4,ai,863384,3,32514,"The first message was suspension-worthy in my opinion.  I just wanted to see if the next message followed in the same vein.  I don't know the policies for this presumed platform, so I have to go by what I think is no good.  Homophobia is a no-go.",0.5,2,Suspend,5.0,5.749
87f87d7b-4b52-467a-93ed-face4ab8ccb4,ai,863384,4,32514,"Death threats.  I should have had a confidence of 5, I don't know why I selected 4.04.",0.25,6,Suspend,4.04,4.049
87f87d7b-4b52-467a-93ed-face4ab8ccb4,ai,863384,5,32514,"They said nothing offensive initially, and I saw nothing offensive in the next few messages.  Now i'm just looking for problems that weren't even presented to me.",0.0,4,Do not suspend,5.0,5.297
563c29ae-5957-43e7-8456-64668a5f47c8,crowd,c4c32d,1,54132,Threats and slurs in 2 messages. Good enough for me.,1.0,2,Suspend,5.0,3.633
563c29ae-5957-43e7-8456-64668a5f47c8,crowd,c4c32d,2,54132,I should have just clicked suspend after the first message. But violence in message 1 plus slurs in message 2 is more than enough for me.,0.75,2,Suspend,5.0,11.639
563c29ae-5957-43e7-8456-64668a5f47c8,crowd,c4c32d,3,54132,"Double slur on the very first message, easy call for suspension. No need to see more.",0.5,1,Suspend,5.0,3.629
563c29ae-5957-43e7-8456-64668a5f47c8,crowd,c4c32d,4,54132,"Well they lashed out with violent threats in message 3 but the other messages were fine. Which is why I voted on suspend with low confidence. Maybe something was wrong with them, maybe they were hacked",0.25,4,Suspend,2.1,5.253
563c29ae-5957-43e7-8456-64668a5f47c8,crowd,c4c32d,5,54132,There was nothing offensive about these two posts. No need to see more. Do not suspend,0.0,2,Do not suspend,5.0,5.663
1e729b97-110b-416a-9398-8f7e0a984dcc,crowd,f84512,1,52143,"Slurs and hate speech are present in the messages, along with threats of violence. ",1.0,3,Suspend,5.0,2.347
1e729b97-110b-416a-9398-8f7e0a984dcc,crowd,f84512,2,52143,There was a lot of offensive language and slurs used along with threats of violence. This account should not be allowed to continue to post.,0.75,4,Suspend,5.0,2.583
1e729b97-110b-416a-9398-8f7e0a984dcc,crowd,f84512,3,52143,At least half of the messages were hateful or antagonistic and should not be allowed to persist on the platform.,0.5,7,Suspend,4.55,3.433
1e729b97-110b-416a-9398-8f7e0a984dcc,crowd,f84512,4,52143,"While one of the messages did contain threats of violence, 4 other messages were inoffensive. I would not suspend the account, but I would perhaps mark it for review. ",0.25,6,Do not suspend,4.58,5.199
1e729b97-110b-416a-9398-8f7e0a984dcc,crowd,f84512,5,52143,"Nothing here was derogatory, hateful, or offensive. If anything, the messages were positive.  ",0.0,4,Do not suspend,5.0,5.441
d1084a51-d2f4-4864-a54b-2882426d105c,ai,877e5e,1,12534,insulting message included,1.0,1,Suspend,4.93,7.498
d1084a51-d2f4-4864-a54b-2882426d105c,ai,877e5e,2,12534,insult included in message,0.75,2,Suspend,5.0,7.218
d1084a51-d2f4-4864-a54b-2882426d105c,ai,877e5e,3,12534,there was insult in the message,0.5,1,Suspend,5.0,7.609
d1084a51-d2f4-4864-a54b-2882426d105c,ai,877e5e,4,12534,Because it was a strong opinion,0.25,1,Do not suspend,4.0,4.989
d1084a51-d2f4-4864-a54b-2882426d105c,ai,877e5e,5,12534,It was a humble message,0.0,1,Do not suspend,4.93,22.517
e45d1b41-f03f-449c-896a-a633ff95402e,control,8d9c72,1,34512,This was an incredibly easy decision to make since every message posted by the user contained extremely hurtful phrases. They discriminated against someone's sexual preference and also wished death upon other users.,1.0,4,Suspend,5.0,2.902
e45d1b41-f03f-449c-896a-a633ff95402e,control,8d9c72,2,34512,"I decided to suspend Account 5 because even though there was a non-offensive message on the account, the majority of the messages on the account were extremely offensive. These messages included discrimination and various threats.",0.75,6,Suspend,5.0,4.118
e45d1b41-f03f-449c-896a-a633ff95402e,control,8d9c72,3,34512,"Well, I decided to suspend Account 1 due to the fact that every other message had threatening or offensive language within them. I put a confidence level of 4 because there were other non-offensive messages.",0.5,9,Suspend,4.0,7.013
e45d1b41-f03f-449c-896a-a633ff95402e,control,8d9c72,4,34512,I chose to suspend Account 2 because they were actively threatening to kill or harm someone in a couple of their messages. Some messages provided actually spoke about finding a person and killing them.,0.25,15,Suspend,4.01,6.469
e45d1b41-f03f-449c-896a-a633ff95402e,control,8d9c72,5,34512,I decided to not suspend Account 3 because every message that I had read didn't contain a single offensive term or phrase.,0.0,7,Do not suspend,5.0,4.005
09c06849-8a14-49a1-8aa3-419622d107d7,ai,369990,1,54231,This is vulgar and offensive language that is why i chose to suspend this account.,1.0,1,Suspend,5.0,2.51
09c06849-8a14-49a1-8aa3-419622d107d7,ai,369990,2,54231,"This is awful to say to anyone. I can't believe someone would say this, that is why I chose for it to be suspended. ",0.75,1,Suspend,5.0,4.065
09c06849-8a14-49a1-8aa3-419622d107d7,ai,369990,3,54231,"This is very offensive language to say to somebody, that is why I chose to suspend this account. ",0.5,1,Suspend,5.0,2.929
09c06849-8a14-49a1-8aa3-419622d107d7,ai,369990,4,54231,"I do not see this message as offensive, they are just stating that these tweets are not evidence. I don't see it as offensive. ",0.25,1,Do not suspend,4.98,6.167
09c06849-8a14-49a1-8aa3-419622d107d7,ai,369990,5,54231,This is a wonderful and supportive message. I don't see why anyone would want to suspend this account. It is not offensive.,0.0,2,Do not suspend,4.96,2.896
e7b90660-bf19-40df-bdc3-a382bd0f3ed8,control,bd87dc,1,14523,contains offensive language,1.0,1,Suspend,5.0,13.287
e7b90660-bf19-40df-bdc3-a382bd0f3ed8,control,bd87dc,2,14523,uses very strong language and death threats,0.75,1,Suspend,5.0,6.724
e7b90660-bf19-40df-bdc3-a382bd0f3ed8,control,bd87dc,3,14523,uses insulting language,0.5,2,Suspend,4.72,2.652
e7b90660-bf19-40df-bdc3-a382bd0f3ed8,control,bd87dc,4,14523,There is nothing wrong with that message.,0.25,1,Do not suspend,4.01,8.619
e7b90660-bf19-40df-bdc3-a382bd0f3ed8,control,bd87dc,5,14523,There is nothing wrong with that message.,0.0,1,Do not suspend,4.69,3.003
5da998f3-ab70-4dbb-9b1e-1d1008e85512,control,18974,1,45132,This is mean spirited and contains a slur against one's sexual preference--it's not ok to post and should be suspended.,1.0,1,Suspend,4.01,7.168
5da998f3-ab70-4dbb-9b1e-1d1008e85512,control,18974,2,45132,This contains slurs and inappropriate name-calling AND threats of violence!,0.75,2,Suspend,4.28,9.148
5da998f3-ab70-4dbb-9b1e-1d1008e85512,control,18974,3,45132,This contains slurs against one's sexual preference--it's not ok to post and should be suspended.,0.5,1,Suspend,3.78,8.666
5da998f3-ab70-4dbb-9b1e-1d1008e85512,control,18974,4,45132,"The first two messages were fine, but the third included a threat of violence, which is not ok.",0.25,3,Suspend,4.62,8.95
5da998f3-ab70-4dbb-9b1e-1d1008e85512,control,18974,5,45132,"Most of these messages are mundane, and mostly about the person posting. The ones that aren't are fairly vague and harmless.",0.0,7,Do not suspend,3.96,7.363
ba646d52-ad4b-4cf1-987a-1222ece58081,control,f38302,1,53124,They were very offensive and down right mean-spirited. They don't deserve to have an account if the speak like that to someone.,1.0,3,Suspend,5.0,4.702
ba646d52-ad4b-4cf1-987a-1222ece58081,control,f38302,2,53124,Not only was that offensive but it was life-threatening and should not be able to have an account.,0.75,4,Suspend,5.0,8.031
ba646d52-ad4b-4cf1-987a-1222ece58081,control,f38302,3,53124,They were extremely offensive and did not seem to feel bad for being so.,0.5,3,Suspend,5.0,8.214
ba646d52-ad4b-4cf1-987a-1222ece58081,control,f38302,4,53124,"Even though most of the messages were nice, there were two that were offensive and life-threatening. If they can't be nice all of the time, they shouldn't have an account.",0.25,7,Suspend,4.5,6.703
ba646d52-ad4b-4cf1-987a-1222ece58081,control,f38302,5,53124,"In all the messages that I read by Account 1, nothing they said was offensive and they seemed to be a nice person.",0.0,4,Do not suspend,5.0,7.643
d09c6cc3-af3c-41a7-8229-c278723445b0,control,195b5d,1,43125,Wishing death upon people is offensive.,1.0,1,Suspend,5.0,3.462
d09c6cc3-af3c-41a7-8229-c278723445b0,control,195b5d,2,43125,This person threatened someone.  Very offensive,0.75,1,Suspend,5.0,4.87
d09c6cc3-af3c-41a7-8229-c278723445b0,control,195b5d,3,43125,The first and third message were very mean had lots of offensive name calling.,0.5,3,Suspend,4.56,4.573
d09c6cc3-af3c-41a7-8229-c278723445b0,control,195b5d,4,43125,There was nothing offensive or threatening about these posts.,0.25,2,Do not suspend,5.0,6.172
d09c6cc3-af3c-41a7-8229-c278723445b0,control,195b5d,5,43125,These messages were overall positive,0.0,3,Do not suspend,5.0,4.022
2db60c1d-59e3-4a2d-96e2-2d364f090249,crowd,69e18c,1,51432,"PLAIN AND SIMPLE OFFENSIVE, AND ADDITIONALLY YOU ARE LUCKY i DO NOT RETURN THIS NOW ON PRINCIPLE ALONE AS IT IS YOUR 2ND OMISSION NOT CITED AS BEING REQUIRED IN PROLIFIC TASK PREVIEW MATERIAL SHOWN ON PROLIFIC BEFORE WORKERS CLICK START",1.0,1,Suspend,4.96,7.471
2db60c1d-59e3-4a2d-96e2-2d364f090249,crowd,69e18c,2,51432,"PLAIN AND SIMPLE OFFENSIVE, COMMON SENSE AND ADDITIONALLY YOU ARE LUCKY i DO NOT RETURN THIS NOW ON PRINCIPLE ALONE AS IT IS YOUR 2ND OMISSION NOT CITED AS BEING REQUIRED IN PROLIFIC TASK PREVIEW MATERIAL SHOWN ON PROLIFIC BEFORE WORKERS CLICK START",0.75,1,Suspend,5.0,5.637
2db60c1d-59e3-4a2d-96e2-2d364f090249,crowd,69e18c,3,51432,"PLAIN AND SIMPLE OFFENSIVE, AND ADDITIONALLY YOU ARE LUCKY i DO NOT RETURN THIS NOW ON PRINCIPLE ALONE AS IT IS YOUR 2ND OMISSION NOT CITED AS BEING REQUIRED IN PROLIFIC TASK PREVIEW MATERIAL SHOWN ON PROLIFIC BEFORE WORKERS CLICK START",0.5,1,Suspend,4.97,4.894
2db60c1d-59e3-4a2d-96e2-2d364f090249,crowd,69e18c,4,51432,"PLAIN AND SIMPLE NOT OFFENSIVE, AND ADDITIONALLY YOU ARE LUCKY i DO NOT RETURN THIS NOW ON PRINCIPLE ALONE AS IT IS YOUR 2ND OMISSION NOT CITED AS BEING REQUIRED IN PROLIFIC TASK PREVIEW MATERIAL SHOWN ON PROLIFIC BEFORE WORKERS CLICK START",0.25,3,Suspend,4.97,5.274
2db60c1d-59e3-4a2d-96e2-2d364f090249,crowd,69e18c,5,51432,"PLAIN AND SIMPLE NOT OFFENSIVE, AND ADDITIONALLY YOU ARE LUCKY i DO NOT RETURN THIS NOW ON PRINCIPLE ALONE AS IT IS YOUR 2ND OMISSION NOT CITED AS BEING REQUIRED IN PROLIFIC TASK PREVIEW MATERIAL SHOWN ON PROLIFIC BEFORE WORKERS CLICK START",0.0,5,Do not suspend,5.0,5.745
524a640d-323a-46ab-8efd-9af2c6c29d5b,crowd,fb5350,1,41253,"Someone wishes someone would die. The word ""fagget"" is derogatory word.",1.0,1,Suspend,5.0,7.787
524a640d-323a-46ab-8efd-9af2c6c29d5b,crowd,fb5350,2,41253,Someone threatens to kill another person.,0.75,1,Suspend,5.0,5.76
524a640d-323a-46ab-8efd-9af2c6c29d5b,crowd,fb5350,3,41253,"This person says the derogatory word ""faggot"" multiple times. ",0.5,1,Suspend,5.0,7.704
524a640d-323a-46ab-8efd-9af2c6c29d5b,crowd,fb5350,4,41253,"Message three threatened to murder someone. And ""retard"" is a derogatory word.",0.25,3,Suspend,5.0,7.076
524a640d-323a-46ab-8efd-9af2c6c29d5b,crowd,fb5350,5,41253,This person has not said anything that is threatening or derogatory. When that happens then they get suspended.,0.0,4,Do not suspend,2.99,7.922
104190a0-7c07-43df-8917-bc03a45a7148,control,de55bf,1,32145,"Out of the 3 messages I saw, this person never said anything positive. Only attacking people and saying someone's dog deserved to die. This person should be suspended without question. ",1.0,3,Suspend,5.0,3.001
104190a0-7c07-43df-8917-bc03a45a7148,control,de55bf,2,32145,"Death threats and wishing for death, as well as using derogatory terms meant to hurt people shouldn't be tolerated. Death threats alone should get people suspended. ",0.75,4,Suspend,4.17,3.955
104190a0-7c07-43df-8917-bc03a45a7148,control,de55bf,3,32145,"Using derogatory terms in an offensive and hurtful manner should not be tolerated. Also, calling someone's daughter a derogatory term and their wife a pig shouldn't stand. This person just wanted to hurt people. ",0.5,3,Suspend,5.0,5.678
104190a0-7c07-43df-8917-bc03a45a7148,control,de55bf,4,32145,Threatening to kill someone with a gun is at minimum a suspension.,0.25,3,Suspend,5.0,3.539
104190a0-7c07-43df-8917-bc03a45a7148,control,de55bf,5,32145,"Person didn't say anything offensive and didn't attack anyone. Going through 4 messages, they all seemed very innocent. ",0.0,4,Do not suspend,5.0,3.459
c3ef6da6-167c-4a76-b4fa-836d66e121d4,ai,48a6d5,1,52143,"Immediately was using vulgar and derogatory language towards another person, not following the terms of service",1.0,1,Suspend,5.0,3.823
c3ef6da6-167c-4a76-b4fa-836d66e121d4,ai,48a6d5,2,52143,This one immediately was vulgar and was using derogatory language towards people and being harmful so he was suspended for not complying with the terms of service,0.75,2,Suspend,5.0,2.862
c3ef6da6-167c-4a76-b4fa-836d66e121d4,ai,48a6d5,3,52143,This one was using harmful words towards another user which is against the Terms of Service,0.5,1,Suspend,5.0,2.388
c3ef6da6-167c-4a76-b4fa-836d66e121d4,ai,48a6d5,4,52143,The 1st couple of messages were fine until i looked at the 3rd one where they were completely unhinged and threatening to kill others,0.25,3,Suspend,5.0,2.131
c3ef6da6-167c-4a76-b4fa-836d66e121d4,ai,48a6d5,5,52143,Nothing here was discriminating or vulgar so i didnt suspend the account because they were following Terms of Service,0.0,2,Do not suspend,5.0,3.493
6345c27e-67b9-40fa-984f-23f888d18b3a,crowd,bbb741,1,45123,Many messaged with terrible hateful language and slurs.,1.0,6,Suspend,5.0,3.518
6345c27e-67b9-40fa-984f-23f888d18b3a,crowd,bbb741,2,45123,"Direct threats towards others, along with a lot of hateful language and slurs.",0.75,4,Suspend,5.0,2.807
6345c27e-67b9-40fa-984f-23f888d18b3a,crowd,bbb741,3,45123,"Using the r and f slur to talk about other people, calling a group of people terrorists based on ethnicity.",0.5,5,Suspend,5.0,2.774
6345c27e-67b9-40fa-984f-23f888d18b3a,crowd,bbb741,4,45123,Message 3 was a direct threat to another person on top of offensive language.,0.25,3,Suspend,5.0,5.096
6345c27e-67b9-40fa-984f-23f888d18b3a,crowd,bbb741,5,45123,Read through many messages with nothing offensive at all.,0.0,13,Do not suspend,5.0,3.62
d677597c-d652-46bf-9cb2-a6bc6b57c401,ai,1c1154,1,24315,This is very bad suspend,1.0,1,Suspend,5.0,8.141
d677597c-d652-46bf-9cb2-a6bc6b57c401,ai,1c1154,2,24315,I was wrong on this one it should be suspended,0.75,1,Do not suspend,5.0,58.828
d677597c-d652-46bf-9cb2-a6bc6b57c401,ai,1c1154,3,24315,suspend,0.5,1,Do not suspend,3.13,4.556
d677597c-d652-46bf-9cb2-a6bc6b57c401,ai,1c1154,4,24315,This one showed no threats,0.25,2,Do not suspend,3.2,8.988
d677597c-d652-46bf-9cb2-a6bc6b57c401,ai,1c1154,5,24315,Sounds like a good person,0.0,1,Do not suspend,5.0,4.258
9fb262f0-c5b4-4b87-a678-6dda4d838ea2,ai,801dfa,1,31542,"The messages from Account 2 contained offensive language and personal attacks, including derogatory comments about someone's sexuality, intelligence, and personal life. However, they varied in their degree of severity and the context in which they we",1.0,4,Do not suspend,4.0,14.146
9fb262f0-c5b4-4b87-a678-6dda4d838ea2,ai,801dfa,2,31542,"Suspension decisions often require a clear violation of community guidelines or a significant pattern of harmful behavior. Given that the message, while potentially confrontational, does not explicitly violate most community guidelines (e.g., it does",0.75,1,Do not suspend,3.0,8.587
9fb262f0-c5b4-4b87-a678-6dda4d838ea2,ai,801dfa,3,31542,"Contains highly offensive and discriminatory language. The term used is a slur that is harmful and disrespectful. Discusses online harassment in a more neutral and general context, without the use of offensive language.
",0.5,2,Do not suspend,4.0,14.76
9fb262f0-c5b4-4b87-a678-6dda4d838ea2,ai,801dfa,4,31542,"In summary, the decision to not suspend Account 4 was based on the evaluation that the message, though possibly confrontational or dismissive, did not reach the level of severity required for suspension, especially given the lack of additional contex",0.25,1,Do not suspend,2.0,22.306
9fb262f0-c5b4-4b87-a678-6dda4d838ea2,ai,801dfa,5,31542,"The message from Account 3 reads: ""If I wasn't surrounded by such great people, there's no way I'd be able to get this thing off the ground."" This statement is positive and expresses appreciation for support from others. It does not contain offensive",0.0,1,Do not suspend,4.0,7.755
9845df85-7df4-4cd8-a37e-019423611a3f,crowd,bb95e4,1,45321,"Here is the word again that should be removed from our vocabulary. Not only the author called the person a very harsh, demeaning, and offensive name. The author also pray that they will die a painful death. Very crude and uncalled for",1.0,1,Suspend,5.0,6.486
9845df85-7df4-4cd8-a37e-019423611a3f,crowd,bb95e4,2,45321,This is a death threat. It is not a joke and should be taken seriously. Not only this person would want to kill but also mock the person that he/she killed. This should not be allowed. Violence is not the answer and they need to be suspended forever,0.75,1,Suspend,5.0,4.655
9845df85-7df4-4cd8-a37e-019423611a3f,crowd,bb95e4,3,45321,This word is derogatory and should not be uttered or written at any capacity. It implies that the author is homophobic with limited vocabulary. This promotes nothing good and only evoke hate. It fills me with rage just reading this.,0.5,1,Suspend,4.99,6.422
9845df85-7df4-4cd8-a37e-019423611a3f,crowd,bb95e4,4,45321,This does not contain any context that will deem that it is offensive. Evidence for what? Nothing is negative on this message,0.25,10,Do not suspend,4.35,18.897
9845df85-7df4-4cd8-a37e-019423611a3f,crowd,bb95e4,5,45321,This is a very positive message. Tha author is complementing the people in her life that was an influence to them in a positive way. She/He was able to start the venture because of the great people around Him/Her,0.0,1,Do not suspend,5.0,6.094
88600857-d80d-4c7a-a5b9-212efa837b2b,ai,5b2a93,1,24153,"Not only did Account 3 use hate speech against others, but they also wished for the ""painful"" deaths of not only the users that they were harassing, but also their dog too.",1.0,2,Suspend,4.99,6.4
88600857-d80d-4c7a-a5b9-212efa837b2b,ai,5b2a93,2,24153,"On multiple occasions, Account 1 not only threatened other users, but also used hate speech against them as well. This was not just a single isolated incident.",0.75,2,Suspend,5.0,5.537
88600857-d80d-4c7a-a5b9-212efa837b2b,ai,5b2a93,3,24153,"Account 5 repeatedly used hate speech against other users, as well as harassed them and their family.",0.5,3,Suspend,5.0,5.262
88600857-d80d-4c7a-a5b9-212efa837b2b,ai,5b2a93,4,24153,"On at least three separate occasions Account 2 threatened to physically harm, and potentially even murder, other users.",0.25,11,Suspend,3.97,5.055
88600857-d80d-4c7a-a5b9-212efa837b2b,ai,5b2a93,5,24153,"In the five sampled messages I saw from Account 4, there was no offensive content in any of them. I did not feel it necessary to continue to investigate, as their posts did not ring any bells of suspicion.",0.0,5,Do not suspend,4.72,3.211
99b188e5-7a7e-415c-a0a0-fc526b70df99,ai,1437c1,1,15423,Every message was filled with hate speech and language that isn't suitable. Violence was even mentioned.,1.0,3,Suspend,4.75,10.275
99b188e5-7a7e-415c-a0a0-fc526b70df99,ai,1437c1,2,15423,This account continuously used derogatory language and spoke of violence against other individuals. This absolutely crosses the line and is an immediate means for suspension.,0.75,2,Suspend,4.94,4.192
99b188e5-7a7e-415c-a0a0-fc526b70df99,ai,1437c1,3,15423,"This one was a little difficult as free speech is a thing, but the amount of derogatory and vulgar language used in some of the tweets cannot be ignored. It's possible that this account got hacked, but even so suspending it is the best option.",0.5,9,Suspend,3.38,4.827
99b188e5-7a7e-415c-a0a0-fc526b70df99,ai,1437c1,4,15423,This account had messages where they spoke of violence and threatened to kill another individual. That to me is an immediate means for suspension.,0.25,7,Suspend,3.85,5.038
99b188e5-7a7e-415c-a0a0-fc526b70df99,ai,1437c1,5,15423,There is nothing vulgar or inappropriate being said by this account. This account actually seems very well mannered.,0.0,4,Do not suspend,4.79,12.947
208559c2-6d8a-4abe-a680-1ff1d4748c20,crowd,450041,1,13425,It appears that most of his messages are offensive. It seems the account loves to post offensive messages.,1.0,3,Suspend,5.0,4.374
208559c2-6d8a-4abe-a680-1ff1d4748c20,crowd,450041,2,13425,"Most of the account message where offensive , its appears to be a standard behavior of the account.",0.75,4,Suspend,5.0,3.827
208559c2-6d8a-4abe-a680-1ff1d4748c20,crowd,450041,3,13425,"This seems like a typical person who just got a bad day. Most messages are not offensive, i think he got pissed of once a whole. perhaps a warning message before suspending if it repeated.",0.5,5,Do not suspend,2.0,8.003
208559c2-6d8a-4abe-a680-1ff1d4748c20,crowd,450041,4,13425,None of the account messages appeared offensive.,0.25,4,Do not suspend,3.0,6.131
208559c2-6d8a-4abe-a680-1ff1d4748c20,crowd,450041,5,13425,Account messages where not offensive in anyway,0.0,5,Do not suspend,5.0,3.972
4f735381-9724-44b2-9342-ac59dc98703b,crowd,8769ae,1,51342,"I felt like regardless of whether of messages were not offensive, the offensive language and threats were harmful and needed accountability. I feel very confident this account needed to be suspended and stand by that. ",1.0,2,Suspend,5.0,3.803
4f735381-9724-44b2-9342-ac59dc98703b,crowd,8769ae,2,51342,I tried to always read at least two messages. I don't know why I continued to read as the first two alone were offensive enough to justify suspending in my opinion. I'm surprised my confidence wasn't a 5 on this one.,0.75,4,Suspend,4.6,5.322
4f735381-9724-44b2-9342-ac59dc98703b,crowd,8769ae,3,51342,"While some messages were unoffensive, the language and threats in the offensive messages are not accepted and the account needed to suspended. After reading this I would actually increase my confidence level to a 5.",0.5,5,Suspend,4.0,6.049
4f735381-9724-44b2-9342-ac59dc98703b,crowd,8769ae,4,51342,I was really unsure whether to suspend or not with this account. I don't feel confident I made the right decision so I would lower my confidence rereading these messages. It was hard to understand the context.,0.25,8,Do not suspend,2.5,9.285
4f735381-9724-44b2-9342-ac59dc98703b,crowd,8769ae,5,51342,"I read three messages and none were offensive. I felt confident that this account did not need to be suspended. However, I only read 3 and this was the first account. After going through all of them, I would probably decrease my confidence. ",0.0,3,Do not suspend,5.0,6.402
2b8b56f8-c05a-42fb-b4df-0c65b98aaa30,ai,8ad46d,1,54213,Both messages are offensive so it was very simple in my reasoning.,1.0,2,Suspend,5.0,2.189
2b8b56f8-c05a-42fb-b4df-0c65b98aaa30,ai,8ad46d,2,54213,Both messages are extremely offensive and was very easy to suspend them.,0.75,2,Suspend,5.0,2.587
2b8b56f8-c05a-42fb-b4df-0c65b98aaa30,ai,8ad46d,3,54213,2 out of 3 were offensive so it was easy to decide.,0.5,3,Suspend,5.0,1.91
2b8b56f8-c05a-42fb-b4df-0c65b98aaa30,ai,8ad46d,4,54213,"Although most of the messages were not offensive, message 3 should not be allowed and is the reason I suspended the account.",0.25,4,Suspend,3.38,6.349
2b8b56f8-c05a-42fb-b4df-0c65b98aaa30,ai,8ad46d,5,54213,The message from this account is not offensive at all.,0.0,1,Do not suspend,5.0,3.836
7cfda785-98a2-472e-a1e6-6a8ed3097a46,control,26bc4f,1,14325,"They should be suspended based on the 3 messages, all 3 are highly offensive and down right rude and disrespectful.",1.0,3,Suspend,4.99,6.429
7cfda785-98a2-472e-a1e6-6a8ed3097a46,control,26bc4f,2,14325,"Both messages are highly offensive, the first one is threatening a person's life. I would suspend based on that.",0.75,2,Suspend,4.77,3.685
7cfda785-98a2-472e-a1e6-6a8ed3097a46,control,26bc4f,3,14325,"The first message is offensive and highly inappropriate and rude, which is why I chose suspend.",0.5,1,Suspend,4.74,5.091
7cfda785-98a2-472e-a1e6-6a8ed3097a46,control,26bc4f,4,14325,"The first 2 messages do not seem offensive until the 3rd one. The 3rd message is highly offensive and threatening, I would suspend based on that.",0.25,3,Suspend,4.07,4.774
7cfda785-98a2-472e-a1e6-6a8ed3097a46,control,26bc4f,5,14325,"All 3 messages are not offensive at all, do not contain offensive language. I would not suspend based on that.",0.0,3,Do not suspend,4.66,5.196
072b5771-c2f1-44fc-a979-f0bb4a65af83,ai,7e575f,1,42315,I believe using bad words is not accepted in our society. Due to that i chose that option.,1.0,3,Suspend,1.99,4.284
072b5771-c2f1-44fc-a979-f0bb4a65af83,ai,7e575f,2,42315,Insulting people is very offensive as someone has commited suicide before due to insult she received online due to that i believe is not permitable.,0.75,3,Suspend,4.95,5.515
072b5771-c2f1-44fc-a979-f0bb4a65af83,ai,7e575f,3,42315,"Is the same as Account 2, insult is very harmful in our society and it shouldn`t be allowed. ",0.5,3,Suspend,3.99,3.6
072b5771-c2f1-44fc-a979-f0bb4a65af83,ai,7e575f,4,42315,My responds is that the tweets are very offensive for human as it might lead to death and or suicidal.,0.25,3,Suspend,4.96,8.321
072b5771-c2f1-44fc-a979-f0bb4a65af83,ai,7e575f,5,42315,There are no such a harmful words in that tweets only showing concern about what the person believes or think.,0.0,3,Do not suspend,4.95,6.664
84b657d3-173e-4e77-81fc-347f9e66cedc,control,ede29e,1,43521,Used a slur and wished death. Automatic suspension.,1.0,1,Suspend,5.0,3.615
84b657d3-173e-4e77-81fc-347f9e66cedc,control,ede29e,2,43521,They threatened violence and to kill someone. Automatic suspension.,0.75,1,Suspend,5.0,3.815
84b657d3-173e-4e77-81fc-347f9e66cedc,control,ede29e,3,43521,Used a slur. I will suspend any account who uses this. That is all I needed to see from this account. I didn't need to view any other messages.,0.5,1,Suspend,5.0,4.716
84b657d3-173e-4e77-81fc-347f9e66cedc,control,ede29e,4,43521,They threatened death and violence and used a slur. Automatic suspension in my book.,0.25,6,Suspend,4.82,7.163
84b657d3-173e-4e77-81fc-347f9e66cedc,control,ede29e,5,43521,I didn't view any offensive messages for this account to suspend.,0.0,5,Do not suspend,5.0,4.022
ec167a1b-45f9-468d-8710-e649e58705a5,control,a11583,1,45321,Abusive and wishes death to someone,1.0,1,Suspend,4.75,7.676
ec167a1b-45f9-468d-8710-e649e58705a5,control,a11583,2,45321,Violence and threat,0.75,1,Suspend,5.0,3.731
ec167a1b-45f9-468d-8710-e649e58705a5,control,a11583,3,45321,Inciting and abusive - although no imminent threats it was offensive and insighting and voted to suspend.,0.5,5,Suspend,4.5,7.826
ec167a1b-45f9-468d-8710-e649e58705a5,control,a11583,4,45321,Found nothing offensive in the posts,0.25,3,Suspend,5.0,5.693
ec167a1b-45f9-468d-8710-e649e58705a5,control,a11583,5,45321,"Although I did not have the same degree of confidence, I felt with good certainty that there was nothing offensive enough to suspend the account.",0.0,4,Do not suspend,4.01,5.597
026448b8-5620-4d5c-9b2e-863b792e9fbf,control,501ec1,1,43152,language and wish hrm and death to a person is not accepible,1.0,1,Suspend,4.05,7.197
026448b8-5620-4d5c-9b2e-863b792e9fbf,control,501ec1,2,43152,this means to harm a person,0.75,1,Suspend,4.3,5.464
026448b8-5620-4d5c-9b2e-863b792e9fbf,control,501ec1,3,43152,The language and stating what the issue is offensive,0.5,1,Suspend,4.01,8.808
026448b8-5620-4d5c-9b2e-863b792e9fbf,control,501ec1,4,43152,"this is just a statement, not offensive",0.25,1,Do not suspend,3.71,11.021
026448b8-5620-4d5c-9b2e-863b792e9fbf,control,501ec1,5,43152,This was a praise to a group of people,0.0,1,Do not suspend,5.0,5.486
212c5a83-f2dd-4846-9863-ecdc66b28eb7,control,78cf32,1,15432,"Both messages were clearly offensive, therefore I decided to suspend the account. ",1.0,2,Suspend,5.0,8.984
212c5a83-f2dd-4846-9863-ecdc66b28eb7,control,78cf32,2,15432,No reason to look at any other messages. This one was enough to suspend the account.,0.75,1,Suspend,5.0,8.874
212c5a83-f2dd-4846-9863-ecdc66b28eb7,control,78cf32,3,15432,A few of the messages were extremely offensive that I had to suspend this account.,0.5,3,Suspend,5.0,8.308
212c5a83-f2dd-4846-9863-ecdc66b28eb7,control,78cf32,4,15432,"Looking back, I think I should have suspended this account because of the one offensive message. The other ones were not offensive.  ",0.25,6,Do not suspend,4.47,8.157
212c5a83-f2dd-4846-9863-ecdc66b28eb7,control,78cf32,5,15432,"The messages seemed more like heart-warming, emotional ones. I didn't see anything offensive. ",0.0,2,Do not suspend,5.0,8.426
734eabed-0b80-4378-a328-fd016aa2b999,control,746370,1,41352,This user uses offensive hate filled language multiple times. The first two messages indicated future instances of doing just the same - spreading hate.,1.0,2,Suspend,5.0,5.789
734eabed-0b80-4378-a328-fd016aa2b999,control,746370,2,41352,"This account had threats of violence and hate speech in just the first two messages, which I think it sufficient to suspend the account.",0.75,2,Suspend,5.0,4.218
734eabed-0b80-4378-a328-fd016aa2b999,control,746370,3,41352,"While not all messages were offensive, the balance of just the first few gave me an indication that they would continue to use hate speech.",0.5,3,Suspend,5.0,6.223
734eabed-0b80-4378-a328-fd016aa2b999,control,746370,4,41352,"While a few messages were not offensive, the threat to kill someone is enough justification to kick them off the platform.",0.25,5,Suspend,4.09,14.679
734eabed-0b80-4378-a328-fd016aa2b999,control,746370,5,41352,"The messages here were very benign, and showed no signs of offensive behaviors.",0.0,4,Do not suspend,5.0,5.959
01aad1a0-5ec4-4a9b-a571-a2880a1476be,ai,2d2113,1,15432,"Homophobic language, death threats, threats of animal cruelty. ",1.0,2,Suspend,5.0,5.212
01aad1a0-5ec4-4a9b-a571-a2880a1476be,ai,2d2113,2,15432,Death threats.,0.75,1,Suspend,5.0,3.582
01aad1a0-5ec4-4a9b-a571-a2880a1476be,ai,2d2113,3,15432,Homophobic language.,0.5,1,Suspend,5.0,4.105
01aad1a0-5ec4-4a9b-a571-a2880a1476be,ai,2d2113,4,15432,Nothing offensive. The user is just expressing positive emotions. The first message wasn't offensive-- they are setting boundaries.,0.25,2,Do not suspend,5.0,8.859
01aad1a0-5ec4-4a9b-a571-a2880a1476be,ai,2d2113,5,15432,There is nothing offensive here. Positive language about feelings and experiences.,0.0,2,Do not suspend,5.0,3.589
66cbbbc9-3a65-4a6b-920e-f98a52b29a72,control,3be8ed,1,15342,The account used multiple slurs and told someone to die. This is offensive.,1.0,5,Suspend,3.51,15.903
66cbbbc9-3a65-4a6b-920e-f98a52b29a72,control,3be8ed,2,15342,"There were multiple threats and multiple slurs, but very little actual conversation. This wouldn't contribute much to the platform and was very offensive, so the account appeared to deserve suspension.",0.75,6,Suspend,2.77,4.263
66cbbbc9-3a65-4a6b-920e-f98a52b29a72,control,3be8ed,3,15342,"Some posts were just conversation, some were full of slurs. There was a clear pattern of harassment using slurs, so the account deserved suspension (it was not a case of one slur, one time as far as I could tell, it was a regular thing)",0.5,6,Suspend,3.54,6.256
66cbbbc9-3a65-4a6b-920e-f98a52b29a72,control,3be8ed,4,15342,"This account generally took part in conversations. Though it definitely did express a threat and use a slur, it was only one time and did not show a larger pattern (perhaps it might have if I had gone through more tweets).",0.25,5,Do not suspend,3.42,3.904
66cbbbc9-3a65-4a6b-920e-f98a52b29a72,control,3be8ed,5,15342,"This account did not attack and anyone, used no slurs, and engaged in conversation instead. No reason to suspend.",0.0,5,Do not suspend,5.0,7.529
c44e69cf-f4f8-49b8-b6bd-dd591e275204,ai,71209e,1,34152,Account 3 made offensive and homophobic remarks and should not be able to message or use their acccount.,1.0,1,Suspend,5.0,3.203
c44e69cf-f4f8-49b8-b6bd-dd591e275204,ai,71209e,2,34152,Account 5 threatened violence and murder and should obviously be suspended.,0.75,1,Suspend,5.0,3.969
c44e69cf-f4f8-49b8-b6bd-dd591e275204,ai,71209e,3,34152,Account 1 made extremely offensive remarks that would be classified as verbal assault if said face-to-face in real life.,0.5,1,Suspend,4.0,4.721
c44e69cf-f4f8-49b8-b6bd-dd591e275204,ai,71209e,4,34152,Account 2 did not say anything offensive. Their tweets comply with terms of service and protected by free speech.,0.25,1,Do not suspend,5.0,5.91
c44e69cf-f4f8-49b8-b6bd-dd591e275204,ai,71209e,5,34152,Account 4 used free speech and did not violated any guidelines or said anything offensive.,0.0,3,Do not suspend,5.0,2.922
ef9c5afc-1fa8-4d6d-9406-64bd5f047b2a,crowd,fe41d8,1,51432,"Every message was not only negative, but extremely threatening and offensive. The messages indicate that whomever is sending them should not have a platform to spread this hateful, bigoted, racist and violent speech and should be suspended.",1.0,3,Suspend,5.0,3.384
ef9c5afc-1fa8-4d6d-9406-64bd5f047b2a,crowd,fe41d8,2,51432,"Most of the messages are violent, threatening and hateful, with some suggesting the person will take direct violence to harm a person, so the account should be banned. ",0.75,6,Suspend,5.0,4.002
ef9c5afc-1fa8-4d6d-9406-64bd5f047b2a,crowd,fe41d8,3,51432,The majority of the messages are targeting others and spewing offensive hate speech and this account should be banned. This is harassment and unacceptable messaging that should lead to a suspension.,0.5,5,Suspend,4.52,5.055
ef9c5afc-1fa8-4d6d-9406-64bd5f047b2a,crowd,fe41d8,4,51432,"There were a few threatening messages that indicated that the person threatened to commit violence and kill someone, so no matter the amount of neutral or non-offensive messages, this account should be suspended permanently. ",0.25,7,Suspend,4.01,4.884
ef9c5afc-1fa8-4d6d-9406-64bd5f047b2a,crowd,fe41d8,5,51432,"None of the messages even bordered on offensive so I had no reason to suspend the account. Nothing in the messages had a tinge of negativity, and all were silly or positive or conveyed a positive non-judgmental emotion. ",0.0,4,Do not suspend,5.0,3.516
304298ef-5fc6-4f7c-b744-61b877e0cee7,crowd,93c6d3,1,21354,It is extremely hateful,1.0,1,Suspend,4.98,6.75
304298ef-5fc6-4f7c-b744-61b877e0cee7,crowd,93c6d3,2,21354,Its a threat and should not be allowed,0.75,1,Suspend,4.99,9.533
304298ef-5fc6-4f7c-b744-61b877e0cee7,crowd,93c6d3,3,21354,Its a hate comment and is not something that should be allowed,0.5,1,Suspend,4.98,8.852
304298ef-5fc6-4f7c-b744-61b877e0cee7,crowd,93c6d3,4,21354,"It is not offensive, just a statement.",0.25,1,Do not suspend,4.98,5.95
304298ef-5fc6-4f7c-b744-61b877e0cee7,crowd,93c6d3,5,21354,It is a praise for people. Should be allowed,0.0,1,Do not suspend,5.0,5.679
45cf4ff1-2f10-412c-9cc6-c6af7b830e2e,crowd,9fb5fb,1,34152,Repeated use of homophobic language. Obvious pattern of saying abusive things.,1.0,5,Suspend,5.0,7.118
45cf4ff1-2f10-412c-9cc6-c6af7b830e2e,crowd,9fb5fb,2,34152,Uses homophobic and abusive language. Threatens to murder someone in more than one message.,0.75,5,Suspend,5.0,5.197
45cf4ff1-2f10-412c-9cc6-c6af7b830e2e,crowd,9fb5fb,3,34152,Use of offensive language and abuse of people's looks.,0.5,5,Suspend,5.0,9.399
45cf4ff1-2f10-412c-9cc6-c6af7b830e2e,crowd,9fb5fb,4,34152,One message they are threatening to murder someone.,0.25,5,Suspend,5.0,6.139
45cf4ff1-2f10-412c-9cc6-c6af7b830e2e,crowd,9fb5fb,5,34152,This person does not say anything that could be interpreted as offensive.,0.0,5,Do not suspend,5.0,5.214
a19f544e-7e34-42f0-b9b1-0675b9689d29,control,adc623,1,14352,"The user is using harmful language. Saying things like ""I hope you die"" should not be allowed on any platform. He is also using homophobic rhetoric which can be greatly offensive to those in the LGBT community.",1.0,1,Suspend,5.0,5.674
a19f544e-7e34-42f0-b9b1-0675b9689d29,control,adc623,2,14352,This user's message is threatening violence to another person with extreme detail. This message and user do not seem safe.,0.75,1,Suspend,5.0,4.869
a19f544e-7e34-42f0-b9b1-0675b9689d29,control,adc623,3,14352,This user is using homophobic language which is offensive to the LGBT community. The user is also spreading false information by saying that being gay is a sexual dysfunction and corruption of the brain.,0.5,1,Suspend,5.0,4.517
a19f544e-7e34-42f0-b9b1-0675b9689d29,control,adc623,4,14352,"After reviewing more than the first two messages that appeared normal and light hearted in nature, I came across a message that was very threatening to whoever was on the receiving end and nobody deserves to be threatened.",0.25,3,Suspend,5.0,4.623
a19f544e-7e34-42f0-b9b1-0675b9689d29,control,adc623,5,14352,"After going through a few of the user's messages nothing seemed harmful in any way. There was no threatening language, no offensive language, all of the messages were normal.",0.0,7,Do not suspend,4.64,6.891
d0473f1c-a3dc-4c35-b5ea-03f485fddaab,crowd,868936,1,34215,"From the five reviewed posts, ALL were offensive - using violent or obscene language. Easy decision to suspend the account.",1.0,5,Suspend,4.97,6.211
d0473f1c-a3dc-4c35-b5ea-03f485fddaab,crowd,868936,2,34215,"I changed strategy with this account and decided to review at least 5 posts before making a decision (previously, I only reviewed 3 posts per account). ALL FIVE posts were totally unacceptable and I felt very confident in suspending the account.",0.75,5,Suspend,4.98,7.978
d0473f1c-a3dc-4c35-b5ea-03f485fddaab,crowd,868936,3,34215,"Two out of the three posts reviewed were unacceptable. Badly so. No ""acceptable"" account can allow such obviously homophobic rants.",0.5,3,Suspend,3.99,9.713
d0473f1c-a3dc-4c35-b5ea-03f485fddaab,crowd,868936,4,34215,"Two out of the three posts that I read were totally OK in content. The third post was not acceptable, but I decided to ""let one go"" and approve the account.",0.25,6,Do not suspend,4.98,9.382
d0473f1c-a3dc-4c35-b5ea-03f485fddaab,crowd,868936,5,34215,"After reviewing four consecutive acceptable (""normal language"") posts, I decided NOT to suspend the account.",0.0,4,Do not suspend,4.97,6.297
11e61552-c9e7-4fed-af65-15046c58d52f,crowd,3485c5,1,14352,This person was wishing death on multiple beings. They were also using slurs on multiple occasions and coming after multiple people. They seemed violent and unstable and it kept going.,1.0,4,Suspend,5.0,5.988
11e61552-c9e7-4fed-af65-15046c58d52f,crowd,3485c5,2,14352,I would have just suspended after message 1. This was a clear and violent threat. This should probably have been reported to authorities. They continued to use slurs in other posts and also wished death on someone else. They seem unstable and violent,0.75,4,Suspend,5.0,3.621
11e61552-c9e7-4fed-af65-15046c58d52f,crowd,3485c5,3,14352,"They used multiple slurs, attacking multiple groups of people. They did have some ""normal"" post but basically every other post was attacking someone and using slurs. They even were wishing death on someone.",0.5,9,Suspend,4.49,8.947
11e61552-c9e7-4fed-af65-15046c58d52f,crowd,3485c5,4,14352,"While their first 2 posts were ""normal"", the 3rd was enough to think that they needed to be suspended and probably even reported to law enforcement. They didn't just wish death on someone but made an actual threat themself. Also, used a slur.",0.25,3,Suspend,5.0,4.613
11e61552-c9e7-4fed-af65-15046c58d52f,crowd,3485c5,5,14352,"I reviewed multiple posts of this person because all of their post seemed completely inoffensive. They never attacked anyone and everything was just normal, everyday stuff. Even the ""subtweet"" message 6, they were still offering help to the person.",0.0,8,Do not suspend,4.7,10.83
c1c49268-65da-4292-9bf1-aee628702e30,crowd,e73c41,1,34251,the f-word again and wishing death is just awful,1.0,1,Suspend,5.0,6.269
c1c49268-65da-4292-9bf1-aee628702e30,crowd,e73c41,2,34251,shooting someone in the head is horrifying,0.75,1,Suspend,5.0,6.6
c1c49268-65da-4292-9bf1-aee628702e30,crowd,e73c41,3,34251,Using the f-word twice is just bad,0.5,1,Suspend,5.0,9.996
c1c49268-65da-4292-9bf1-aee628702e30,crowd,e73c41,4,34251,mostly positive and nothing offensive,0.25,2,Do not suspend,4.8,10.62
c1c49268-65da-4292-9bf1-aee628702e30,crowd,e73c41,5,34251,positive and thoughtful messages,0.0,2,Do not suspend,5.0,5.954
bca2b95f-7226-4f43-82f4-830afcaac965,ai,c26fc4,1,35241,"Message 1 should have been enough, but following messages could provide some context. Unfortunately the next one is somehow even worse and this was an easy and obvious choice. ",1.0,2,Suspend,5.0,3.681
bca2b95f-7226-4f43-82f4-830afcaac965,ai,c26fc4,2,35241,"It's hard to suspend based on one message without context (while in appropriate, if the messages happened to be about a video game and not mean-spirited, maybe suspension wouldn't be warranted). But the second message made it clearthat it was. ",0.75,2,Suspend,5.0,5.633
bca2b95f-7226-4f43-82f4-830afcaac965,ai,c26fc4,3,35241,"I should have on the first one, but thought I'd look at a couple more for context. The second message gave me pause (it could provide context, or it could be justifying bad behavior). The last one made it clear. ",0.5,3,Suspend,5.0,4.198
bca2b95f-7226-4f43-82f4-830afcaac965,ai,c26fc4,4,35241,"The first was negative but hardly offensive. The second seems innocent, but following the first it was hard to be sure. The third and seventh should have been enough on their own - looking at them all together and even the non-offensive ones seem off",0.25,11,Suspend,3.48,5.818
bca2b95f-7226-4f43-82f4-830afcaac965,ai,c26fc4,5,35241,"There was nothing in the first two messages that indicated the person who holds account 2 is anything other than a good, caring person. I made a slight mistake in not moving the slider all the way to 5 for message 2. ",0.0,2,Do not suspend,5.0,6.748
69f9c55d-cf8d-442c-b519-f31f41ed737a,crowd,970bc3,1,31254,IT VERY OFFENSIVE FOR THREATINING SOMEONE WITH ILLNESS,1.0,2,Suspend,5.0,7.783
69f9c55d-cf8d-442c-b519-f31f41ed737a,crowd,970bc3,2,31254,IT IS VERY ILLEGAL AND CRIMINAL TO THREATEN SOMEONE,0.75,4,Suspend,5.0,6.132
69f9c55d-cf8d-442c-b519-f31f41ed737a,crowd,970bc3,3,31254,I THINK THE INDIVIDUAL IS JUST SHARING HIS IDEAR ON A SUBJECT MATTER,0.5,4,Do not suspend,4.1,15.981
69f9c55d-cf8d-442c-b519-f31f41ed737a,crowd,970bc3,4,31254,HE IS STATING A FACT ABOUT HOW PEOPLE SHOULD BACK UP THEIR CLAIMS WITH EVIDENCE TO PROVE,0.25,5,Do not suspend,4.3,6.825
69f9c55d-cf8d-442c-b519-f31f41ed737a,crowd,970bc3,5,31254,THIS PERSON IS JUST SHARING HIS INSITE AND GRATITUDE OF HOW PEOPLE HAVE BEEN OF HELPTO HIM,0.0,2,Do not suspend,5.0,5.643
a058f04f-b6f7-449f-9463-3ea180669f60,crowd,362ab5,1,31425,I chose to suspend this account because of the derogatory labeling and the mean wishes upon the recipient.,1.0,5,Suspend,5.0,3.838
a058f04f-b6f7-449f-9463-3ea180669f60,crowd,362ab5,2,31425,"I chose to suspend this account because of the life-threatening statement. Plus, it was followed by the act of enjoyment and a horrific description of the threat.",0.75,6,Suspend,5.0,4.709
a058f04f-b6f7-449f-9463-3ea180669f60,crowd,362ab5,3,31425,I chose to suspend this account because of the derogatory comments and labeling. Name calling is always offensive.,0.5,5,Suspend,5.0,5.777
a058f04f-b6f7-449f-9463-3ea180669f60,crowd,362ab5,4,31425,"I chose not to suspend this account because I found nothing threatening, mean, nor derogatory about the message.",0.25,6,Do not suspend,5.0,4.39
a058f04f-b6f7-449f-9463-3ea180669f60,crowd,362ab5,5,31425,"I chose not to suspend this account because I found nothing offensive, derogatory, or life-threatening.",0.0,6,Do not suspend,5.0,5.621
c538d081-2d8f-4680-866f-fb0483428df8,control,7d7ba3,1,51234,They used slurs and wished death on someone.,1.0,1,Suspend,5.0,7.55
c538d081-2d8f-4680-866f-fb0483428df8,control,7d7ba3,2,51234,They graphically listed ways they want to violently hurt another person.,0.75,1,Suspend,5.0,6.361
c538d081-2d8f-4680-866f-fb0483428df8,control,7d7ba3,3,51234,They used offensive slurs and hateful language.,0.5,1,Suspend,5.0,5.153
c538d081-2d8f-4680-866f-fb0483428df8,control,7d7ba3,4,51234,They threatened violence and used offensive slurs.,0.25,3,Suspend,5.0,4.632
c538d081-2d8f-4680-866f-fb0483428df8,control,7d7ba3,5,51234,None of their messages were harmful in any way. They seemed polite in their responses.,0.0,3,Do not suspend,4.0,12.295
9c759a8c-5afc-41ad-adb6-e453251c9f4d,crowd,0ad92c,1,35241,"Very offensive, hateful, and biased behavior and account needs to be suspended",1.0,3,Suspend,5.0,7.568
9c759a8c-5afc-41ad-adb6-e453251c9f4d,crowd,0ad92c,2,35241,Very threatening and alarming behavior being displayed. Very confident that this account needs to be susspended.,0.75,1,Do not suspend,5.0,71.161
9c759a8c-5afc-41ad-adb6-e453251c9f4d,crowd,0ad92c,3,35241,"Predjudice, biased and hateful speech towards another persons is never acceptable in any environment.",0.5,5,Suspend,5.0,6.295
9c759a8c-5afc-41ad-adb6-e453251c9f4d,crowd,0ad92c,4,35241,There is nothinf offesive in this post.,0.25,2,Do not suspend,5.0,5.888
9c759a8c-5afc-41ad-adb6-e453251c9f4d,crowd,0ad92c,5,35241,nothing about these post are offensive or attacking. Account should not be susspended,0.0,2,Do not suspend,5.0,12.741
8085fe6b-72b3-494a-8081-5a0752f8c1c0,crowd,ee46c1,1,51423,"Based on the nature of the comments made, it is my conclusion that this account should be suspended due to the offensive comments.",1.0,4,Suspend,5.0,6.37
8085fe6b-72b3-494a-8081-5a0752f8c1c0,crowd,ee46c1,2,51423,"The vast majority of the comments I saw from this account were offensive, hence my decision. It should be suspended.",0.75,5,Suspend,5.0,6.48
8085fe6b-72b3-494a-8081-5a0752f8c1c0,crowd,ee46c1,3,51423,"The degree of threat in the comments is quite serious, so this offense should not be allowed.",0.5,5,Suspend,4.4,10.161
8085fe6b-72b3-494a-8081-5a0752f8c1c0,crowd,ee46c1,4,51423,I consider that it should be suspended because after reading approximately 10 comments I saw some that were very offensive and threatening.,0.25,10,Suspend,3.65,13.115
8085fe6b-72b3-494a-8081-5a0752f8c1c0,crowd,ee46c1,5,51423,"After analyzing a few comments, I have come to the conclusion that this person has not made any comments that are harmful or offensive to anyone.",0.0,5,Do not suspend,5.0,4.855
b0ef15f5-eccf-4595-9895-10b9c3392c42,control,fc0e36,1,12345,"The message contains hate speech and a severe threat, making it highly offensive. It uses derogatory language and wishes harm upon someone, which is unacceptable behavior.",1.0,1,Suspend,4.58,15.847
b0ef15f5-eccf-4595-9895-10b9c3392c42,control,fc0e36,2,12345,The message contains a violent threat that is highly offensive. It explicitly describes a violent act and expresses a disturbing level of enjoyment in causing harm.,0.75,1,Suspend,4.76,6.228
b0ef15f5-eccf-4595-9895-10b9c3392c42,control,fc0e36,3,12345,"The message contains derogatory slurs and offensive language directed at an individual, as well as harmful stereotypes. It is highly offensive due to its use of hateful and discriminatory language. ",0.5,1,Suspend,4.43,4.663
b0ef15f5-eccf-4595-9895-10b9c3392c42,control,fc0e36,4,12345,"The statement ""All those tweets and not a shred of evidence. Blocked."" expresses frustration with unverified claims on Twitter and indicates a decision to block the user. ",0.25,1,Do not suspend,4.01,12.43
b0ef15f5-eccf-4595-9895-10b9c3392c42,control,fc0e36,5,12345,"The message ""If I wasn't surrounded by such great people, there's no way I'd be able to get this thing off the ground"" expresses gratitude and acknowledges the support of others in achieving a goal. ",0.0,1,Do not suspend,5.0,7.869
bd79c313-854a-41ba-9ec5-9258e4002f4c,control,6e910b,1,45132,The racial slurs and name calling are ridiculous. I don't see how they could be misconstrued.,1.0,3,Suspend,4.93,3.453
bd79c313-854a-41ba-9ec5-9258e4002f4c,control,6e910b,2,45132,The violence is terrible.,0.75,2,Suspend,5.0,5.42
bd79c313-854a-41ba-9ec5-9258e4002f4c,control,6e910b,3,45132,"Again, the name calling is highly derogatory. ",0.5,5,Suspend,4.01,3.456
bd79c313-854a-41ba-9ec5-9258e4002f4c,control,6e910b,4,45132,I am going to kill you. I am going to get a gun and blow your head off you stupid retard. Very offensive,0.25,3,Suspend,4.0,4.927
bd79c313-854a-41ba-9ec5-9258e4002f4c,control,6e910b,5,45132,The messages were not offensive in nature and targeted no one.,0.0,4,Do not suspend,3.97,3.651
730224fc-bee2-4bb1-a325-c8ff855d406c,crowd,acfe96,1,31425,Offensive language and death wishes,1.0,2,Suspend,5.0,4.464
730224fc-bee2-4bb1-a325-c8ff855d406c,crowd,acfe96,2,31425,Offensive language and threats of harm,0.75,2,Suspend,5.0,3.947
730224fc-bee2-4bb1-a325-c8ff855d406c,crowd,acfe96,3,31425,Very offensive language,0.5,3,Suspend,5.0,5.541
730224fc-bee2-4bb1-a325-c8ff855d406c,crowd,acfe96,4,31425,Direct threats of harm,0.25,7,Suspend,3.54,5.681
730224fc-bee2-4bb1-a325-c8ff855d406c,crowd,acfe96,5,31425,Nothing offensive here,0.0,6,Do not suspend,5.0,3.398
b6b0dd0d-1f6d-4ee0-810f-69707200d1b6,ai,615c31,1,43125,This is extremely offensive and targeted towards the message receiver.,1.0,1,Suspend,5.0,4.811
b6b0dd0d-1f6d-4ee0-810f-69707200d1b6,ai,615c31,2,43125,This is also extremely offensive to the message reciever.,0.75,1,Suspend,5.0,4.735
b6b0dd0d-1f6d-4ee0-810f-69707200d1b6,ai,615c31,3,43125,The message contained very offensive language that was targeted towards someone else.,0.5,1,Suspend,5.0,7.134
b6b0dd0d-1f6d-4ee0-810f-69707200d1b6,ai,615c31,4,43125,There was nothing wrong or offensive with the message. It was just a general opinion.,0.25,2,Do not suspend,5.0,9.373
b6b0dd0d-1f6d-4ee0-810f-69707200d1b6,ai,615c31,5,43125,Nothing about this is offensive or targeting the message recipient.,0.0,2,Do not suspend,5.0,5.626
9ed5814f-45cd-4b9d-9d1e-9176e6585521,crowd,89eefa,1,31524,Every comment is offensive and wrong. They are not adding any value to any conversations they have.,1.0,3,Suspend,4.98,4.174
9ed5814f-45cd-4b9d-9d1e-9176e6585521,crowd,89eefa,2,31524,Most of these comments are terrible and scary. I would not want to interact with them online so suspend the account.,0.75,4,Suspend,5.0,4.783
9ed5814f-45cd-4b9d-9d1e-9176e6585521,crowd,89eefa,3,31524,This person is violent and hateful. They do not belong online at all.,0.5,3,Suspend,4.99,5.184
9ed5814f-45cd-4b9d-9d1e-9176e6585521,crowd,89eefa,4,31524,This account is threatening others with murder which is awful and illegal. I wish I could suspend and report to the police.,0.25,3,Suspend,5.0,4.241
9ed5814f-45cd-4b9d-9d1e-9176e6585521,crowd,89eefa,5,31524,There is nothing wrong with these comments so they should not be suspended. This is normal conversation.,0.0,7,Do not suspend,3.98,7.228
8acbc9ac-0680-40ce-bab6-a1f49c28c3fb,control,b8e1c1,1,15234,offensive language and death threats,1.0,2,Suspend,5.0,6.381
8acbc9ac-0680-40ce-bab6-a1f49c28c3fb,control,b8e1c1,2,15234,death threats and offensive language,0.75,2,Suspend,4.48,7.293
8acbc9ac-0680-40ce-bab6-a1f49c28c3fb,control,b8e1c1,3,15234,offensive language,0.5,3,Suspend,5.0,3.558
8acbc9ac-0680-40ce-bab6-a1f49c28c3fb,control,b8e1c1,4,15234,nothing offensive being said,0.25,2,Do not suspend,4.84,5.905
8acbc9ac-0680-40ce-bab6-a1f49c28c3fb,control,b8e1c1,5,15234,nothing offensive being said,0.0,3,Do not suspend,5.0,3.455
246aa216-be21-4efa-9eff-7f1a95d1d02d,control,89104e,1,42153,Homophobia.,1.0,1,Suspend,5.0,3.149
246aa216-be21-4efa-9eff-7f1a95d1d02d,control,89104e,2,42153,It's a death threat.,0.75,1,Suspend,4.98,3.512
246aa216-be21-4efa-9eff-7f1a95d1d02d,control,89104e,3,42153,Homophobia.,0.5,1,Suspend,4.99,2.646
246aa216-be21-4efa-9eff-7f1a95d1d02d,control,89104e,4,42153,It's a death threat.,0.25,3,Suspend,5.0,4.194
246aa216-be21-4efa-9eff-7f1a95d1d02d,control,89104e,5,42153,Not offensive at all.,0.0,10,Do not suspend,5.0,3.26
b4f2aceb-f109-4ece-8c52-516dff26824f,control,258265,1,13542,These were all targeted/harassing messages that discriminate based on sexual orientation and wish other users harm which is not acceptable.,1.0,3,Suspend,5.0,5.129
b4f2aceb-f109-4ece-8c52-516dff26824f,control,258265,2,13542,The user threatened to kill people and used homophobic language; pretty clear suspend situation.,0.75,2,Suspend,5.0,1.929
b4f2aceb-f109-4ece-8c52-516dff26824f,control,258265,3,13542,Many of these messages are targeted/harassment messages that are homophobic and extremely mean.,0.5,3,Suspend,5.0,2.852
b4f2aceb-f109-4ece-8c52-516dff26824f,control,258265,4,13542,Looked fine at first but then the user threatened to kill people which obviously would go against all social media TOS...,0.25,7,Suspend,5.0,2.503
b4f2aceb-f109-4ece-8c52-516dff26824f,control,258265,5,13542,"Nothing here was offensive, plain and simple. No derogatory language or remarks.",0.0,5,Do not suspend,5.0,4.448
c696dd17-c9c8-4a83-a608-28fd47b94dd5,crowd,f827e3,1,45132,Literally every post was offensive and graphic. The user uses inappropriate language and is very threatening with their posts.,1.0,4,Suspend,5.0,2.487
c696dd17-c9c8-4a83-a608-28fd47b94dd5,crowd,f827e3,2,45132,The account has extremely graphic and threatening posts and they should not be able to post anymore. The language is completely inappropriate.,0.75,3,Suspend,5.0,2.865
c696dd17-c9c8-4a83-a608-28fd47b94dd5,crowd,f827e3,3,45132,The user uses inappropriate language and is extremely rude and uses harmful words directed at people.,0.5,5,Suspend,5.0,3.372
c696dd17-c9c8-4a83-a608-28fd47b94dd5,crowd,f827e3,4,45132,There are violent posts that threaten others and are very graphic in nature.,0.25,10,Suspend,5.0,3.596
c696dd17-c9c8-4a83-a608-28fd47b94dd5,crowd,f827e3,5,45132,"There were no offensive posts and were just posts talking about different harmless topics, often relating to personal life.",0.0,12,Do not suspend,4.49,4.532
529595bf-86c8-4a2d-9ffb-8cc14acc2958,ai,8f4166,1,25134,Multiple offensive posts in a row.,1.0,3,Suspend,4.92,3.491
529595bf-86c8-4a2d-9ffb-8cc14acc2958,ai,8f4166,2,25134,"Over the top violent messages, easy one to suspend.",0.75,4,Suspend,4.94,4.953
529595bf-86c8-4a2d-9ffb-8cc14acc2958,ai,8f4166,3,25134,"Offensive posts with a few non-offensive posts, still get that person out of here. ",0.5,5,Suspend,5.0,3.379
529595bf-86c8-4a2d-9ffb-8cc14acc2958,ai,8f4166,4,25134,Post containing threat of violence.,0.25,7,Suspend,5.0,3.131
529595bf-86c8-4a2d-9ffb-8cc14acc2958,ai,8f4166,5,25134,None of the posts are offensive.,0.0,5,Do not suspend,4.08,4.515
77473516-5965-4985-8200-c95319c9d827,control,a30ac5,1,35142,Super inappropriate and offensive message,1.0,1,Suspend,5.0,3.85
77473516-5965-4985-8200-c95319c9d827,control,a30ac5,2,35142,Message 1 was inappropriate and threatening,0.75,1,Suspend,5.0,3.837
77473516-5965-4985-8200-c95319c9d827,control,a30ac5,3,35142,Super inappropriate and offensive message,0.5,1,Suspend,5.0,4.256
77473516-5965-4985-8200-c95319c9d827,control,a30ac5,4,35142,Message 3 was intense and very inappropriate - probably need to report to police,0.25,3,Suspend,4.99,3.7
77473516-5965-4985-8200-c95319c9d827,control,a30ac5,5,35142,Nothing offensive here,0.0,2,Do not suspend,5.0,4.177
a49a0d6f-ac15-4e67-a8ed-1d0a155bf7cc,ai,5b7732,1,31452,Hate speech and harmful language,1.0,3,Suspend,4.72,5.623
a49a0d6f-ac15-4e67-a8ed-1d0a155bf7cc,ai,5b7732,2,31452,Death threats and harmful language,0.75,5,Suspend,5.0,3.466
a49a0d6f-ac15-4e67-a8ed-1d0a155bf7cc,ai,5b7732,3,31452,Hate speech and harmful language,0.5,3,Suspend,3.03,7.666
a49a0d6f-ac15-4e67-a8ed-1d0a155bf7cc,ai,5b7732,4,31452,Death threats,0.25,7,Suspend,5.0,3.695
a49a0d6f-ac15-4e67-a8ed-1d0a155bf7cc,ai,5b7732,5,31452,Nothing offensive or warranting suspension,0.0,5,Do not suspend,4.5,7.266
90121a24-2838-4a22-8025-6eed89550f46,crowd,38b891,1,34512,"Every post was offensive, and quite threatening",1.0,3,Suspend,4.96,3.491
90121a24-2838-4a22-8025-6eed89550f46,crowd,38b891,2,34512,"While not all comments were offensive, those that were were very threatening",0.75,4,Suspend,4.96,2.83
90121a24-2838-4a22-8025-6eed89550f46,crowd,38b891,3,34512,I probably should have viewed a few more messages to be sure,0.5,2,Suspend,3.54,11.146
90121a24-2838-4a22-8025-6eed89550f46,crowd,38b891,4,34512,I didn't see anything offensive at all,0.25,2,Do not suspend,4.97,3.674
90121a24-2838-4a22-8025-6eed89550f46,crowd,38b891,5,34512,I did not see any offensive language,0.0,3,Do not suspend,4.98,3.021
754e3ee2-77d3-41ba-821e-3d16646e9e1e,crowd,e89abf,1,34125,This person has nothing positive to add to any conversation. Good riddance to their hatefulness.,1.0,6,Suspend,4.99,3.421
754e3ee2-77d3-41ba-821e-3d16646e9e1e,crowd,e89abf,2,34125,This person's offensive messages were threatening violence and hateful. Awful.,0.75,6,Suspend,5.0,3.143
754e3ee2-77d3-41ba-821e-3d16646e9e1e,crowd,e89abf,3,34125,I didn't like the slurs and racism this person used in their offensive messages.,0.5,7,Suspend,4.0,5.559
754e3ee2-77d3-41ba-821e-3d16646e9e1e,crowd,e89abf,4,34125,"This person had non-offensive messages, but the ones that were offensive were threats to kill people. Unacceptable.",0.25,11,Suspend,4.98,3.857
754e3ee2-77d3-41ba-821e-3d16646e9e1e,crowd,e89abf,5,34125,"These messages were just regular, everyday type thoughts. No hate, no slurs, no violence or threats.",0.0,8,Do not suspend,5.0,3.357
4b65d56f-9409-4e89-8d59-32f2f92bf399,crowd,d5eb43,1,23154,I've never seen a social media platform punish anyone for using homophobic slurs in the past.,1.0,3,Do not suspend,3.71,3.97
4b65d56f-9409-4e89-8d59-32f2f92bf399,crowd,d5eb43,2,23154,"Although this account did make threats and used profanity, I don't think it warrants a suspension unless the threats were continuing.",0.75,3,Do not suspend,3.37,6.789
4b65d56f-9409-4e89-8d59-32f2f92bf399,crowd,d5eb43,3,23154,I don't think that negative comments specifically aimed at sexually are grounds for suspension.,0.5,3,Do not suspend,3.93,5.386
4b65d56f-9409-4e89-8d59-32f2f92bf399,crowd,d5eb43,4,23154,None of these messages sent by this account were offensive.,0.25,2,Do not suspend,5.0,7.584
4b65d56f-9409-4e89-8d59-32f2f92bf399,crowd,d5eb43,5,23154,None of the messages sent by this account were offensive.,0.0,3,Do not suspend,5.0,3.696
00fad48d-a853-4fff-bab7-288ea51031f0,control,c01d0c,1,43251,F-slur,1.0,1,Suspend,5.0,2.887
00fad48d-a853-4fff-bab7-288ea51031f0,control,c01d0c,2,43251,Death Threat,0.75,1,Suspend,4.06,3.046
00fad48d-a853-4fff-bab7-288ea51031f0,control,c01d0c,3,43251,"F-slur, R-Slur, Mysogyny",0.5,3,Suspend,4.02,3.75
00fad48d-a853-4fff-bab7-288ea51031f0,control,c01d0c,4,43251,"Death threats, use of R-slur",0.25,5,Suspend,4.0,6.349
00fad48d-a853-4fff-bab7-288ea51031f0,control,c01d0c,5,43251,No reason to suspend,0.0,6,Do not suspend,5.0,4.118
e2fa081b-c814-43a8-8f96-e17d35139c28,ai,6ff5fc,1,24531,This person used an offensive term and also wished death upon someone which is not useful to anything.,1.0,1,Suspend,5.0,3.401
e2fa081b-c814-43a8-8f96-e17d35139c28,ai,6ff5fc,2,24531,The user makes a comment threatening violence and also follows it up with enjoying the gory results. This is not what people should be saying in their messages.,0.75,1,Suspend,5.0,3.408
e2fa081b-c814-43a8-8f96-e17d35139c28,ai,6ff5fc,3,24531,"This person has made insulting remarks regarding sexual identity and simply rude remarks towards someone's family, including using an offensive word. ",0.5,3,Suspend,5.0,3.669
e2fa081b-c814-43a8-8f96-e17d35139c28,ai,6ff5fc,4,24531,"Account 2 started out good, but the threat of violence along the offensive use of ""retard"" are worth suspension.",0.25,3,Suspend,5.0,2.95
e2fa081b-c814-43a8-8f96-e17d35139c28,ai,6ff5fc,5,24531,"This person seems genuine and normal. Didn't go all the way through too many messages, but they seemed consistently reasonable.",0.0,7,Do not suspend,4.54,6.743
65faf6c6-8d8a-469e-9226-d40798608971,control,09a182,1,53214,"Person made death threats, this should probably not be allowed. ",1.0,2,Suspend,2.01,5.594
65faf6c6-8d8a-469e-9226-d40798608971,control,09a182,2,53214,"Account explicitly made death threats, which should probably not be tolerated.  ",0.75,4,Suspend,1.97,6.326
65faf6c6-8d8a-469e-9226-d40798608971,control,09a182,3,53214,Person was offensive but was not making death threats. Therefore chose not to suspend tho with little confidence.,0.5,3,Do not suspend,1.95,6.63
65faf6c6-8d8a-469e-9226-d40798608971,control,09a182,4,53214,Messages were not offensive.,0.25,2,Do not suspend,3.92,3.561
65faf6c6-8d8a-469e-9226-d40798608971,control,09a182,5,53214,Messages were not offensive.,0.0,3,Do not suspend,5.0,5.439
5d63ec35-004a-47d7-8b6a-cab773657401,ai,d12f38,1,41523,Account 2 used offensive language.  No need to use that word to describe someone.,1.0,2,Suspend,2.0,8.868
5d63ec35-004a-47d7-8b6a-cab773657401,ai,d12f38,2,41523,Account 4 used offensive language and threatened to shoot someone.,0.75,2,Suspend,4.0,3.889
5d63ec35-004a-47d7-8b6a-cab773657401,ai,d12f38,3,41523,This person used offensive language towards another person.,0.5,1,Suspend,3.99,4.949
5d63ec35-004a-47d7-8b6a-cab773657401,ai,d12f38,4,41523,This person did not use offensive language.,0.25,1,Do not suspend,4.99,7.816
5d63ec35-004a-47d7-8b6a-cab773657401,ai,d12f38,5,41523,There was nothing offensive about this post.,0.0,1,Do not suspend,4.99,4.958
b63113e4-de0c-4278-a1df-c8c49b7f45ce,control,ac1eae,1,43521,Many slurs and harmful words,1.0,2,Suspend,4.99,2.253
b63113e4-de0c-4278-a1df-c8c49b7f45ce,control,ac1eae,2,43521,Seems like tweets were graphic and none were kind.,0.75,5,Suspend,4.63,2.258
b63113e4-de0c-4278-a1df-c8c49b7f45ce,control,ac1eae,3,43521,A whole bunch of nasty words. It all seemed like an attack.,0.5,3,Suspend,4.92,3.86
b63113e4-de0c-4278-a1df-c8c49b7f45ce,control,ac1eae,4,43521,They said nothing harmful.,0.25,2,Do not suspend,5.0,6.896
b63113e4-de0c-4278-a1df-c8c49b7f45ce,control,ac1eae,5,43521,Nothing that was said was rude or an attack.,0.0,2,Do not suspend,4.93,2.544
15ca9f16-8eb2-4934-908f-c8131460b85b,crowd,8e05b4,1,41253,After two messages it was clear that this person was spreading threats and hate speech.,1.0,2,Suspend,5.0,4.393
15ca9f16-8eb2-4934-908f-c8131460b85b,crowd,8e05b4,2,41253,This person seemed like an angry punk and was directing vicious threats at other members. Not acceptable.,0.75,2,Suspend,5.0,3.112
15ca9f16-8eb2-4934-908f-c8131460b85b,crowd,8e05b4,3,41253,"Although not all of the messages were offensive, there's enough racism and homophobia in other messages to make this decision easy. ",0.5,5,Suspend,4.5,7.424
15ca9f16-8eb2-4934-908f-c8131460b85b,crowd,8e05b4,4,41253,"While the first messages were fine, the third threatened murder and used unacceptable language. ",0.25,3,Suspend,4.75,12.615
15ca9f16-8eb2-4934-908f-c8131460b85b,crowd,8e05b4,5,41253,"Although the message about resumes is probably a bit controversial, I didn't see any hatefulness. The other messages were just everyday posts. ",0.0,7,Do not suspend,4.0,9.687
e8c67559-cbf3-48a0-a19e-909b109e520c,control,6d81c1,1,52341,This person is spreading hatred throughout various groups that is unacceptable.,1.0,3,Suspend,5.0,3.92
e8c67559-cbf3-48a0-a19e-909b109e520c,control,6d81c1,2,52341,This person posted statements that can incite violence and cause a trickle effect.,0.75,1,Suspend,5.0,4.327
e8c67559-cbf3-48a0-a19e-909b109e520c,control,6d81c1,3,52341,This person is spewing hatred comments and justifying it under the line of it's ok because others do it as well.,0.5,3,Suspend,5.0,4.304
e8c67559-cbf3-48a0-a19e-909b109e520c,control,6d81c1,4,52341,This person seem to be just venting on their social media page and not directing hatred to others.,0.25,2,Do not suspend,5.0,9.31
e8c67559-cbf3-48a0-a19e-909b109e520c,control,6d81c1,5,52341,This person post was mainly focused on acknowledging others aide in their ventures.,0.0,2,Do not suspend,5.0,4.658
7a9499d4-4226-4ddf-a907-8b178f09dd4f,ai,d94ce8,1,15243,No one should be using slurs or wishing death upon anyone.,1.0,1,Suspend,4.99,4.325
7a9499d4-4226-4ddf-a907-8b178f09dd4f,ai,d94ce8,2,15243,Threats of violence should not be tolerated.,0.75,1,Suspend,5.0,2.547
7a9499d4-4226-4ddf-a907-8b178f09dd4f,ai,d94ce8,3,15243,Using slurs to describe others sexuality should not be tolerated.,0.5,1,Suspend,5.0,4.08
7a9499d4-4226-4ddf-a907-8b178f09dd4f,ai,d94ce8,4,15243,Threats of violence should not be tolerated.,0.25,7,Suspend,4.97,2.716
7a9499d4-4226-4ddf-a907-8b178f09dd4f,ai,d94ce8,5,15243,I see nothing wrong with the two posts I viewed. Seems legit and fair to me.,0.0,2,Do not suspend,4.99,2.571
cb472703-21d2-478b-9176-6c5e4e3609cc,control,a0fe49,1,35421,Very unethical to threaten to take somones life,1.0,3,Suspend,5.0,7.634
cb472703-21d2-478b-9176-6c5e4e3609cc,control,a0fe49,2,35421,Very offensive to threaten to take someone's life,0.75,1,Suspend,5.0,22.759
cb472703-21d2-478b-9176-6c5e4e3609cc,control,a0fe49,3,35421,It is likely he was provoked with the first message but the message 2 showed how aware the account owner is on online harrassment,0.5,2,Do not suspend,3.0,11.505
cb472703-21d2-478b-9176-6c5e4e3609cc,control,a0fe49,4,35421,Potential of causing online harassment with the way the account owner writes.,0.25,3,Suspend,5.0,5.177
cb472703-21d2-478b-9176-6c5e4e3609cc,control,a0fe49,5,35421,These messages arent offensive and hence pardon the suspension,0.0,2,Do not suspend,4.0,7.86
6a764ff8-ce26-423a-991a-3f0441334cb2,control,57a13d,1,54213,What they said is very offensive and they're using derogatory terms to others.,1.0,2,Suspend,5.0,3.336
6a764ff8-ce26-423a-991a-3f0441334cb2,control,57a13d,2,54213,"Again, this person threatened to kill another person. Easy to ban someone like this.",0.75,1,Suspend,5.0,3.403
6a764ff8-ce26-423a-991a-3f0441334cb2,control,57a13d,3,54213,Racist person using derogatory terms to others.,0.5,5,Suspend,4.28,3.103
6a764ff8-ce26-423a-991a-3f0441334cb2,control,57a13d,4,54213,"They threatened to take the life of another user, they do not deserve to be on a platform.",0.25,3,Suspend,5.0,4.238
6a764ff8-ce26-423a-991a-3f0441334cb2,control,57a13d,5,54213,They didn't say anything offensive just normal messages.,0.0,4,Do not suspend,4.17,4.65
33a7ec32-7245-4843-9294-2caeb54be5c0,control,469184,1,13254,Derogatory terms and the wishes of death of humans/animals.,1.0,2,Suspend,5.0,7.467
33a7ec32-7245-4843-9294-2caeb54be5c0,control,469184,2,13254,Death threat.,0.75,1,Suspend,5.0,3.825
33a7ec32-7245-4843-9294-2caeb54be5c0,control,469184,3,13254,Derogatory remarks.,0.5,3,Suspend,5.0,11.086
33a7ec32-7245-4843-9294-2caeb54be5c0,control,469184,4,13254,"The first two messages were fine, but the third was a death threat with derogatory remarks. ",0.25,3,Suspend,5.0,5.314
33a7ec32-7245-4843-9294-2caeb54be5c0,control,469184,5,13254,"No offensive remarks seen in any of the 4 messages, only positive or inquisitive ones. ",0.0,4,Do not suspend,5.0,4.817
46f6bb91-10f9-48c8-aa76-72cd972429f8,control,0a5e9e,1,32145,The same type of offensive language as other accounts I would suspend,1.0,3,Suspend,5.0,4.318
46f6bb91-10f9-48c8-aa76-72cd972429f8,control,0a5e9e,2,32145,"A lot of extreme language and threats, and thus definitely suspending",0.75,4,Suspend,5.0,3.73
46f6bb91-10f9-48c8-aa76-72cd972429f8,control,0a5e9e,3,32145,"Several offensive messages calls for suspending, even if there are some non-offensive messages",0.5,7,Suspend,3.54,10.127
46f6bb91-10f9-48c8-aa76-72cd972429f8,control,0a5e9e,4,32145,"Many good messages, and perhaps some of the offensive messages were during a bad time for the poster. Overall, taking all the messages into account, I would give another chance",0.25,8,Do not suspend,2.0,9.343
46f6bb91-10f9-48c8-aa76-72cd972429f8,control,0a5e9e,5,32145,"Not a single offensive messages, and thus, I didn't suspend",0.0,5,Do not suspend,5.0,4.789
e5aac9cd-6015-4636-92c1-78d14a5ac996,crowd,757572,1,35214,Two messages in a row that have offensive language.,1.0,2,Suspend,5.0,2.218
e5aac9cd-6015-4636-92c1-78d14a5ac996,crowd,757572,2,35214,Two messages in a row that have offensive language that should not be used in any situation.,0.75,2,Suspend,5.0,2.708
e5aac9cd-6015-4636-92c1-78d14a5ac996,crowd,757572,3,35214,They had multiple messages where they were attacking the person they were messaging. The attacks use slurs and words that are just straight up wrong to use in any situation.,0.5,3,Suspend,4.01,5.092
e5aac9cd-6015-4636-92c1-78d14a5ac996,crowd,757572,4,35214,"There was one message that was offensive, but the rest of them are normal. If there was one more offensive message, I would have chosen to suspend.",0.25,6,Do not suspend,4.86,2.623
e5aac9cd-6015-4636-92c1-78d14a5ac996,crowd,757572,5,35214,There were no messages that raised any flags. They just look like normal messages.,0.0,3,Do not suspend,4.56,2.748
56d821b6-60da-437e-b2c3-f1b67d769d39,ai,d7c93f,1,43215,"The user wished ill on another user and their pets, issued death threats, and has horrible grammar, punctuation, and spelling. The last three points are not part of the decision, I just wanted to mention it.",1.0,2,Suspend,5.0,3.979
56d821b6-60da-437e-b2c3-f1b67d769d39,ai,d7c93f,2,43215,"The user used threatening language, threats of gun violence, and slurs.",0.75,2,Suspend,5.0,4.408
56d821b6-60da-437e-b2c3-f1b67d769d39,ai,d7c93f,3,43215,"The user made comments toward another user, berating them and using slurs against the LGBTQ+ community.",0.5,1,Suspend,5.0,5.569
56d821b6-60da-437e-b2c3-f1b67d769d39,ai,d7c93f,4,43215,"The user made threats against another user (this is an assumption, since no username is tagged), and mentions gun violence, murder, and slurs. ",0.25,3,Suspend,5.0,5.054
56d821b6-60da-437e-b2c3-f1b67d769d39,ai,d7c93f,5,43215,"This user has not posted any inflammatory messages, or really anything that could be considered offensive.",0.0,7,Do not suspend,5.0,4.85
ad582db9-01fb-46c2-af45-c5eb21b93152,crowd,787c08,1,43512,Hate speech and very distrubing language.,1.0,1,Suspend,4.56,3.313
ad582db9-01fb-46c2-af45-c5eb21b93152,crowd,787c08,2,43512,Hate speech and very violent.,0.75,1,Suspend,4.88,3.467
ad582db9-01fb-46c2-af45-c5eb21b93152,crowd,787c08,3,43512,Hate speech.,0.5,1,Suspend,4.96,4.198
ad582db9-01fb-46c2-af45-c5eb21b93152,crowd,787c08,4,43512,Threatened to kill someone and very violent manner.,0.25,4,Suspend,4.49,6.736
ad582db9-01fb-46c2-af45-c5eb21b93152,crowd,787c08,5,43512,"Nothing offensive, seems to be a normal person.",0.0,6,Do not suspend,4.0,6.995
e333043d-2079-4f68-aab0-a60fa33898ff,ai,65b2c8,1,31524,"User is posting offensive and violent comments, and homophobic language. ",1.0,3,Suspend,5.0,3.365
e333043d-2079-4f68-aab0-a60fa33898ff,ai,65b2c8,2,31524,"User posted a lot of violent and homophobic comments, talked about killing people a lot, and made offensive statements about women. ",0.75,9,Suspend,5.0,3.594
e333043d-2079-4f68-aab0-a60fa33898ff,ai,65b2c8,3,31524,"This user posted several offensive comments, and used homophobic slurs multiple times. User also insulted someone's family. User also made racist comments. ",0.5,7,Suspend,5.0,4.429
e333043d-2079-4f68-aab0-a60fa33898ff,ai,65b2c8,4,31524,User posted several offensive comments talking about killing others and used violent language.,0.25,11,Suspend,4.0,6.49
e333043d-2079-4f68-aab0-a60fa33898ff,ai,65b2c8,5,31524,Reviewed several comments from this user and could not find anything offensive.,0.0,14,Do not suspend,4.0,5.552
2547cbaa-70f8-48f7-a254-c46b59cd05bb,crowd,d72c88,1,14523,The comments were very cruel and should not be allowed.,1.0,3,Suspend,5.0,14.882
2547cbaa-70f8-48f7-a254-c46b59cd05bb,crowd,d72c88,2,14523,"The comments were very mean and worse, the account should be suspended.",0.75,2,Suspend,5.0,9.896
2547cbaa-70f8-48f7-a254-c46b59cd05bb,crowd,d72c88,3,14523,The comments were mean overall and the account should be suspended.,0.5,3,Suspend,3.72,16.809
2547cbaa-70f8-48f7-a254-c46b59cd05bb,crowd,d72c88,4,14523,"The comments were not mean spirited, and should be allowed to continue.",0.25,2,Do not suspend,4.33,17.824
2547cbaa-70f8-48f7-a254-c46b59cd05bb,crowd,d72c88,5,14523,"The comments were not hurtful or negative, so it shouldn't be suspended.",0.0,2,Do not suspend,5.0,7.455
9c1df86e-e2b6-4eb6-ab15-180374fa91bc,ai,588f2b,1,32514,this is justifiable of online harassment,1.0,1,Suspend,5.0,3.606
9c1df86e-e2b6-4eb6-ab15-180374fa91bc,ai,588f2b,2,32514,this is a sign of violence and someone may be serious about this,0.75,1,Suspend,4.95,3.443
9c1df86e-e2b6-4eb6-ab15-180374fa91bc,ai,588f2b,3,32514,Based on the first message it was obvious we needed to suspend the account,0.5,2,Suspend,3.99,9.368
9c1df86e-e2b6-4eb6-ab15-180374fa91bc,ai,588f2b,4,32514,nothing is offensive about this,0.25,2,Do not suspend,4.8,4.085
9c1df86e-e2b6-4eb6-ab15-180374fa91bc,ai,588f2b,5,32514,There is literally nothing that was said that is offensive,0.0,2,Do not suspend,5.0,3.251
32be39db-f881-4abe-8804-3ca4460756e8,control,054a45,1,35241,"A horrible hateful person, full of slurs and rude words",1.0,3,Suspend,5.0,4.662
32be39db-f881-4abe-8804-3ca4460756e8,control,054a45,2,35241,"Everything about their posts is bad and wrong. Slurs, rude language, insults, nothing good !",0.75,2,Suspend,5.0,4.662
32be39db-f881-4abe-8804-3ca4460756e8,control,054a45,3,35241,There was nothing good about his posts. Just slurs and rude words is all there was and it wasn't a one time event either,0.5,3,Suspend,4.98,6.357
32be39db-f881-4abe-8804-3ca4460756e8,control,054a45,4,35241,It was a one time event so I feel maybe his emotions got the best of him,0.25,6,Do not suspend,3.02,10.794
32be39db-f881-4abe-8804-3ca4460756e8,control,054a45,5,35241,They didnt do anything wrong at all and seem pretty nice,0.0,3,Do not suspend,5.0,3.974
883c6d7a-83ce-420e-b187-3128a56e1616,ai,0caff4,1,41325,This is enamored with slurs and verbal attacks towards an individual. Theres no reason to be saying such things.,1.0,3,Suspend,4.9,3.698
883c6d7a-83ce-420e-b187-3128a56e1616,ai,0caff4,2,41325,Again very direct messaging to a single individual. Calling the individual inappropriate slurs and swearing. Also direct online threats should be reportable to some sort of authority.,0.75,2,Suspend,4.55,3.049
883c6d7a-83ce-420e-b187-3128a56e1616,ai,0caff4,3,41325,"Similar to the first account, this person had a couple messages that are directly aimed at an individual. The use of slurs and attacks on ones family is not justifiable. ",0.5,3,Suspend,3.97,3.461
883c6d7a-83ce-420e-b187-3128a56e1616,ai,0caff4,4,41325,There was no messages that reviewed here that seemed to be offensive. Also there was no verbal attack on any individuals.,0.25,2,Do not suspend,4.97,5.104
883c6d7a-83ce-420e-b187-3128a56e1616,ai,0caff4,5,41325,There was nothing here of substance that warranted a suspension. In fact this user is actually praising others.,0.0,2,Do not suspend,4.45,2.777
2ee6b9be-6ea5-4dbf-8780-7e22df0d7db7,ai,73800e,1,42315,All of their messages are extremely offensive which includes not only death threats but also derogatory terms,1.0,3,Suspend,5.0,4.698
2ee6b9be-6ea5-4dbf-8780-7e22df0d7db7,ai,73800e,2,42315,Both messages are enough to tell me that they are dangerous to social media with the threats and need to be suspended immediately,0.75,2,Suspend,5.0,4.873
2ee6b9be-6ea5-4dbf-8780-7e22df0d7db7,ai,73800e,3,42315,"2 of the messsages are offensive. Even if they didnt involve death threats, they are offensive enough because they are using derogatory terms and therefore should be suspended",0.5,3,Suspend,5.0,4.922
2ee6b9be-6ea5-4dbf-8780-7e22df0d7db7,ai,73800e,4,42315,Most of the messages I viewed were not offensive but the 1 message threatening to kill someone is offensive enough to require an account suspension,0.25,5,Suspend,4.0,16.154
2ee6b9be-6ea5-4dbf-8780-7e22df0d7db7,ai,73800e,5,42315,"After5 reviewing 4 messages, it does not seem like this person would have any offensive messages. They are all very neutral with no insults, cursing or threats",0.0,4,Do not suspend,4.45,8.689
e2c9b5b5-faf2-468c-9b31-f5f0444d460c,crowd,ab0b8e,1,12354,Pattern of continuous insults and wishing death on animals.,1.0,4,Suspend,4.0,7.021
e2c9b5b5-faf2-468c-9b31-f5f0444d460c,crowd,ab0b8e,2,12354,"Threats of murder, insults, and wishing death.",0.75,4,Suspend,3.5,7.746
e2c9b5b5-faf2-468c-9b31-f5f0444d460c,crowd,ab0b8e,3,12354,Gratuitous insults for no discernable reason.,0.5,7,Suspend,3.5,7.944
e2c9b5b5-faf2-468c-9b31-f5f0444d460c,crowd,ab0b8e,4,12354,Threats of murder.,0.25,7,Suspend,4.0,11.977
e2c9b5b5-faf2-468c-9b31-f5f0444d460c,crowd,ab0b8e,5,12354,No insults or threats found in all read messages thus far.,0.0,6,Do not suspend,4.0,6.597
9a8f5da1-cf23-4e57-a3a7-b12323e31eb3,ai,3ee984,1,24153,This message is extremely hateful and negative.,1.0,1,Suspend,4.02,3.409
9a8f5da1-cf23-4e57-a3a7-b12323e31eb3,ai,3ee984,2,24153,The message is extremely threatening and not positive behavior.,0.75,1,Suspend,3.99,7.457
9a8f5da1-cf23-4e57-a3a7-b12323e31eb3,ai,3ee984,3,24153,Hateful message.,0.5,1,Suspend,5.0,2.908
9a8f5da1-cf23-4e57-a3a7-b12323e31eb3,ai,3ee984,4,24153,This message was simply ones person statement and beliefs. Nothing was harmful about it.,0.25,1,Do not suspend,4.04,3.907
9a8f5da1-cf23-4e57-a3a7-b12323e31eb3,ai,3ee984,5,24153,This is a positive message. This person acknowledges others help. Not offensive at all.,0.0,1,Do not suspend,4.98,3.725
80a0d275-1d07-4992-9eb3-50ff7ebdc3db,control,4cfa61,1,15432,"I chose to suspend this account because of the use of offensive, derogatory language towards a group of people that are a minority. Also wanting someone to die is rude. ",1.0,1,Suspend,5.0,5.467
80a0d275-1d07-4992-9eb3-50ff7ebdc3db,control,4cfa61,2,15432,"Again, threatening to kill someone is scary and gross. People who speak this way to others should be suspended and unable to use their account or access the platform. ",0.75,1,Suspend,5.0,2.993
80a0d275-1d07-4992-9eb3-50ff7ebdc3db,control,4cfa61,3,15432,"The use of slurs and derogatory language is rude, offensive, and gross. They were obviously trying to hurt someones feelings with this message, therefore their account should be suspended. ",0.5,1,Suspend,5.0,3.927
80a0d275-1d07-4992-9eb3-50ff7ebdc3db,control,4cfa61,4,15432,"The first two messages were fine, but the threatening to kill someone is offensive and scary. It is not an appropriate message to send someone.",0.25,3,Suspend,5.0,4.075
80a0d275-1d07-4992-9eb3-50ff7ebdc3db,control,4cfa61,5,15432,I thought the comments were sweet and had no indication of turning offensive overtime.,0.0,2,Do not suspend,5.0,4.71
4ae68415-1a4c-47f9-abe3-2d18dcce302a,ai,074b73,1,24351,The messages I read were very offensive by wishing cancer on someone which is awful and saying their dog should die.,1.0,4,Suspend,5.0,3.589
4ae68415-1a4c-47f9-abe3-2d18dcce302a,ai,074b73,2,24351,I misclicked for message one and out of the 4 messages I read there were more offensive than not.,0.75,4,Suspend,3.14,4.691
4ae68415-1a4c-47f9-abe3-2d18dcce302a,ai,074b73,3,24351,I only read three messages for this account and the two were very offensive as the messages were about things a person cannot control such as sexual orientation or looks.,0.5,3,Suspend,4.65,4.677
4ae68415-1a4c-47f9-abe3-2d18dcce302a,ai,074b73,4,24351,I read 4 messages and only 1/4 was really offensive so I thought maybe suspending it is not worth it as more were not offensive.,0.25,4,Do not suspend,3.42,4.762
4ae68415-1a4c-47f9-abe3-2d18dcce302a,ai,074b73,5,24351,I read four messages and none were offensive. Most were about themselves or showed empathy.,0.0,4,Do not suspend,5.0,3.822
358a8cdb-b127-494c-9efc-e37528c23e53,control,0f59f7,1,42153,the message contained severe offensive language and a harmful threat.,1.0,1,Suspend,5.0,7.228
358a8cdb-b127-494c-9efc-e37528c23e53,control,0f59f7,2,42153,It looks like the review of the message was explicitly violent and so I chose to suspend the account with high confidence.,0.75,1,Suspend,5.0,4.665
358a8cdb-b127-494c-9efc-e37528c23e53,control,0f59f7,3,42153,Considering if the message had a significant impact on others or if it was seen as less harmful in the given context.,0.5,1,Do not suspend,2.98,5.118
358a8cdb-b127-494c-9efc-e37528c23e53,control,0f59f7,4,42153,The words were offensive,0.25,2,Do not suspend,4.02,7.746
358a8cdb-b127-494c-9efc-e37528c23e53,control,0f59f7,5,42153,it appears to be a positive or neutral statement expressing gratitude.,0.0,1,Do not suspend,5.0,11.423
c527f981-4f55-4b7c-a648-27d8a79facb1,ai,fedb6a,1,53214,Account 4 again uses slurs and it's possible you could see the second message as a threat towards another users dog.,1.0,3,Suspend,5.0,3.183
c527f981-4f55-4b7c-a648-27d8a79facb1,ai,fedb6a,2,53214,"Not only did account 3 use slurs, but they also threaten another user with lethal violence and admit to committing a crime.  ",0.75,2,Suspend,5.0,3.318
c527f981-4f55-4b7c-a648-27d8a79facb1,ai,fedb6a,3,53214,Account 2 throws around slurs and insults as easily as breathing. They seem quick to anger so it's likely more of these messages would happen given time.,0.5,3,Suspend,5.0,4.363
c527f981-4f55-4b7c-a648-27d8a79facb1,ai,fedb6a,4,53214,"Throughout the 6 messages, account 5 only had one horrible message. But the message was a direct threat to another person which is why I wasn't as confident about my choice.",0.25,6,Do not suspend,4.0,8.81
c527f981-4f55-4b7c-a648-27d8a79facb1,ai,fedb6a,5,53214,Account 1 seems to be a moderately positive person who isn't afraid to talk about their emotions and social opinions in a non-derogatory way.,0.0,3,Do not suspend,4.0,6.921
2e60f023-d4ef-460f-a8b5-31164eb105f3,crowd,56a98f,1,35142,"The first hateful message was enough for suspension. Hate speech really should not be tolerated and seen as normal, it should be challenged. seeing 3 offensive comments easily solidifies need of suspension. Its skimming a death threat.",1.0,3,Suspend,5.0,7.411
2e60f023-d4ef-460f-a8b5-31164eb105f3,crowd,56a98f,2,35142,Another death threat that should not be accepted. This is severely offensive for what can be said through text. This warrants more than suspension. It should be investigated.,0.75,3,Suspend,5.0,5.468
2e60f023-d4ef-460f-a8b5-31164eb105f3,crowd,56a98f,3,35142,account 1 uses hate speech and derogatory terms. They have said offensive things multiple times. They should not get a pass.,0.5,3,Suspend,5.0,9.31
2e60f023-d4ef-460f-a8b5-31164eb105f3,crowd,56a98f,4,35142,"Although just one message was offensive, that is all it takes. Once is enough. This is particularly a bad case because its a direct death threat whether acted upon or not. This is not something to be tolerated. This needs more than suspension.",0.25,4,Suspend,5.0,5.787
2e60f023-d4ef-460f-a8b5-31164eb105f3,crowd,56a98f,5,35142,I checked a few messages and found nothing offensive. Perhaps if I checked 3 more I would have a 5 on confidence. They seemed particularly polite even in what seemed debates and disagreements. No reason has been shown for suspension.,0.0,4,Do not suspend,4.9,19.5
96f40625-0960-4ef9-87b2-4679ffaaf9ec,ai,6d2849,1,24315,discrimination and wanting death on other,1.0,2,Suspend,4.62,3.089
96f40625-0960-4ef9-87b2-4679ffaaf9ec,ai,6d2849,2,24315,It mentions gruesome actions,0.75,1,Suspend,4.14,4.874
96f40625-0960-4ef9-87b2-4679ffaaf9ec,ai,6d2849,3,24315,discrimination,0.5,1,Suspend,4.49,3.092
96f40625-0960-4ef9-87b2-4679ffaaf9ec,ai,6d2849,4,24315,it does not mention anything violent,0.25,2,Do not suspend,3.69,3.314
96f40625-0960-4ef9-87b2-4679ffaaf9ec,ai,6d2849,5,24315,nothing harmful,0.0,2,Do not suspend,4.26,3.224
92907535-f816-4c98-87ac-9dcb478ae825,ai,4145c0,1,32154,It was just an insult,1.0,1,Do not suspend,3.06,3.544
92907535-f816-4c98-87ac-9dcb478ae825,ai,4145c0,2,32154,He made a threat,0.75,1,Suspend,4.71,3.281
92907535-f816-4c98-87ac-9dcb478ae825,ai,4145c0,3,32154,The message was very offensive,0.5,1,Suspend,3.62,3.811
92907535-f816-4c98-87ac-9dcb478ae825,ai,4145c0,4,32154,Not offensive,0.25,1,Do not suspend,3.58,2.613
92907535-f816-4c98-87ac-9dcb478ae825,ai,4145c0,5,32154,No offence here,0.0,1,Do not suspend,3.53,7.845
91b11164-6633-4270-b351-1add0826b43b,control,dcebc4,1,25143,Account used hate speech and offensive language.,1.0,2,Suspend,4.98,4.544
91b11164-6633-4270-b351-1add0826b43b,control,dcebc4,2,25143,Account made threats of violence and used hate speech.,0.75,2,Suspend,5.0,5.629
91b11164-6633-4270-b351-1add0826b43b,control,dcebc4,3,25143,"Account used terms like ""faggot"" which constitute hate speech.",0.5,1,Suspend,5.0,5.488
91b11164-6633-4270-b351-1add0826b43b,control,dcebc4,4,25143,Person didn't use any profanity or language that was improper. They were just writing a normal message.,0.25,2,Do not suspend,5.0,4.618
91b11164-6633-4270-b351-1add0826b43b,control,dcebc4,5,25143,There was no offensive language or threats used by account.,0.0,3,Do not suspend,4.98,5.158
bef3e651-f359-42d6-8fe2-4f5d8679094b,ai,5a86f9,1,13425,The use of words like 'gay' and 'fag' are offensive to LGBTQ people and highly directed.,1.0,5,Suspend,3.99,3.881
bef3e651-f359-42d6-8fe2-4f5d8679094b,ai,5a86f9,2,13425,Offensive language and threats to the admins on message 5.,0.75,6,Suspend,3.64,2.916
bef3e651-f359-42d6-8fe2-4f5d8679094b,ai,5a86f9,3,13425,The phrase 'dysfunction sexual' indicates to me this person is a troll or a bot from another country that doesn't speak English.,0.5,11,Suspend,3.28,5.152
bef3e651-f359-42d6-8fe2-4f5d8679094b,ai,5a86f9,4,13425,"References to gun violence, but there is some small indication this is fiction in message 4.",0.25,16,Do not suspend,1.68,8.385
bef3e651-f359-42d6-8fe2-4f5d8679094b,ai,5a86f9,5,13425,I didn't find anything offensive here.,0.0,3,Do not suspend,3.5,3.942
755f40f0-0c47-4dd3-b052-786bdc1d050f,crowd,87fe20,1,24315,They encourage physical violence and use offensive language and slurs,1.0,3,Suspend,4.98,6.596
755f40f0-0c47-4dd3-b052-786bdc1d050f,crowd,87fe20,2,24315,They were pretty consistently using language that contained slurs and wished for personal harm.,0.75,4,Suspend,4.9,7.819
755f40f0-0c47-4dd3-b052-786bdc1d050f,crowd,87fe20,3,24315,"Again, the use of slurs and offensive language is frequent. They also do some racial profiling",0.5,5,Suspend,4.9,8.002
755f40f0-0c47-4dd3-b052-786bdc1d050f,crowd,87fe20,4,24315,"Some of the messages involved threats of physical violence. I wanted to be sure these weren't taken out of context (i.e. they were quoting someone else), but the frequency suggests that they weren't. They also used offensive language",0.25,11,Suspend,2.2,19.697
755f40f0-0c47-4dd3-b052-786bdc1d050f,crowd,87fe20,5,24315,There isn't any content here that suggests inappropriate behavior,0.0,10,Do not suspend,4.95,7.741
fbfa9c75-b394-43fd-a72d-4ea4534f9cb9,crowd,f08844,1,31524,all the messages reviewed had offensive language written,1.0,5,Suspend,5.0,2.827
fbfa9c75-b394-43fd-a72d-4ea4534f9cb9,crowd,f08844,2,31524,most of the messages written by this account contained offensive content,0.75,5,Suspend,5.0,2.966
fbfa9c75-b394-43fd-a72d-4ea4534f9cb9,crowd,f08844,3,31524,a majority of the messages written by account 1 were offensive,0.5,5,Suspend,4.5,7.92
fbfa9c75-b394-43fd-a72d-4ea4534f9cb9,crowd,f08844,4,31524,"while only one of the messages contained offensive content, it was quite disturbing and could have very negative impacts on other users",0.25,5,Suspend,4.0,6.637
fbfa9c75-b394-43fd-a72d-4ea4534f9cb9,crowd,f08844,5,31524,none of the messages reviewed contained offensive content,0.0,5,Do not suspend,5.0,4.058
cd5ebfe6-0aa8-4fb0-a702-45fb61be1ae2,crowd,6a2b0c,1,45132,all 4 comments viewed were offensive,1.0,4,Suspend,4.99,3.743
cd5ebfe6-0aa8-4fb0-a702-45fb61be1ae2,crowd,6a2b0c,2,45132,majority of comments were offensive,0.75,5,Suspend,4.98,3.713
cd5ebfe6-0aa8-4fb0-a702-45fb61be1ae2,crowd,6a2b0c,3,45132,majority of comments were offensive,0.5,5,Suspend,5.0,3.672
cd5ebfe6-0aa8-4fb0-a702-45fb61be1ae2,crowd,6a2b0c,4,45132,out of 5 messages only one was offensive. was on the fence on suspension.,0.25,5,Do not suspend,4.54,6.255
cd5ebfe6-0aa8-4fb0-a702-45fb61be1ae2,crowd,6a2b0c,5,45132,no offensive comments seen in 5 messages.,0.0,5,Do not suspend,4.99,4.748
26429584-a1a5-43df-9b5c-38d0072a4730,crowd,07a00c,1,32415,i suspended this account because it had nothing but bad messages one after the next and they were very vulgar and offensive,1.0,4,Suspend,4.97,4.403
26429584-a1a5-43df-9b5c-38d0072a4730,crowd,07a00c,2,32415,there was more offensive messages than not. some were very offensive,0.75,6,Suspend,5.0,5.76
26429584-a1a5-43df-9b5c-38d0072a4730,crowd,07a00c,3,32415,there was several messages that were full of rage and explicit emotions,0.5,7,Suspend,4.99,7.675
26429584-a1a5-43df-9b5c-38d0072a4730,crowd,07a00c,4,32415,i decided not to suspend because there was only one bad message among the ones i viewed. while it offensive it was not too bad,0.25,6,Do not suspend,4.03,11.376
26429584-a1a5-43df-9b5c-38d0072a4730,crowd,07a00c,5,32415,this account had nothing but kind messages nothing offensive or out of touch,0.0,3,Do not suspend,4.99,11.376
c83da7ba-5a17-4a5f-9dee-fc3ab1e749a5,ai,7d7d7a,1,43251,"The words chosen to be written by this person are sickening. They deserve no social media presence, and I hope they never use these words in real life. If they use such inhumane words in their day to day, I hope I never have the pain of meeting them.",1.0,2,Suspend,4.61,3.412
c83da7ba-5a17-4a5f-9dee-fc3ab1e749a5,ai,7d7d7a,2,43251,"Reading these messages also made me feel sick and if I was able to unread these messages I would feel so much better, but it is always good to know the evil in the world. I would want to protect the people I love and other innocents from reading this",0.75,2,Suspend,5.0,5.223
c83da7ba-5a17-4a5f-9dee-fc3ab1e749a5,ai,7d7d7a,3,43251,Reading more messages would have made me sick to my stomach and just these messages alone with no context are truly sickening. This person does not deserve any presence on social media or even to have their opinions heard in real life.,0.5,3,Suspend,4.27,4.3
c83da7ba-5a17-4a5f-9dee-fc3ab1e749a5,ai,7d7d7a,4,43251,I should have looked at more message but without understanding all of the context from just these messages alone the owner of the account seems decent enough.,0.25,2,Do not suspend,4.0,8.445
c83da7ba-5a17-4a5f-9dee-fc3ab1e749a5,ai,7d7d7a,5,43251,From these messages I felt a sense of empathy and sympathy from whoever wrote these. I might need more context to truly understand but reading these with no context does not seem suspend worthy.,0.0,3,Do not suspend,4.05,5.675
e12acac9-85cf-4d27-8cfe-574a2ebf661e,control,b616f6,1,13245,that was an unpleasant  statement,1.0,1,Suspend,4.95,15.286
e12acac9-85cf-4d27-8cfe-574a2ebf661e,control,b616f6,2,13245,not offensive at all since it did not defame anyone image,0.75,1,Suspend,3.95,16.898
e12acac9-85cf-4d27-8cfe-574a2ebf661e,control,b616f6,3,13245,the was defamation statement,0.5,1,Do not suspend,3.99,9.845
e12acac9-85cf-4d27-8cfe-574a2ebf661e,control,b616f6,4,13245,not directed to anyone at all in the form of insult,0.25,1,Do not suspend,4.98,7.124
e12acac9-85cf-4d27-8cfe-574a2ebf661e,control,b616f6,5,13245,that was appreciative statement rather,0.0,1,Do not suspend,5.0,6.827
9968ac18-8d60-46f2-8a6a-a521303c3583,control,17a700,1,45123,bad verbiage and threatening statements were used/made.,1.0,1,Suspend,5.0,6.193
9968ac18-8d60-46f2-8a6a-a521303c3583,control,17a700,2,45123,threatening and concerning behavior were shown in this message.,0.75,1,Suspend,5.0,3.265
9968ac18-8d60-46f2-8a6a-a521303c3583,control,17a700,3,45123,bad verbiage and mean statements were directed at an individual.,0.5,1,Suspend,5.0,3.297
9968ac18-8d60-46f2-8a6a-a521303c3583,control,17a700,4,45123,The third message was a red flag. Very offensive and should be suspended.,0.25,3,Suspend,4.02,6.149
9968ac18-8d60-46f2-8a6a-a521303c3583,control,17a700,5,45123,"out of 3 messages, none were alarming. ",0.0,3,Do not suspend,4.0,4.974
496f2dbd-17bf-48c3-9822-563e2a4ef82d,control,2271b0,1,13452,"Called for violence and the death of others, used offensive slurs",1.0,3,Suspend,4.68,4.04
496f2dbd-17bf-48c3-9822-563e2a4ef82d,control,2271b0,2,13452,Violent language and frequent use of cursing/slurs,0.75,4,Suspend,3.96,3.278
496f2dbd-17bf-48c3-9822-563e2a4ef82d,control,2271b0,3,13452,"Less of their messages were offensive, but they still had very crass language and used several slurs",0.5,5,Suspend,3.21,8.442
496f2dbd-17bf-48c3-9822-563e2a4ef82d,control,2271b0,4,13452,"only had one offensive message, but it was very violent and called for death, in addition to using a slur",0.25,5,Suspend,2.06,8.773
496f2dbd-17bf-48c3-9822-563e2a4ef82d,control,2271b0,5,13452,"all messages were good messages, with no cursing, slurs, or troubling content",0.0,4,Do not suspend,4.99,3.511
19957cb7-91aa-4873-a122-ac2789b4260d,ai,5.77E+02,1,52314,Not offensive,1.0,1,Do not suspend,4.07,2.816
19957cb7-91aa-4873-a122-ac2789b4260d,ai,5.77E+02,2,52314,Ver negative comment,0.75,1,Suspend,4.48,4.112
19957cb7-91aa-4873-a122-ac2789b4260d,ai,5.77E+02,3,52314,Not offensive,0.5,1,Do not suspend,4.01,3.482
19957cb7-91aa-4873-a122-ac2789b4260d,ai,5.77E+02,4,52314,No offense in the message,0.25,1,Do not suspend,4.62,2.912
19957cb7-91aa-4873-a122-ac2789b4260d,ai,5.77E+02,5,52314,Not offensive,0.0,1,Do not suspend,4.16,4.11
2d67e5b2-ad25-45ae-b7b9-39ae0bd58590,crowd,f55c10,1,15234,"Both messages viewed were very offensive, so the account should be suspended",1.0,2,Suspend,5.0,4.315
2d67e5b2-ad25-45ae-b7b9-39ae0bd58590,crowd,f55c10,2,15234,Account shows multiple posts that are offensive,0.75,2,Suspend,5.0,3.716
2d67e5b2-ad25-45ae-b7b9-39ae0bd58590,crowd,f55c10,3,15234,Account continued posting offensive messages and tried to justify it,0.5,3,Suspend,5.0,2.901
2d67e5b2-ad25-45ae-b7b9-39ae0bd58590,crowd,f55c10,4,15234,the account should receive a soft ban/ posting ban for a couple of days but it seems like the one offensive message was a one off thing,0.25,4,Do not suspend,2.99,11.309
2d67e5b2-ad25-45ae-b7b9-39ae0bd58590,crowd,f55c10,5,15234,Both of these messages were not offensive so the account shouldn't be suspended,0.0,2,Do not suspend,4.02,4.061
3246c910-edc5-4a19-a587-0cbcced72c21,crowd,e660af,1,43512,"Just clear slurs and pure hatred, zero reason to not suspend this account, this is literally indefensible. ",1.0,3,Suspend,5.0,2.869
3246c910-edc5-4a19-a587-0cbcced72c21,crowd,e660af,2,43512,"Violent threats and slurs! Wow now that's a combo, again zero reason this account shouldn't be permanently banned, all of the accounts I chose to suspend should be banned permanently honestly.",0.75,4,Suspend,5.0,3.296
3246c910-edc5-4a19-a587-0cbcced72c21,crowd,e660af,3,43512,"Slurs and derogatory terms should be suspended instantly, it makes zero sense to allow that on any platform.",0.5,3,Suspend,5.0,4.375
3246c910-edc5-4a19-a587-0cbcced72c21,crowd,e660af,4,43512,Any form of violent threat shouldn't be tolerated under any circumstances on any social media platform.,0.25,5,Suspend,4.5,9.109
3246c910-edc5-4a19-a587-0cbcced72c21,crowd,e660af,5,43512,"Nothing said here deserved a suspension, just seemed like a normal person updating on normal things.",0.0,5,Do not suspend,4.5,14.104
3887d13a-2522-48e4-930f-24545d0aeb9e,control,a2e107,1,15432,bullying and homophobic remarks,1.0,1,Suspend,3.98,19.184
3887d13a-2522-48e4-930f-24545d0aeb9e,control,a2e107,2,15432,death threats should be taken seriously no matter the platform one is on,0.75,1,Suspend,5.0,9.387
3887d13a-2522-48e4-930f-24545d0aeb9e,control,a2e107,3,15432,user is commentating about their experience and advising,0.5,2,Do not suspend,4.03,7.387
3887d13a-2522-48e4-930f-24545d0aeb9e,control,a2e107,4,15432,user expressing good feeling,0.25,2,Do not suspend,4.01,11.751
3887d13a-2522-48e4-930f-24545d0aeb9e,control,a2e107,5,15432,positive remarks regarding to the great people surrounding the individual,0.0,1,Do not suspend,5.0,11.482
48b51512-a531-4df0-abf7-2466a2e70562,control,64a8ea,1,35241,Use of hateful slur is unacceptable,1.0,1,Suspend,5.0,2.294
48b51512-a531-4df0-abf7-2466a2e70562,control,64a8ea,2,35241,Threatening violence is unacceptable,0.75,1,Suspend,5.0,2.656
48b51512-a531-4df0-abf7-2466a2e70562,control,64a8ea,3,35241,Contained hateful slur,0.5,1,Suspend,4.9,5.363
48b51512-a531-4df0-abf7-2466a2e70562,control,64a8ea,4,35241,Nothing problematic here,0.25,2,Do not suspend,5.0,2.241
48b51512-a531-4df0-abf7-2466a2e70562,control,64a8ea,5,35241,Nothing problematic here,0.0,2,Do not suspend,5.0,3.471
fd39d70c-f8e4-42b5-856b-08f44020686c,crowd,68f7d3,1,35412,Wishing death or threatening death or telling someone to die should result in an automatic suspension.,1.0,1,Suspend,5.0,4.727
fd39d70c-f8e4-42b5-856b-08f44020686c,crowd,68f7d3,2,35412,The first mention of killing someone results in an automatic suspension.,0.75,1,Suspend,5.0,5.076
fd39d70c-f8e4-42b5-856b-08f44020686c,crowd,68f7d3,3,35412,"This account has made multiple hate comments.  They are hateful, offensive, and discriminatory.  It should not be permitted.",0.5,5,Suspend,4.47,5.752
fd39d70c-f8e4-42b5-856b-08f44020686c,crowd,68f7d3,4,35412,Any threat or comment about killing another person should result in an automatic suspension.,0.25,3,Suspend,5.0,5.37
fd39d70c-f8e4-42b5-856b-08f44020686c,crowd,68f7d3,5,35412,None of these messages are offensive.  The account posts messages that are somewhat positive in nature.,0.0,4,Do not suspend,5.0,7.651
af5c7eb6-219e-440f-8cbe-ddd5c7ac14d0,crowd,84c51d,1,45132,"Although wishing someone dies is not illegal when it comes to a free speech perspective, this person uses homophobic slurs and hate speech, which coupled with the wish of death, makes me think this person is a very dangerous individual.",1.0,3,Suspend,5.0,3.917
af5c7eb6-219e-440f-8cbe-ddd5c7ac14d0,crowd,84c51d,2,45132,"Death threat. This person said what they were going to do, so this is not the same a wishing someone death. This is actually a crime. Homophobic speech as well.",0.75,4,Suspend,5.0,3.11
af5c7eb6-219e-440f-8cbe-ddd5c7ac14d0,crowd,84c51d,3,45132,"Homophobic speech and mocking a person's family appearance is not good. Nothing illegal was really said here, but socially, this person is an undesirable that most decent people would not want to encounter in real life.",0.5,3,Suspend,5.0,5.277
af5c7eb6-219e-440f-8cbe-ddd5c7ac14d0,crowd,84c51d,4,45132,This is just normal social media activity for a normal user. Message one is just somebody calling someone out for not having proof of something. Message 2 is just happy.,0.25,2,Do not suspend,5.0,5.556
af5c7eb6-219e-440f-8cbe-ddd5c7ac14d0,crowd,84c51d,5,45132,The message is an acknowledgment that other people contributed to the success of the message writing. No offensive material here.,0.0,1,Do not suspend,5.0,5.823
4087dea3-9032-4482-962a-3976a83c5ad7,crowd,c23f5d,1,24531,hate speech with bad spelling,1.0,1,Suspend,5.0,3.444
4087dea3-9032-4482-962a-3976a83c5ad7,crowd,c23f5d,2,24531,Threatens violence against another person,0.75,1,Suspend,5.0,5.321
4087dea3-9032-4482-962a-3976a83c5ad7,crowd,c23f5d,3,24531,Hate speech,0.5,1,Suspend,5.0,3.352
4087dea3-9032-4482-962a-3976a83c5ad7,crowd,c23f5d,4,24531,Message 3 uses violent language and threats against another person.,0.25,3,Suspend,5.0,3.924
4087dea3-9032-4482-962a-3976a83c5ad7,crowd,c23f5d,5,24531,Nothing I saw in the first 5 messages indicated they should be suspended,0.0,5,Do not suspend,3.98,4.941
cd2b6c6a-8104-4692-9d37-225c90598dd1,ai,7ffe3a,1,12354,"Calling people offensive names and wishing cancer on them, a painful death, and death to their dog - these are the reasons to suspend the account. ",1.0,2,Suspend,4.98,6.945
cd2b6c6a-8104-4692-9d37-225c90598dd1,ai,7ffe3a,2,12354,Even with just Message #1 - threatening to shoot someone - that alone is justification to suspend the account.,0.75,4,Suspend,5.0,4.745
cd2b6c6a-8104-4692-9d37-225c90598dd1,ai,7ffe3a,3,12354,"Overall this person is offensive - calling someone a faggot, insulting looks and ethnicity, calling someone a fuckin whore - these are all reasons to suspend the account.",0.5,7,Suspend,4.66,9.095
cd2b6c6a-8104-4692-9d37-225c90598dd1,ai,7ffe3a,4,12354,Message #3 alone - threatening to kill someone is justification to suspend. Threatening violence cannot be tolerated.,0.25,7,Suspend,3.01,9.843
cd2b6c6a-8104-4692-9d37-225c90598dd1,ai,7ffe3a,5,12354,"I did not see anything that justified suspension. Thus, my decision was Do Not Suspend. ",0.0,3,Do not suspend,4.5,6.945
69b51fa6-db47-4b8d-b55c-8b5ffc4be1a5,crowd,7561a6,1,12435,Wishing death on someone is pretty offensive. This account also used slurs and accused someone of pedophilia without evidence.,1.0,4,Suspend,3.83,7.16
69b51fa6-db47-4b8d-b55c-8b5ffc4be1a5,crowd,7561a6,2,12435,This account was frequently abusive to others and actually threatened to shoot someone.,0.75,5,Suspend,3.98,7.792
69b51fa6-db47-4b8d-b55c-8b5ffc4be1a5,crowd,7561a6,3,12435,This user frequently insulted others with profanity and slurs.,0.5,7,Suspend,3.66,5.372
69b51fa6-db47-4b8d-b55c-8b5ffc4be1a5,crowd,7561a6,4,12435,This account threatened to kill someone while calling them a slur.,0.25,3,Suspend,4.46,6.651
69b51fa6-db47-4b8d-b55c-8b5ffc4be1a5,crowd,7561a6,5,12435,I didn't see any offensive behavior with this account.,0.0,7,Do not suspend,5.0,3.065
147e86b7-9d82-4fa6-8053-79beb1fb042e,ai,2ddaaa,1,35124,"shows a clear insult to other people, for this problem your account will be suspended for a period of time",1.0,1,Suspend,5.0,2.342
147e86b7-9d82-4fa6-8053-79beb1fb042e,ai,2ddaaa,2,35124,"shows a clear insult to other people, for this problem your account will be suspended for a period of time",0.75,1,Suspend,4.98,2.932
147e86b7-9d82-4fa6-8053-79beb1fb042e,ai,2ddaaa,3,35124,"shows a clear insult to other people, for this problem your account will be suspended for a period of time",0.5,1,Suspend,4.95,3.964
147e86b7-9d82-4fa6-8053-79beb1fb042e,ai,2ddaaa,4,35124,no problem with your account,0.25,1,Do not suspend,5.0,3.811
147e86b7-9d82-4fa6-8053-79beb1fb042e,ai,2ddaaa,5,35124,Nothing,0.0,1,Do not suspend,4.99,4.648
e4ebb012-15e4-4c20-b68a-77be9761cb21,control,cea256,1,25341,"The first two messages were very harmful, so I felt it was necessary to suspend the account. ",1.0,2,Suspend,5.0,3.556
e4ebb012-15e4-4c20-b68a-77be9761cb21,control,cea256,2,25341,All of their messages was harmful. This account needed to be suspended.,0.75,4,Suspend,4.99,4.762
e4ebb012-15e4-4c20-b68a-77be9761cb21,control,cea256,3,25341,"While they did have one post that wasn't offensive, the other ones negated the one. ",0.5,3,Suspend,5.0,3.26
e4ebb012-15e4-4c20-b68a-77be9761cb21,control,cea256,4,25341,I had to dig a little on this account because there was a few non offensive texts but as I went deeper. It was clear the individual made some bad choices.,0.25,7,Suspend,4.07,3.297
e4ebb012-15e4-4c20-b68a-77be9761cb21,control,cea256,5,25341,Nothing this person said was offensive in the messages that I read.,0.0,4,Do not suspend,5.0,4.868
39ab5a4c-c7ab-4268-8f50-8b8122d844ab,crowd,732194,1,52431,Hate speech and slurs were used in the post to denote negative consequences.,1.0,1,Suspend,3.65,6.122
39ab5a4c-c7ab-4268-8f50-8b8122d844ab,crowd,732194,2,52431,The posts contained hate speech.,0.75,2,Suspend,3.99,4.209
39ab5a4c-c7ab-4268-8f50-8b8122d844ab,crowd,732194,3,52431,Hate speech and slurs used in the post.,0.5,1,Suspend,3.04,3.719
39ab5a4c-c7ab-4268-8f50-8b8122d844ab,crowd,732194,4,52431,One of the posts indicated violence negative connotation and use of slurs.,0.25,6,Suspend,2.03,5.117
39ab5a4c-c7ab-4268-8f50-8b8122d844ab,crowd,732194,5,52431,I did not find anything that a reasonable person would be offended by.,0.0,4,Do not suspend,3.98,4.096
e00c38ec-0c24-4ca1-b8bf-9228303ec39a,crowd,a7e868,1,13425,This account needs to be suspended because they are saying offensive and hateful words. Multiple sentences of offensive speech were used.,1.0,1,Suspend,5.0,8.7
e00c38ec-0c24-4ca1-b8bf-9228303ec39a,crowd,a7e868,2,13425,This account should be suspended because they are using threatening and harmful language. This account should certainly be suspended for use of hateful words.,0.75,2,Suspend,5.0,5.602
e00c38ec-0c24-4ca1-b8bf-9228303ec39a,crowd,a7e868,3,13425,This account needs to be suspended because they are saying offensive and hateful words. The words they used are hurtful and offensive.,0.5,1,Suspend,5.0,6.17
e00c38ec-0c24-4ca1-b8bf-9228303ec39a,crowd,a7e868,4,13425,This account should not be suspended because they are not using hateful words and not saying anything offensive,0.25,2,Do not suspend,4.99,4.006
e00c38ec-0c24-4ca1-b8bf-9228303ec39a,crowd,a7e868,5,13425,This account should not be suspended. They are not using inappropriate words and are not being hateful.,0.0,2,Do not suspend,5.0,3.792
90216bd3-8134-452d-a40c-7c9f38c1f0f1,control,5280d5,1,51423,"I went through a lot more messages on this account hoping for something to shake my confidence, but everything from this account I was shown was vile, bullying, harassing, homophobic, etc.",1.0,9,Suspend,5.0,3.628
90216bd3-8134-452d-a40c-7c9f38c1f0f1,control,5280d5,2,51423,"This accounts messages that I reviewed are almost all offensive and bullying people. When the content being posted is more offensive than not, it seems solid grounds for suspension.",0.75,9,Suspend,4.0,6.238
90216bd3-8134-452d-a40c-7c9f38c1f0f1,control,5280d5,3,51423,"Much like account 4, this one had some non-offensive things in it. The offensive things far outweigh to me though between the racism and slurs used.",0.5,7,Suspend,4.75,9.502
90216bd3-8134-452d-a40c-7c9f38c1f0f1,control,5280d5,4,51423,"This one was tough, the majority of messages I reviewed were fine. The two marked offensive are threats to another's life, which to me is grounds for suspension, but may not be to others.",0.25,8,Do not suspend,3.4,13.826
90216bd3-8134-452d-a40c-7c9f38c1f0f1,control,5280d5,5,51423,The messages I reviewed from this account all were harmless messages that seemed to just be someone talking about things going on in their life.,0.0,4,Do not suspend,4.32,10.532
d7a57288-ab65-46bf-a376-66f7eb2be30b,crowd,bcde7e,1,41523,Every message contained something very offensive and threats. This is not tolerated nor will it be accepted ever.,1.0,3,Suspend,5.0,3.399
d7a57288-ab65-46bf-a376-66f7eb2be30b,crowd,bcde7e,2,41523,"Even though one message was not offensive, the latest two were very offensive and full of slurs. Not tolerable in the slightest.",0.75,3,Suspend,4.72,3.529
d7a57288-ab65-46bf-a376-66f7eb2be30b,crowd,bcde7e,3,41523,"Seems like the account went back and forth with offensive posts. Even if they were hacked, such messages cannot be tolerated.",0.5,5,Suspend,4.68,3.423
d7a57288-ab65-46bf-a376-66f7eb2be30b,crowd,bcde7e,4,41523,"Threatening messages and using slurs is not tolerated even if the other messages were considered ""not offensive"".",0.25,3,Suspend,5.0,6.25
d7a57288-ab65-46bf-a376-66f7eb2be30b,crowd,bcde7e,5,41523,There is no evidence of anything offensive or harmful in meaning that I could see.,0.0,4,Do not suspend,4.9,3.476
f7cb359f-651a-4138-9a2c-c69b3b29dfd8,ai,7d6456,1,54123,"on several occasions, there were messages containing threats to human life and also sexual slurs where also plenty",1.0,3,Suspend,3.89,6.024
f7cb359f-651a-4138-9a2c-c69b3b29dfd8,ai,7d6456,2,54123,user made use of 'F' words and also messages containing threats to human lives with gory details. on several occasions the messages where either threats or insults,0.75,4,Suspend,3.63,5.897
f7cb359f-651a-4138-9a2c-c69b3b29dfd8,ai,7d6456,3,54123,"sexual slurs, insults to people's family and children with the use of insults",0.5,3,Suspend,3.93,5.243
f7cb359f-651a-4138-9a2c-c69b3b29dfd8,ai,7d6456,4,54123,"although there was a message with a threat to life, it was however just one. the other messages did not contain any slurs or threats",0.25,5,Do not suspend,3.44,9.57
f7cb359f-651a-4138-9a2c-c69b3b29dfd8,ai,7d6456,5,54123,"There was no offensive slur, racial slur, sexual slur, or threat to life in the messages ",0.0,3,Do not suspend,3.93,23.952
5bcd81ba-db12-4a52-b9f6-16e94d8405ad,crowd,a8e902,1,21435,does not contribute to positive environment i'd like to see in an online community. use of highly derogatory and discriminatory language.,1.0,4,Suspend,4.07,8.389
5bcd81ba-db12-4a52-b9f6-16e94d8405ad,crowd,a8e902,2,21435,"threats of violence, graphic violence, use of extremist language",0.75,2,Suspend,5.0,3.351
5bcd81ba-db12-4a52-b9f6-16e94d8405ad,crowd,a8e902,3,21435,"The repeated reuse of discriminatory language against race, mental disbility, and physical appearence. Also after re-reading I should have voted not offensive on message 2 but offensive on message 5. ",0.5,5,Suspend,5.0,2.398
5bcd81ba-db12-4a52-b9f6-16e94d8405ad,crowd,a8e902,4,21435,I think the comments about blocking is acceptable but death threats are certainly not. I would give this person a warning or tempororary ban as this is a one-off occurrence but I see their future posts are less offensive.,0.25,5,Do not suspend,2.11,10.687
5bcd81ba-db12-4a52-b9f6-16e94d8405ad,crowd,a8e902,5,21435,"No bad content, seems to be just civil conversation.",0.0,12,Do not suspend,3.5,144.875
61d8e9c9-a44a-44b0-b28d-fa85edef8ba3,control,3f1f32,1,35214,Threats of death,1.0,2,Suspend,5.0,3.212
61d8e9c9-a44a-44b0-b28d-fa85edef8ba3,control,3f1f32,2,35214,Threats of shooting,0.75,1,Suspend,5.0,4.958
61d8e9c9-a44a-44b0-b28d-fa85edef8ba3,control,3f1f32,3,35214,Offensive language and slurs to LGBTQ and disabled.,0.5,3,Suspend,5.0,4.909
61d8e9c9-a44a-44b0-b28d-fa85edef8ba3,control,3f1f32,4,35214,NOthing offensive at all. Just regular sentences,0.25,2,Do not suspend,5.0,4.502
61d8e9c9-a44a-44b0-b28d-fa85edef8ba3,control,3f1f32,5,35214,There is nothing offensive at all. Just makes reasonable comments and asks questions.,0.0,3,Do not suspend,5.0,3.933
53e65e49-04a3-4a91-be60-32e26d65f88c,crowd,216a19,1,15423,All 3 messages were blatantly offensive.,1.0,3,Suspend,5.0,4.777
53e65e49-04a3-4a91-be60-32e26d65f88c,crowd,216a19,2,15423,3/4 messages were blatantly offensive.,0.75,4,Suspend,5.0,3.794
53e65e49-04a3-4a91-be60-32e26d65f88c,crowd,216a19,3,15423,3/5 messages were clearly offensive.,0.5,5,Suspend,5.0,3.189
53e65e49-04a3-4a91-be60-32e26d65f88c,crowd,216a19,4,15423,More than one direct threat of severe violence.,0.25,7,Suspend,3.0,6.373
53e65e49-04a3-4a91-be60-32e26d65f88c,crowd,216a19,5,15423,I read a sample of 5 messages from this account and none were offensive.,0.0,5,Do not suspend,5.0,3.906
f1ae7d9d-c0d3-44d7-b8c2-8a7b73f11234,crowd,ef8def,1,51342,"It uses slurs, and wishes harm on someone.",1.0,1,Suspend,5.0,3.057
f1ae7d9d-c0d3-44d7-b8c2-8a7b73f11234,crowd,ef8def,2,51342,"Hateful speech and wishes harm on someone else. I only reviewed a 2nd message to see what reviewing does. Though the 2nd message confirmed it as well since they used sluts, hateful speech, and admitted to doing a crime.",0.75,2,Suspend,5.0,5.501
f1ae7d9d-c0d3-44d7-b8c2-8a7b73f11234,crowd,ef8def,3,51342,It uses slurs and hateful speech,0.5,1,Suspend,5.0,3.155
f1ae7d9d-c0d3-44d7-b8c2-8a7b73f11234,crowd,ef8def,4,51342,No hateful speech. I only reviewed a 2nd message to see what reviewing does.,0.25,2,Do not suspend,5.0,2.531
f1ae7d9d-c0d3-44d7-b8c2-8a7b73f11234,crowd,ef8def,5,51342,Nothing in this post was offensive. The message was positive as well.,0.0,1,Do not suspend,5.0,5.057
24ce942b-3071-4924-9835-1f9bd376271c,crowd,29c149,1,51423,2 messages and both were vile.,1.0,2,Suspend,5.0,3.506
24ce942b-3071-4924-9835-1f9bd376271c,crowd,29c149,2,51423,2 terrible tweets in a row.,0.75,2,Suspend,5.0,3.051
24ce942b-3071-4924-9835-1f9bd376271c,crowd,29c149,3,51423,2 out 3 were offensive.,0.5,3,Suspend,5.0,3.156
24ce942b-3071-4924-9835-1f9bd376271c,crowd,29c149,4,51423,"I got more curious with this one.  I probably should've looked at 1 more closely because this guy mostly posted non offensive things, but had multiple death threats mixed in there.",0.25,7,Suspend,4.03,3.282
24ce942b-3071-4924-9835-1f9bd376271c,crowd,29c149,5,51423,I looked at three messages and none of them were offensive.,0.0,3,Do not suspend,5.0,4.771
1e990395-3db9-47d5-a2ae-f030a438b729,control,05af12,1,24513,Violation of hate speech used in message.,1.0,1,Suspend,5.0,3.157
1e990395-3db9-47d5-a2ae-f030a438b729,control,05af12,2,24513,Threatening another person to commit violence/murder.,0.75,1,Suspend,5.0,4.12
1e990395-3db9-47d5-a2ae-f030a438b729,control,05af12,3,24513,Violation of hate speech used in message to another user.,0.5,1,Suspend,5.0,3.084
1e990395-3db9-47d5-a2ae-f030a438b729,control,05af12,4,24513,Threatening another person to commit violence/murder with a gun.,0.25,3,Suspend,5.0,2.789
1e990395-3db9-47d5-a2ae-f030a438b729,control,05af12,5,24513,No information found to warrant suspension of account.,0.0,6,Do not suspend,3.0,4.423
a7cbb72d-1707-41a6-b769-68c7df9643df,control,345608,1,42513,They wished death upon people and pets and also used foul and offensive language in nearly every message.,1.0,7,Suspend,5.0,4.018
a7cbb72d-1707-41a6-b769-68c7df9643df,control,345608,2,42513,They threatened to shoot someone multiple times and used foul and offensive language.,0.75,9,Suspend,5.0,2.708
a7cbb72d-1707-41a6-b769-68c7df9643df,control,345608,3,42513,They are bullying people by making rude and derogatory remarks. Foul and offensive language.,0.5,7,Suspend,5.0,2.586
a7cbb72d-1707-41a6-b769-68c7df9643df,control,345608,4,42513,The threatened to kill someone multiple times.,0.25,22,Suspend,5.0,3.882
a7cbb72d-1707-41a6-b769-68c7df9643df,control,345608,5,42513,I kept waiting and waiting to get a negative message from them but after 27 messages I did not see anything that warranted suspending their account.,0.0,27,Do not suspend,4.96,3.718
94f0b0e1-30f3-4309-b3ca-fe00999414a9,crowd,8db773,1,25341,Multiple instances of slurs and violence were displayed in these messages.,1.0,2,Suspend,5.0,5.126
94f0b0e1-30f3-4309-b3ca-fe00999414a9,crowd,8db773,2,25341,Threatening to commit violence will always be grounds for suspension.,0.75,1,Suspend,5.0,6.756
94f0b0e1-30f3-4309-b3ca-fe00999414a9,crowd,8db773,3,25341,This person has a history of sending offensive messages. Slurs and insults will not be tolerated.,0.5,3,Suspend,5.0,4.237
94f0b0e1-30f3-4309-b3ca-fe00999414a9,crowd,8db773,4,25341,There was nothing offensive or egregious in these messages.,0.25,2,Do not suspend,5.0,4.057
94f0b0e1-30f3-4309-b3ca-fe00999414a9,crowd,8db773,5,25341,There was nothing offensive about this message. It was completely positive.,0.0,1,Do not suspend,5.0,5.384
3e408ba5-696a-45e0-b576-fd67c97fb7f0,control,2b5e4d,1,13452,Every message I encountered was hateful and problematic and it was all very direct and easy to see,1.0,3,Suspend,5.0,3.796
3e408ba5-696a-45e0-b576-fd67c97fb7f0,control,2b5e4d,2,13452,Lots of messages threatening violence and also just demeaning others.,0.75,5,Suspend,5.0,3.128
3e408ba5-696a-45e0-b576-fd67c97fb7f0,control,2b5e4d,3,13452,There was posts that were normal but there were also offensive messages that were so hateful and extreme and those outweighed any normal posts I came across.,0.5,5,Suspend,5.0,3.192
3e408ba5-696a-45e0-b576-fd67c97fb7f0,control,2b5e4d,4,13452,Lots of normal messages but there ending up being a recurring theme of direct death threats that were not okay.,0.25,7,Suspend,5.0,4.44
3e408ba5-696a-45e0-b576-fd67c97fb7f0,control,2b5e4d,5,13452,Every message was normal and there was nothing even hinting at rude in any messages.,0.0,9,Do not suspend,5.0,4.164
6bc4283c-9cd6-4957-9328-c93dc190f7db,crowd,06776a,1,43152,They used a hateful slur.,1.0,1,Suspend,5.0,4.505
6bc4283c-9cd6-4957-9328-c93dc190f7db,crowd,06776a,2,43152,They made a threat to use violence.,0.75,1,Suspend,5.0,4.077
6bc4283c-9cd6-4957-9328-c93dc190f7db,crowd,06776a,3,43152,"They used an offensive, denigrating slur.",0.5,1,Suspend,5.0,3.852
6bc4283c-9cd6-4957-9328-c93dc190f7db,crowd,06776a,4,43152,They made a direct threat to kill someone. That's never acceptable.,0.25,3,Suspend,5.0,5.006
6bc4283c-9cd6-4957-9328-c93dc190f7db,crowd,06776a,5,43152,They didn't do anything wrong.,0.0,7,Do not suspend,4.06,7.746
b205e39f-34b8-463f-9bcc-9f92f68fad67,ai,adc481,1,25143,"Just because someone can't spell, doesn't mean they can't be offensive.  Calling someone ""fagget"" and wishing pain and death would classify as offensive in my book.",1.0,1,Suspend,5.0,6.126
b205e39f-34b8-463f-9bcc-9f92f68fad67,ai,adc481,2,25143,"The user threatened murder, and that'd he/she would enjoy doing it.  Not a tough one here.",0.75,1,Suspend,5.0,9.373
b205e39f-34b8-463f-9bcc-9f92f68fad67,ai,adc481,3,25143,"""Faggot"", commenting on the negative appearance of family members, as well as the use of the word ""retarded"".  An impressive level of offensiveness here.",0.5,3,Suspend,5.0,5.461
b205e39f-34b8-463f-9bcc-9f92f68fad67,ai,adc481,4,25143,Tow death threats out of seven posts.  I have a strict policy of not threatening death any more than once every tenth comment. (Common sense here.),0.25,7,Suspend,5.0,5.322
b205e39f-34b8-463f-9bcc-9f92f68fad67,ai,adc481,5,25143,"After reviewing a bunch of messages, I didn't find anything even remotely offensive.",0.0,4,Do not suspend,5.0,5.476
40c9d042-ad2a-4d13-87fa-dfc9c075304d,control,d5b172,1,54231,All of the messages I reviewed were offensive with death threats in two of the messages. I recommended suspension with high confidence based on those words alone.,1.0,3,Suspend,5.0,6.609
40c9d042-ad2a-4d13-87fa-dfc9c075304d,control,d5b172,2,54231,"The first two messages were offensive and threatening, and it was enough for me to recommend suspension with high degree of confidence.",0.75,2,Suspend,5.0,4.369
40c9d042-ad2a-4d13-87fa-dfc9c075304d,control,d5b172,3,54231,"While one message was thoughtful, the first and third messages were offensive, with the latter being extremely mean.",0.5,3,Suspend,5.0,4.09
40c9d042-ad2a-4d13-87fa-dfc9c075304d,control,d5b172,4,54231,"Most of the messages were not offensive, but I came across two messages that were not just offensive, but extremely threatening, which was sufficient for me to recommend suspension.",0.25,7,Suspend,4.0,9.815
40c9d042-ad2a-4d13-87fa-dfc9c075304d,control,d5b172,5,54231,"I think none of these messages were offensive whatsoever. In fact, they were quite positive and constructive.",0.0,3,Do not suspend,5.0,6.426
76453834-b029-404d-96cc-f39b0e09c13a,control,f3c358,1,14325,The user posted a very offensive and demeaning post. A threat even,1.0,1,Suspend,5.0,8.106
76453834-b029-404d-96cc-f39b0e09c13a,control,f3c358,2,14325,This is a life threatening statement,0.75,1,Suspend,4.0,5.103
76453834-b029-404d-96cc-f39b0e09c13a,control,f3c358,3,14325,This is a total insult,0.5,2,Suspend,3.99,5.376
76453834-b029-404d-96cc-f39b0e09c13a,control,f3c358,4,14325,The statement contains no hurting phrases,0.25,2,Do not suspend,4.99,5.085
76453834-b029-404d-96cc-f39b0e09c13a,control,f3c358,5,14325,It is simply an acknowledgement of greatness,0.0,1,Do not suspend,4.0,3.646
762c3ec7-3891-4d87-938d-9e2e0b6693da,control,dadf1e,1,31452,Offensive no one should wish death upon another,1.0,1,Suspend,4.44,5.318
762c3ec7-3891-4d87-938d-9e2e0b6693da,control,dadf1e,2,31452,Very mean and aggressive.,0.75,1,Suspend,4.36,4.038
762c3ec7-3891-4d87-938d-9e2e0b6693da,control,dadf1e,3,31452,Extremely offensive no one should speak like that,0.5,1,Suspend,4.01,5.732
762c3ec7-3891-4d87-938d-9e2e0b6693da,control,dadf1e,4,31452,Not everything was offensive only 1 thing,0.25,5,Do not suspend,3.0,6.22
762c3ec7-3891-4d87-938d-9e2e0b6693da,control,dadf1e,5,31452,None if these things were offensive,0.0,3,Do not suspend,4.49,4.67
4984471b-9109-4812-8748-9c8e6fc829c0,control,f2cca1,1,13452,This is offensive such as saying faggot and hoping ou get cancer and die.,1.0,1,Suspend,3.29,4.711
4984471b-9109-4812-8748-9c8e6fc829c0,control,f2cca1,2,13452,This is so offensive like saying going to shoot.,0.75,1,Suspend,5.0,2.582
4984471b-9109-4812-8748-9c8e6fc829c0,control,f2cca1,3,13452,The first message isn't that offensive to suspend and the second message is not offensive at all.,0.5,2,Do not suspend,5.0,2.813
4984471b-9109-4812-8748-9c8e6fc829c0,control,f2cca1,4,13452,That is not offending to others.,0.25,1,Do not suspend,3.2,4.104
4984471b-9109-4812-8748-9c8e6fc829c0,control,f2cca1,5,13452,This is not offensive at all..,0.0,1,Do not suspend,4.42,2.833
9ca241ab-e7b0-4e11-abf1-0baf9d8a1026,ai,5.28E+09,1,32415,"Another account using slurs, being offensive, and making a mockery of death. Having such negative accounts like this one only brings down the environment of a social media site.",1.0,2,Suspend,4.51,2.781
9ca241ab-e7b0-4e11-abf1-0baf9d8a1026,ai,5.28E+09,2,32415,"This account uses slurs and advocates for violence. I don't know the context of what's being said here, but it doesn't seem good.",0.75,2,Suspend,5.0,4.985
9ca241ab-e7b0-4e11-abf1-0baf9d8a1026,ai,5.28E+09,3,32415,"This account uses slurs and seems to enjoy insulting people. It also seems to hide behind the defense that online harassment is something ""everyone faces"". Typical edge lord nonsense including the running away from consequences!",0.5,3,Suspend,4.01,4.653
9ca241ab-e7b0-4e11-abf1-0baf9d8a1026,ai,5.28E+09,4,32415,"Although sometimes this account can use some heated language and become aggressive, the majority of the posts I saw were very tame. ",0.25,5,Do not suspend,2.45,4.458
9ca241ab-e7b0-4e11-abf1-0baf9d8a1026,ai,5.28E+09,5,32415,"Every post I saw was inoffensive, non-aggressive, and seemed to be extremely grateful. The account has done nothing to warrant a suspension.",0.0,6,Do not suspend,4.49,5.418
068f8274-62cd-4f0c-9c09-e011d33f2cf9,ai,61188b,1,24531,The account projects negative words and abusive terms on others.,1.0,5,Suspend,5.0,6.548
068f8274-62cd-4f0c-9c09-e011d33f2cf9,ai,61188b,2,24531,The account uses too many vulgar and negative words in all the messages.,0.75,8,Suspend,5.0,6.528
068f8274-62cd-4f0c-9c09-e011d33f2cf9,ai,61188b,3,24531,The account puts out negative and abusive words consistently.,0.5,6,Suspend,4.98,5.954
068f8274-62cd-4f0c-9c09-e011d33f2cf9,ai,61188b,4,24531,The account seems to alternate between positive and negative messages. The account owner needs to exercise caution with the kinds of messages put out.,0.25,13,Do not suspend,4.0,6.291
068f8274-62cd-4f0c-9c09-e011d33f2cf9,ai,61188b,5,24531,"The account contains nice messages, with no use of vulgar or negative words.",0.0,6,Do not suspend,5.0,5.708
377c6ebb-208f-487a-b6f1-96ad2fcafeac,crowd,0f5752,1,14352,"The posts contained slurs and death wishes, and formed a pattern.",1.0,3,Suspend,5.0,5.834
377c6ebb-208f-487a-b6f1-96ad2fcafeac,crowd,0f5752,2,14352,"Not all of the messages were offensive, but the offensive messages are clearly a pattern for them.",0.75,5,Suspend,4.47,5.114
377c6ebb-208f-487a-b6f1-96ad2fcafeac,crowd,0f5752,3,14352,"These messages were all over the place, to the point that I would wonder if multiple people were using it. Regardless, there were too many racist and otherwise offensive posts, so I would suspend.",0.5,8,Suspend,3.57,5.955
377c6ebb-208f-487a-b6f1-96ad2fcafeac,crowd,0f5752,4,14352,"1/6 posts was offensive and contained a slur, but this isn't necessarily a pattern of behaviour, so I would remove the post and warn, but not suspend the user.",0.25,6,Do not suspend,3.32,9.609
377c6ebb-208f-487a-b6f1-96ad2fcafeac,crowd,0f5752,5,14352,"A couple of the posts showed opinions that some people might find controversial (though I wasn't sure the context), but they didn't state them in an offensive way.",0.0,5,Do not suspend,4.14,3.927
5fa0a5ae-8e5c-43ae-947c-848d3b281fe9,control,3b85e4,1,34521,Obscene words that cause emotional harm to other people,1.0,1,Suspend,4.9,224.223
5fa0a5ae-8e5c-43ae-947c-848d3b281fe9,control,3b85e4,2,34521,Obscene words that cause emotional harm to other people,0.75,1,Suspend,4.98,2.804
5fa0a5ae-8e5c-43ae-947c-848d3b281fe9,control,3b85e4,3,34521,Obscene words that cause emotional harm to other people,0.5,1,Suspend,3.94,3.226
5fa0a5ae-8e5c-43ae-947c-848d3b281fe9,control,3b85e4,4,34521,,0.25,1,Do not suspend,3.97,4.932
5fa0a5ae-8e5c-43ae-947c-848d3b281fe9,control,3b85e4,5,34521,Nothign,0.0,1,Do not suspend,4.94,2.767
ec6537fe-4c07-4b70-9e96-8ed2f8564262,ai,bf4359,1,35421,Two offensive and strongly worded messages are not good and should be suspended.,1.0,2,Suspend,4.45,6.981
ec6537fe-4c07-4b70-9e96-8ed2f8564262,ai,bf4359,2,35421,Two strongly offensive messages shows a pattern of foul language of rudeness.,0.75,2,Suspend,4.99,4.485
ec6537fe-4c07-4b70-9e96-8ed2f8564262,ai,bf4359,3,35421,Two offensive messages I think shows a pattern and should be suspended.,0.5,3,Suspend,4.01,4.755
ec6537fe-4c07-4b70-9e96-8ed2f8564262,ai,bf4359,4,35421,This account had more non offensive remarks which makes me think that the offensive remark was an off remark and the account should not be suspended.,0.25,6,Do not suspend,1.98,6.852
ec6537fe-4c07-4b70-9e96-8ed2f8564262,ai,bf4359,5,35421,After 3 messages showed no offensive remarks I thought the account was safe.,0.0,3,Do not suspend,4.99,4.867
cf6112f1-e280-46e9-acf6-00f7d2f5077f,ai,3a1bee,1,21354,The messages from this accounts were filled with hate,1.0,2,Suspend,5.0,3.867
cf6112f1-e280-46e9-acf6-00f7d2f5077f,ai,3a1bee,2,21354,The messages were filled with lots of threats to life,0.75,2,Suspend,5.0,8.143
cf6112f1-e280-46e9-acf6-00f7d2f5077f,ai,3a1bee,3,21354,My vote on this was because the hate and threats were more than other non offensive talks in the account,0.5,5,Suspend,4.06,7.096
cf6112f1-e280-46e9-acf6-00f7d2f5077f,ai,3a1bee,4,21354,"There wasn't even a slight indication of violence, threat or any other word that I find offensive in this ",0.25,2,Do not suspend,5.0,3.964
cf6112f1-e280-46e9-acf6-00f7d2f5077f,ai,3a1bee,5,21354,There was nothing offensive about this account,0.0,2,Do not suspend,5.0,3.894
29467e9e-b2bf-47c1-8b70-ee0915f06de6,crowd,1a9c90,1,23514,These are very offensive and derogatory.,1.0,2,Suspend,5.0,8.36
29467e9e-b2bf-47c1-8b70-ee0915f06de6,crowd,1a9c90,2,23514,This is an active threat with an actual plan. There is also derogatory statements made.,0.75,6,Suspend,4.0,4.941
29467e9e-b2bf-47c1-8b70-ee0915f06de6,crowd,1a9c90,3,23514,There is name calling on some of the messages. The others are fine. Name calling isn't enough to warrant a suspend.,0.5,7,Do not suspend,3.5,4.849
29467e9e-b2bf-47c1-8b70-ee0915f06de6,crowd,1a9c90,4,23514,"There is an active threat, and a plan of action in relation to it. Definitely warrants a suspend. ",0.25,3,Suspend,5.0,2.623
29467e9e-b2bf-47c1-8b70-ee0915f06de6,crowd,1a9c90,5,23514,There is nothing offensive presented in the messages.,0.0,4,Do not suspend,5.0,2.406
49a577b8-81a4-49b2-8a96-3d78c985ea4d,control,89775e,1,25314,The use of slurs and derogatory remarks here not only disrespects and dehumanizes other people but also contributes to a hostile and unsafe online environment,1.0,4,Suspend,5.0,2.848
49a577b8-81a4-49b2-8a96-3d78c985ea4d,control,89775e,2,25314,"The message is a direct threat of violence, explicitly stating the intent to cause harm by shooting someone in the head and taking pleasure in the violent outcome. This type of language is highly inappropriate and violates community standards",0.75,2,Suspend,5.0,4.297
49a577b8-81a4-49b2-8a96-3d78c985ea4d,control,89775e,3,25314,"The message contains offensive language, specifically using a homophobic slur ""faggot"" and demeaning language that targets someone based on their sexual orientation. ",0.5,5,Suspend,5.0,3.198
49a577b8-81a4-49b2-8a96-3d78c985ea4d,control,89775e,4,25314,"The message about killing someone is hostile. The use of the language ""retard"" is inappropriate and vulgar.",0.25,7,Suspend,5.0,2.799
49a577b8-81a4-49b2-8a96-3d78c985ea4d,control,89775e,5,25314,There were no inappropriate or threatening messages here.,0.0,4,Do not suspend,5.0,4.015
de8e7b52-f7f9-4b40-ab8e-49d465559c62,control,6b430a,1,14253,Homophobic remarks and wishing death on someone.,1.0,1,Suspend,3.03,8.634
de8e7b52-f7f9-4b40-ab8e-49d465559c62,control,6b430a,2,14253,Most of his posts were extremely hateful and disgusting.,0.75,4,Suspend,5.0,3.492
de8e7b52-f7f9-4b40-ab8e-49d465559c62,control,6b430a,3,14253,Homophobic remark and making fun of the mentally handicapped.,0.5,6,Suspend,5.0,3.346
de8e7b52-f7f9-4b40-ab8e-49d465559c62,control,6b430a,4,14253,I didn't see anything offensive in these.,0.25,2,Do not suspend,5.0,4.464
de8e7b52-f7f9-4b40-ab8e-49d465559c62,control,6b430a,5,14253,Sounds like a nice every-day normal guy/gay.,0.0,4,Do not suspend,4.46,4.897
688b4ffc-e168-4496-bcf5-d42b90f45df5,ai,5c5165,1,21435,This is another case of immaturity at its best. This should be banned by that fact alone. Too young to have an account.,1.0,3,Suspend,4.99,5.247
688b4ffc-e168-4496-bcf5-d42b90f45df5,ai,5c5165,2,21435,Right off the bat this user was violent in their language and continued on with the second one. I didn't force it getting any better from there.,0.75,2,Suspend,4.99,8.328
688b4ffc-e168-4496-bcf5-d42b90f45df5,ai,5c5165,3,21435,Suspended for being a troll and inciting negativity.,0.5,3,Suspend,4.99,6.662
688b4ffc-e168-4496-bcf5-d42b90f45df5,ai,5c5165,4,21435,I've had it with the gun violence and threats. Using outdated slang words to be offensive is such an immature response that this user hasn't matured enough to play with the big boys.,0.25,7,Suspend,3.97,7.563
688b4ffc-e168-4496-bcf5-d42b90f45df5,ai,5c5165,5,21435,Seems like the information is being shared freely and without being bragadocious in the least. Refreshing to read.,0.0,7,Do not suspend,4.97,6.091
ca92f9cf-0555-4d78-8d78-b0438ebae42f,control,1db323,1,42315,"Every message by this account was offensive. They used homophobic language, wished death upon an individual and a dog, and used degrading and offensive language in all messages seen.",1.0,3,Suspend,5.0,7.167
ca92f9cf-0555-4d78-8d78-b0438ebae42f,control,1db323,2,42315,"The third message was inoffensive, but the other two expressed serious violence and malevolence. The first one was an explicit death threat and the second message contained vile, degrading language.",0.75,3,Suspend,5.0,6.63
ca92f9cf-0555-4d78-8d78-b0438ebae42f,control,1db323,3,42315,"Two messages were innocuous and didn't contain anything specifically offending. Messages 1, 3, and 5 all contained something offensive. The first message was homophobic, third message used offending language, and the fifth message used racist terms.",0.5,5,Suspend,5.0,3.178
ca92f9cf-0555-4d78-8d78-b0438ebae42f,control,1db323,4,42315,"Nothing they said was homophobic, sexist, ableist, or violent. They blocked someone for not providing evidence and talked about being excited about something. These are innocent messages.",0.25,2,Do not suspend,5.0,7.719
ca92f9cf-0555-4d78-8d78-b0438ebae42f,control,1db323,5,42315,"All messages were innocent and contained no violent threats or even mildly demeaning language. The person was talking about a personal event in the first two, seeming happy about the interaction and support he received from others.",0.0,3,Do not suspend,5.0,2.693
3820a2cf-9127-4286-8f06-13a8111285e8,control,452a02,1,25341,causes there is a use of informal language,1.0,1,Suspend,4.55,12.189
3820a2cf-9127-4286-8f06-13a8111285e8,control,452a02,2,25341,my reason for the suspend of the account was due the threating and other informal language of the account users,0.75,2,Suspend,4.97,6.33
3820a2cf-9127-4286-8f06-13a8111285e8,control,452a02,3,25341,causes there is the usage of informal language,0.5,1,Suspend,3.99,14.275
3820a2cf-9127-4286-8f06-13a8111285e8,control,452a02,4,25341,cause the user use a formal language and there is no threats in the message,0.25,1,Do not suspend,2.29,6.34
3820a2cf-9127-4286-8f06-13a8111285e8,control,452a02,5,25341,cause the user use a formal language and there is no threats in the message,0.0,1,Do not suspend,4.64,14.05
704459ee-5e8c-4586-8ecf-f919a325043f,ai,5f17ec,1,53214,"Once again, I operate with a three strike policy in regards to online moderation. Being this openly antagonistic and unlikable should be a crime. ",1.0,3,Suspend,5.0,3.76
704459ee-5e8c-4586-8ecf-f919a325043f,ai,5f17ec,2,53214,Casually telling people online you're going to murder them should not be rewarded with praise and keeping the account. I'm not Elon Musk and this isn't Twitter.,0.75,4,Suspend,5.0,4.17
704459ee-5e8c-4586-8ecf-f919a325043f,ai,5f17ec,3,53214,The owner of this account was extremely homophobic and racist. I'm no stranger to content moderation online and operate with a three strike policy. This guy had those strikes and then some probably.,0.5,5,Suspend,3.99,5.911
704459ee-5e8c-4586-8ecf-f919a325043f,ai,5f17ec,4,53214,"This one was pretty hard because the guy actually tried to be a decent human being in between the vile comments, but once again, you don't get to skirt by with no consequences just because you occasionally say nice things from time to time. Banned.",0.25,9,Do not suspend,2.86,8.936
704459ee-5e8c-4586-8ecf-f919a325043f,ai,5f17ec,5,53214,"The owner of this account was very easy going and kind, you'd be a fool to suspend them. ",0.0,5,Do not suspend,5.0,6.244
17bc2b94-f557-4770-bec1-ab1715b8678d,control,5e24c2,1,15324,This is just a bunch of name calling with the intent to tear people down.,1.0,3,Suspend,5.0,5.92
17bc2b94-f557-4770-bec1-ab1715b8678d,control,5e24c2,2,15324,Promotes violence and is mean spirited,0.75,1,Do not suspend,4.46,4.684
17bc2b94-f557-4770-bec1-ab1715b8678d,control,5e24c2,3,15324,Name calling and close minded posts that add no value to any conversation.,0.5,1,Suspend,5.0,3.471
17bc2b94-f557-4770-bec1-ab1715b8678d,control,5e24c2,4,15324,"Might be a bit close off to others opinions but not mean spirited, just frustration. ",0.25,1,Do not suspend,3.58,7.985
17bc2b94-f557-4770-bec1-ab1715b8678d,control,5e24c2,5,15324,A thoughtful person aware and co siderate of others.,0.0,2,Do not suspend,5.0,4.086
6e5edcdb-3654-47f7-a499-a7e6271837d1,crowd,b9df69,1,12453,its rude,1.0,2,Suspend,4.98,9.194
6e5edcdb-3654-47f7-a499-a7e6271837d1,crowd,b9df69,2,12453,rude violent,0.75,2,Suspend,5.0,8.785
6e5edcdb-3654-47f7-a499-a7e6271837d1,crowd,b9df69,3,12453,violent rude disgusting attitude,0.5,7,Suspend,4.98,5.79
6e5edcdb-3654-47f7-a499-a7e6271837d1,crowd,b9df69,4,12453,they going thru things confused and rude not level minded,0.25,7,Suspend,4.99,5.971
6e5edcdb-3654-47f7-a499-a7e6271837d1,crowd,b9df69,5,12453,positve,0.0,4,Do not suspend,4.99,5.9
d95a1243-35f7-4450-91fa-ec057bdc880a,crowd,4bb17a,1,45231,This person was using slurs against others and promoting others' death as a positive thing.,1.0,3,Suspend,5.0,7.047
d95a1243-35f7-4450-91fa-ec057bdc880a,crowd,4bb17a,2,45231,This person was promoting violence and using slurs against others.,0.75,4,Suspend,5.0,4.475
d95a1243-35f7-4450-91fa-ec057bdc880a,crowd,4bb17a,3,45231,This person was using slurs against others and harassing others with their posts.,0.5,5,Suspend,5.0,4.931
d95a1243-35f7-4450-91fa-ec057bdc880a,crowd,4bb17a,4,45231,They had very violent messages threatening to kill people. They promote violence against others and use slurs,0.25,7,Suspend,4.98,6.311
d95a1243-35f7-4450-91fa-ec057bdc880a,crowd,4bb17a,5,45231,This person did not show any offensive remarks and their remarks appeared not to be inflammatory or attacking others.,0.0,7,Do not suspend,4.98,7.02
5ae2ec2f-6040-40ee-95d6-7d6476f4878e,crowd,521dcb,1,35421,"every single ONE of these messages is offensive, nothing positive on this account and this person could be harmful to the platform by wishing death and violence and talking in a derogatory manner to others, so they had to go as well.",1.0,4,Suspend,5.0,6.22
5ae2ec2f-6040-40ee-95d6-7d6476f4878e,crowd,521dcb,2,35421,"3 strikes out of 4 messages, they are out!  Threatening violence, sexual orientation mentioned in a derogatory way and women as well there is no room for them with those views on the platform.  They need to go!",0.75,4,Suspend,5.0,13.858
5ae2ec2f-6040-40ee-95d6-7d6476f4878e,crowd,521dcb,3,35421,"5 of 9 comments were offensive, which is way too many.  I might have let it slide with 1 or 2 tops, but this user was suspended as they clearly show a repeat pattern for offensive messages.",0.5,9,Suspend,5.0,11.911
5ae2ec2f-6040-40ee-95d6-7d6476f4878e,crowd,521dcb,4,35421,"while the majority of messages were ok, 3 were directly threatening to kill someone.  Totally inappropriate and shows a pattern of hatred & violence at times. Gave a bit of a lower suspension rating than others due to regular, normal messages.",0.25,11,Suspend,4.81,16.17
5ae2ec2f-6040-40ee-95d6-7d6476f4878e,crowd,521dcb,5,35421,"I did not notice anything offensive in the account, and the messages seem like a normal person venting, offering help or talking about their day to others.",0.0,6,Do not suspend,5.0,8.443
83536511-1be0-4d79-aade-e395d4b41c74,control,712dd5,1,54321,They express very disturbing wishes toward another person that violate ethical and moral standards.,1.0,1,Suspend,5.0,3.53
83536511-1be0-4d79-aade-e395d4b41c74,control,712dd5,2,54321,This is a really gory statement which is not suitable for publishing on social media.,0.75,1,Suspend,5.0,3.579
83536511-1be0-4d79-aade-e395d4b41c74,control,712dd5,3,54321,"They are derogatory and use violent foul language, issuing serious threats.",0.5,1,Suspend,5.0,3.756
83536511-1be0-4d79-aade-e395d4b41c74,control,712dd5,4,54321,They use very graphic hate speech.,0.25,3,Suspend,5.0,5.927
83536511-1be0-4d79-aade-e395d4b41c74,control,712dd5,5,54321,This person is not violating any moral or ethical standards.,0.0,4,Do not suspend,4.48,4.411
f2416148-543a-45c9-afa0-52942e56ac86,control,18562b,1,21543,it may be a joke.,1.0,1,Do not suspend,3.99,8.402
f2416148-543a-45c9-afa0-52942e56ac86,control,18562b,2,21543,it may be just a joke.,0.75,1,Do not suspend,3.99,23.034
f2416148-543a-45c9-afa0-52942e56ac86,control,18562b,3,21543,it was an abusive words.,0.5,1,Suspend,4.0,6.562
f2416148-543a-45c9-afa0-52942e56ac86,control,18562b,4,21543,the person was too mean,0.25,1,Suspend,2.0,4.429
f2416148-543a-45c9-afa0-52942e56ac86,control,18562b,5,21543,"he was appreciating the people around him, which is good.",0.0,1,Do not suspend,4.98,6.669
b2e75f28-ca12-40c6-b543-ceff670730e1,ai,af299e,1,13524,"I think when you start bringing up death, then it gets into a bad territory. Even though they didn't threaten to kill him themselves, it is an iffy situation.",1.0,3,Suspend,3.43,9.702
b2e75f28-ca12-40c6-b543-ceff670730e1,ai,af299e,2,13524,This person should not only be banned but arrested for making threats as well. This is scary and this person is dangerous.,0.75,1,Suspend,5.0,4.04
b2e75f28-ca12-40c6-b543-ceff670730e1,ai,af299e,3,13524,"Insulting someone isn't that bad. If someone insults you, you can just block them. If no violence or threats are given then I think it's not necessary to ban them. ",0.5,3,Do not suspend,3.42,4.48
b2e75f28-ca12-40c6-b543-ceff670730e1,ai,af299e,4,13524,This person said nothing wrong or dangerous. This is a regular normal account you see all the time.,0.25,2,Do not suspend,4.99,2.738
b2e75f28-ca12-40c6-b543-ceff670730e1,ai,af299e,5,13524,There is nothing wrong or dangerous with anything they said.,0.0,3,Do not suspend,4.99,3.789
67f32881-9a20-4c5a-839b-3e62b21f5f3f,control,ecf477,1,52143,this is an offensive statement regardless of whatever you have against homosexuals you're not in any position to say this,1.0,1,Suspend,5.0,5.837
67f32881-9a20-4c5a-839b-3e62b21f5f3f,control,ecf477,2,52143,this is absolutely offensive hateful speech and extremely graphic talk. account should be suspended immediately.,0.75,1,Suspend,5.0,5.758
67f32881-9a20-4c5a-839b-3e62b21f5f3f,control,ecf477,3,52143,highly offensive statement deserves to be suspended immediately.,0.5,1,Suspend,5.0,3.716
67f32881-9a20-4c5a-839b-3e62b21f5f3f,control,ecf477,4,52143,initially the account seemed alright with neutral posts but going further and reading other messages the account should be straight out suspended,0.25,3,Suspend,5.0,3.997
67f32881-9a20-4c5a-839b-3e62b21f5f3f,control,ecf477,5,52143,i believe the messages by this account are mostly neutral and somewhat self assuring and motivating.,0.0,3,Do not suspend,4.03,6.972
06cb34a4-d264-4c9b-a8e5-170e31e8c92d,crowd,1f09d1,1,51324,Hateful speech,1.0,1,Suspend,3.99,5.345
06cb34a4-d264-4c9b-a8e5-170e31e8c92d,crowd,1f09d1,2,51324,They want to harm someone,0.75,1,Suspend,3.98,6.821
06cb34a4-d264-4c9b-a8e5-170e31e8c92d,crowd,1f09d1,3,51324,hateful speech,0.5,1,Suspend,4.96,4.11
06cb34a4-d264-4c9b-a8e5-170e31e8c92d,crowd,1f09d1,4,51324,just a statement,0.25,1,Do not suspend,4.0,4.28
06cb34a4-d264-4c9b-a8e5-170e31e8c92d,crowd,1f09d1,5,51324,It was a positive message about how they felt.,0.0,1,Do not suspend,4.99,11.8
f7fabe1f-afee-480b-aac6-f12cb6312fe8,control,b7aaae,1,34152,Hard offensive insult.,1.0,1,Suspend,5.0,5.247
f7fabe1f-afee-480b-aac6-f12cb6312fe8,control,b7aaae,2,34152,Death threat and strong offense.,0.75,1,Suspend,5.0,3.352
f7fabe1f-afee-480b-aac6-f12cb6312fe8,control,b7aaae,3,34152,"many hard offensive insults, sexual, etc.",0.5,1,Suspend,5.0,2.939
f7fabe1f-afee-480b-aac6-f12cb6312fe8,control,b7aaae,4,34152,"Some normal posts, but a hard insult and a death threat.",0.25,3,Suspend,5.0,3.502
f7fabe1f-afee-480b-aac6-f12cb6312fe8,control,b7aaae,5,34152,None of them were offensive; there were no post issues on the account 4.,0.0,5,Do not suspend,5.0,2.66
05c044b6-fa17-4dae-b49b-5a2f9a9b0fc5,control,cdc2a5,1,32541,"This account has made offensive comments that I consider serious. Therefore, it should be suspended.",1.0,2,Suspend,5.0,3.92
05c044b6-fa17-4dae-b49b-5a2f9a9b0fc5,control,cdc2a5,2,32541,Just one comment was enough to consider that it should be suspended due to the level of threat that this comment incites.,0.75,1,Suspend,5.0,8.15
05c044b6-fa17-4dae-b49b-5a2f9a9b0fc5,control,cdc2a5,3,32541,"The comments made by this person are highly offensive, that is why I consider that this account should be suspended.",0.5,3,Suspend,5.0,43.435
05c044b6-fa17-4dae-b49b-5a2f9a9b0fc5,control,cdc2a5,4,32541,"After reviewing some comments and coming across a very offensive one, my questioning hesitates a bit on whether to suspend it or not, but I will give it the benefit of the doubt.",0.25,6,Do not suspend,3.94,13.977
05c044b6-fa17-4dae-b49b-5a2f9a9b0fc5,control,cdc2a5,5,32541,"After reading several comments on this account I did not find any that were offensive, so I am not considering suspending it.",0.0,5,Do not suspend,5.0,3.736
52cc46f8-3578-43d1-8635-4b5acc0a0583,ai,fc5df1,1,53214," because it posted offensive content, including hate speech and personal insults.",1.0,2,Suspend,4.95,4.502
52cc46f8-3578-43d1-8635-4b5acc0a0583,ai,fc5df1,2,53214,its use of hate speech and abusive language in the messages,0.75,2,Suspend,4.89,5.657
52cc46f8-3578-43d1-8635-4b5acc0a0583,ai,fc5df1,3,53214,"The decision to suspend Account 2 was based on the presence of highly offensive and abusive messages, including hate speech and personal attacks.",0.5,3,Suspend,3.97,10.366
52cc46f8-3578-43d1-8635-4b5acc0a0583,ai,fc5df1,4,53214,"The decision not to suspend Account 5 was due to the majority of messages being non-offensive and constructive, with only one message containing inappropriate content.
",0.25,5,Do not suspend,4.05,5.415
52cc46f8-3578-43d1-8635-4b5acc0a0583,ai,fc5df1,5,53214,"The messages were positive and emotional, expressing gratitude and sharing a touching personal moment. There was no offensive content, so suspension was not warranted",0.0,2,Do not suspend,4.39,6.454
ddcdca53-101b-424b-8aa4-ee8e05c9d10f,control,d05c09,1,52143,this is harrasment and should never be wished on someone,1.0,1,Suspend,5.0,6.038
ddcdca53-101b-424b-8aa4-ee8e05c9d10f,control,d05c09,2,52143,this is rude and bashing people and now everyone can read that he is gay and they may not of know that before,0.75,2,Suspend,5.0,13.166
ddcdca53-101b-424b-8aa4-ee8e05c9d10f,control,d05c09,3,52143,"for me message 2 was not rude like message 1, so i would not suspend unless i kept seeing very rude messages",0.5,2,Do not suspend,5.0,4.493
ddcdca53-101b-424b-8aa4-ee8e05c9d10f,control,d05c09,4,52143,this is a nice way to just verbalize there opinion,0.25,1,Do not suspend,5.0,6.35
ddcdca53-101b-424b-8aa4-ee8e05c9d10f,control,d05c09,5,52143,there is nothing bad or rude in this comment,0.0,1,Do not suspend,5.0,6.236
06908e4a-3e69-4e11-88a9-a2ca9e2fd558,ai,f956b4,1,43152,Poster has shown negativity and offensive language.,1.0,3,Suspend,5.0,2.608
06908e4a-3e69-4e11-88a9-a2ca9e2fd558,ai,f956b4,2,43152,Negative language and ideals show that this poster's account should be suspended.,0.75,4,Suspend,5.0,2.523
06908e4a-3e69-4e11-88a9-a2ca9e2fd558,ai,f956b4,3,43152,The poster is anti-gay and sounds like an angry individual. This was easy to want to suspend.,0.5,5,Suspend,5.0,3.377
06908e4a-3e69-4e11-88a9-a2ca9e2fd558,ai,f956b4,4,43152,Threats of violence should not be tolerated at all.,0.25,7,Suspend,5.0,3.819
06908e4a-3e69-4e11-88a9-a2ca9e2fd558,ai,f956b4,5,43152,This poster has not mentioned anything offensive or violent to warrant a suspension.,0.0,4,Do not suspend,5.0,2.689
66be520c-bbda-4d20-bcde-c3c480cb8b8b,crowd,595530,1,41235,"Absolutely sick language and we don’t harm animals!,",1.0,2,Suspend,5.0,4.797
66be520c-bbda-4d20-bcde-c3c480cb8b8b,crowd,595530,2,41235,Threats and super offensive language,0.75,2,Suspend,5.0,3.263
66be520c-bbda-4d20-bcde-c3c480cb8b8b,crowd,595530,3,41235,They obviously don’t care about anything but their own gross opinions. Very gross behavior,0.5,3,Suspend,5.0,4.044
66be520c-bbda-4d20-bcde-c3c480cb8b8b,crowd,595530,4,41235,There was nothing offensive if anything just positivity.,0.25,2,Do not suspend,5.0,4.107
66be520c-bbda-4d20-bcde-c3c480cb8b8b,crowd,595530,5,41235,Very positive posts,0.0,1,Do not suspend,5.0,4.372
8dcdc361-034c-4c7b-b798-06a03e4c59a3,control,0cc23b,1,34125,"Every message from this user was harmful, hateful and threatening so i suspended this account. Animal abuse, homophobia, and death threats.",1.0,3,Suspend,5.0,2.265
8dcdc361-034c-4c7b-b798-06a03e4c59a3,control,0cc23b,2,34125,"I suspended this one as it gives death threats, online bullying and more homophobia.",0.75,2,Suspend,5.0,2.374
8dcdc361-034c-4c7b-b798-06a03e4c59a3,control,0cc23b,3,34125,"I have suspended this account for writing hateful messages, harassing and online bullying others and using harmful slurs along with homophobia.",0.5,3,Suspend,5.0,11.855
8dcdc361-034c-4c7b-b798-06a03e4c59a3,control,0cc23b,4,34125,The majority of the messages from this account are not offensive and are random pieces of conversation. I gave this a low confidence score because it could still be suspended from the small amount of offensive death threat tweets given.,0.25,9,Do not suspend,2.03,5.823
8dcdc361-034c-4c7b-b798-06a03e4c59a3,control,0cc23b,5,34125,I did not suspend this account as i did not see any harmful or hurtful messages online. To me this seems like a normal user.,0.0,3,Do not suspend,4.62,8.195
8a2bd6fd-9a54-4ba0-86bb-4fcf5797b655,ai,99fa92,1,14235,Threats of violence and hopes of inflicting cancer on someone. They are a bad poster.,1.0,1,Suspend,5.0,5.629
8a2bd6fd-9a54-4ba0-86bb-4fcf5797b655,ai,99fa92,2,14235,They are a bad poster because of the threat of death.,0.75,1,Suspend,5.0,2.767
8a2bd6fd-9a54-4ba0-86bb-4fcf5797b655,ai,99fa92,3,14235,"I don't really care about using ""bad"" or ""unwoke"" words if used in a sense that promotes conversation or is using satire- but this is just a moron.  They are a bad poster",0.5,1,Suspend,5.0,3.567
8a2bd6fd-9a54-4ba0-86bb-4fcf5797b655,ai,99fa92,4,14235,"Threats of violence. I don't really care about using words as an insult, but threats of death just prove someone to be unhinged and not a good member of the online community.  They are a bad poster",0.25,3,Suspend,5.0,3.247
8a2bd6fd-9a54-4ba0-86bb-4fcf5797b655,ai,99fa92,5,14235,No issues in 6 messages.,0.0,6,Do not suspend,5.0,3.798
58d77f08-39c7-454e-b6da-eb275ae18302,crowd,6df083,1,24153,Ill will towards others. Hate speech. Cyber-bullying.,1.0,4,Suspend,5.0,5.981
58d77f08-39c7-454e-b6da-eb275ae18302,crowd,6df083,2,24153,Constant use of derogatory hate-speech. Glorifying violence and actively threatening the lives of others. And just generally wishing harm on others.,0.75,5,Suspend,4.5,9.211
58d77f08-39c7-454e-b6da-eb275ae18302,crowd,6df083,3,24153,Bullying behavior. Derogatory hate speech (f**got). Racism.,0.5,5,Suspend,4.5,7.718
58d77f08-39c7-454e-b6da-eb275ae18302,crowd,6df083,4,24153,This person has 3 out of 11 messages that threaten to kill someone.,0.25,11,Suspend,3.25,13.47
58d77f08-39c7-454e-b6da-eb275ae18302,crowd,6df083,5,24153,"Out of 10 messages, there isn't one that is offensive. This seems like a decent person.",0.0,10,Do not suspend,4.5,8.846
2f6b50bd-84fd-4ff2-9e59-8842fe054b79,crowd,f0a261,1,23145,All 3 posts I saw were extremely offensive so I was pretty sure on the suspension,1.0,3,Suspend,4.36,4.012
2f6b50bd-84fd-4ff2-9e59-8842fe054b79,crowd,f0a261,2,23145,3/4 posts were targeted attacks regarding someones character,0.75,4,Suspend,4.96,4.897
2f6b50bd-84fd-4ff2-9e59-8842fe054b79,crowd,f0a261,3,23145,Seemed like a mix of both attacks and normal behavior but so I wasnt as confident on the suspension but still felt it was warranted,0.5,5,Suspend,3.97,3.604
2f6b50bd-84fd-4ff2-9e59-8842fe054b79,crowd,f0a261,4,23145,"Out of 4 posts, 1 was offensive and although it was only one it was a direct threat and a little much so I did not suspend but not as confident in the decison",0.25,5,Do not suspend,3.02,4.533
2f6b50bd-84fd-4ff2-9e59-8842fe054b79,crowd,f0a261,5,23145,All 4 posts seemed like normal posts without attacking someone and even some positive posts,0.0,4,Do not suspend,5.0,3.509
8e151216-ec8a-4720-a022-a3bfa261bf2a,ai,870b90,1,52413,Is provoking death threats towards someone,1.0,3,Suspend,5.0,3.16
8e151216-ec8a-4720-a022-a3bfa261bf2a,ai,870b90,2,52413,Is threatening someone and also includes violence .,0.75,2,Suspend,5.0,6.308
8e151216-ec8a-4720-a022-a3bfa261bf2a,ai,870b90,3,52413,Rude remarks and being homophobic towards someone.,0.5,3,Suspend,4.58,6.928
8e151216-ec8a-4720-a022-a3bfa261bf2a,ai,870b90,4,52413,Isn't displaying any violence or threatening comments .,0.25,2,Do not suspend,4.53,7.227
8e151216-ec8a-4720-a022-a3bfa261bf2a,ai,870b90,5,52413,Doesn't include any curse words and the individual is stating facts without offending anyone .,0.0,3,Do not suspend,4.58,8.222
7b37cab3-6285-4ff2-a700-69dc088b7e24,crowd,ef4aeb,1,43215,I also chose to suspend this account for derogatory remarks and rude remarks.,1.0,3,Suspend,4.36,34.058
7b37cab3-6285-4ff2-a700-69dc088b7e24,crowd,ef4aeb,2,43215,I chose to suspend this account for derogatory remarks and violence.,0.75,2,Suspend,5.0,7.988
7b37cab3-6285-4ff2-a700-69dc088b7e24,crowd,ef4aeb,3,43215,I chose to suspend this account for deragatory remarks.,0.5,1,Suspend,5.0,3.414
7b37cab3-6285-4ff2-a700-69dc088b7e24,crowd,ef4aeb,4,43215,The user is posting messages that are casual and contain nothing offensive.,0.25,2,Do not suspend,4.5,44.355
7b37cab3-6285-4ff2-a700-69dc088b7e24,crowd,ef4aeb,5,43215,I chose to not suspend this account because they are just posting casual friendly messages. There is nothing offensive or hateful in them.,0.0,4,Do not suspend,5.0,9.301
97fb2b3d-ee3d-4506-b148-a71f386b05a9,ai,a37c32,1,21345,Every comment reviewed from this poster was abusive and offensive. Also super homophobic.,1.0,5,Suspend,4.49,11.52
97fb2b3d-ee3d-4506-b148-a71f386b05a9,ai,a37c32,2,21345,This poster has a history of abusive or vulgar remarks.,0.75,5,Suspend,4.01,16.615
97fb2b3d-ee3d-4506-b148-a71f386b05a9,ai,a37c32,3,21345,A majority of the reviewed comments from this poster were offensive.,0.5,7,Suspend,4.0,5.887
97fb2b3d-ee3d-4506-b148-a71f386b05a9,ai,a37c32,4,21345,Only one of the reviewed comments was deemed offensive. Suspension seems extreme at this point.,0.25,6,Do not suspend,3.99,6.297
97fb2b3d-ee3d-4506-b148-a71f386b05a9,ai,a37c32,5,21345,None of this posters comments were deemed to be offensive.,0.0,7,Do not suspend,3.99,8.602
22e5ece5-b743-45c4-972e-77b1ae4b37e9,control,13a429,1,32541,This was another account where I only had to look at a short amount. This kind of hateful speech should not be allowed to spread. The insulting of a pet and wishing its death sealed it for me. What kind of person behaves like that. It is unacceptable,1.0,2,Suspend,5.0,4.892
22e5ece5-b743-45c4-972e-77b1ae4b37e9,control,13a429,2,32541,"For this account I only looked at 2 messages, it was enough to see that this kind of content should not be allowed. I know it's probably not real messages but if they were from a real person I would think that person is sick. First message is vile.",0.75,2,Suspend,5.0,8.838
22e5ece5-b743-45c4-972e-77b1ae4b37e9,control,13a429,3,32541,"I went through 5 different messages for this account and the person insulted multiple people for their sexuality, looks, and race. The things said in these messages are unacceptable and the account would deserve to be suspended. ",0.5,5,Suspend,5.0,9.309
22e5ece5-b743-45c4-972e-77b1ae4b37e9,control,13a429,4,32541,"I looked at a lot of messages for this person and noticed a pattern on three or so regular messages and then one telling someone to die, threatening death, or telling them to kill themselves. This kind of thing is not okay in any circumstance. ",0.25,19,Suspend,3.72,11.546
22e5ece5-b743-45c4-972e-77b1ae4b37e9,control,13a429,5,32541,I looked at five messages from this person and they all seemed positive. There was no hint of offensiveness in them.,0.0,5,Do not suspend,5.0,5.725
20495eb2-b21b-4955-8a97-0020aae12c29,ai,1de0d4,1,14325,Every message used extremely offensive language and one threatened an animal.,1.0,3,Suspend,5.0,4.699
20495eb2-b21b-4955-8a97-0020aae12c29,ai,1de0d4,2,14325,Most of the messages were offensive with extreme name calling.,0.75,5,Suspend,5.0,4.268
20495eb2-b21b-4955-8a97-0020aae12c29,ai,1de0d4,3,14325,Most of the messages were not offensive but some were; that's why I choose to not suspend with not so much confidence.,0.5,9,Do not suspend,3.09,6.581
20495eb2-b21b-4955-8a97-0020aae12c29,ai,1de0d4,4,14325,There was only one offensive message but most were positive.,0.25,6,Do not suspend,4.16,4.472
20495eb2-b21b-4955-8a97-0020aae12c29,ai,1de0d4,5,14325,All of the messages were not offensive and very positive.,0.0,4,Do not suspend,5.0,4.262
e286559c-304c-48ef-bc4f-3edd23bc4e0a,crowd,06322a,1,51432,Each of the messages I reviewed were offensive and contained language meant to insult.,1.0,3,Suspend,4.99,6.591
e286559c-304c-48ef-bc4f-3edd23bc4e0a,crowd,06322a,2,51432,Both messages I reviewed contain insulting and threatening language.,0.75,2,Suspend,5.0,5.278
e286559c-304c-48ef-bc4f-3edd23bc4e0a,crowd,06322a,3,51432,The account has messages that include insulting names and comments meant to provoke a negative response.,0.5,3,Suspend,5.0,5.597
e286559c-304c-48ef-bc4f-3edd23bc4e0a,crowd,06322a,4,51432,Message 3 sealed the fate of this account because it has clear language meant to communicate a physical threat.,0.25,3,Suspend,5.0,7.112
e286559c-304c-48ef-bc4f-3edd23bc4e0a,crowd,06322a,5,51432,There is no indication of offensive or harassing language or intent behind the messages.,0.0,3,Do not suspend,4.0,7.34
88c7741e-45f9-4769-b00d-e1a49698f199,control,fbbfe6,1,41235,Account purely consists of hateful and derogatory language. Seems to exist purely to insult people.,1.0,7,Suspend,5.0,4.68
88c7741e-45f9-4769-b00d-e1a49698f199,control,fbbfe6,2,41235,Most of the messages present on this account consist of death threats and prejudiced language.,0.75,10,Suspend,5.0,4.17
88c7741e-45f9-4769-b00d-e1a49698f199,control,fbbfe6,3,41235,Most the languages present consist of aggressive and hostile language with instances of prejudice. This is not merely an account with a different opinion but a harmful one.,0.5,9,Suspend,5.0,4.94
88c7741e-45f9-4769-b00d-e1a49698f199,control,fbbfe6,4,41235,"Most of the messages I saw were not inflammatory or threatening. And while said messages are bad they do not appear to be the bulk of the account's content. And I cannot be certain when the messages were posted. If recently, then definitely a ban.",0.25,11,Suspend,3.0,9.869
88c7741e-45f9-4769-b00d-e1a49698f199,control,fbbfe6,5,41235,"Account consists of standard messages. These messages do not harbor hostility, hatred, or bigotry. The user strictly shares their opinion and said opinions do not target any particular group.",0.0,12,Do not suspend,5.0,6.143
06e8469e-271d-4f06-8019-e49e17f01c6b,control,ccc64c,1,43512,"The first comment kind of hit home and upset me since, I had a few family members that died from cancer. Then they go no to wishing death on an animal. Then they were saying mean names about other people.  ",1.0,3,Suspend,5.0,6.615
06e8469e-271d-4f06-8019-e49e17f01c6b,control,ccc64c,2,43512,Bring people down by name calling then telling people they want to kill someone. This person needs to be on some type of watch list if not in some mental health rehab.,0.75,4,Suspend,5.0,4.608
06e8469e-271d-4f06-8019-e49e17f01c6b,control,ccc64c,3,43512,"The person was talking about terrorist, calling people names This is just not a good person and feels like their attacking other people for no reason. ",0.5,5,Suspend,3.0,5.584
06e8469e-271d-4f06-8019-e49e17f01c6b,control,ccc64c,4,43512,"I feel like they were talking about their personal life, having fun with people also blocking people that don't a line with their views. ",0.25,2,Do not suspend,5.0,5.247
06e8469e-271d-4f06-8019-e49e17f01c6b,control,ccc64c,5,43512,The person seems to be emotional but nothing to worry about since; it sounds like they have a great support system.,0.0,3,Do not suspend,5.0,5.411
4e926ade-dd83-4dd9-8c60-ef3b6f8f5c0e,control,561ba3,1,41253,"This was a fairly quick decision, continuous use of slurs, violent imagery and hate speak. I went for three strikes and you're out but honestly the attitude and vibe of this account was apparent almost immediately . ",1.0,3,Suspend,5.0,4.011
4e926ade-dd83-4dd9-8c60-ef3b6f8f5c0e,control,561ba3,2,41253,"This account had a brief moment of simple observational behavior but was dominated by bullying, violent words and slurs. Easy decision when looking at a majority of the messages. ",0.75,5,Suspend,5.0,4.867
4e926ade-dd83-4dd9-8c60-ef3b6f8f5c0e,control,561ba3,3,41253,"This account had an almost even amount of offensive and non offensive messages, however the offensive messages were extremely offensive. Consistent use of hate speech and slurs completely erases any other basic messages.",0.5,5,Suspend,5.0,5.379
4e926ade-dd83-4dd9-8c60-ef3b6f8f5c0e,control,561ba3,4,41253,Although the offensive message was quite graphic it was unique among the other messages. While unfortunate it just wasn't enough to fully suspend the account.,0.25,6,Do not suspend,3.06,5.718
4e926ade-dd83-4dd9-8c60-ef3b6f8f5c0e,control,561ba3,5,41253,"This account has a lot of everyday life observations and sharing, any interaction is stated in a respectable but direct way. Personal opinions are shared very openly but not in an aggressive or ""I'm right, you're wrong"" kind of way. ",0.0,6,Do not suspend,5.0,4.154
3d2ab706-ff3e-4b33-b082-b66817a2dbef,control,102c7c,1,54312,The hatred and death wish expressed warrnat a suspension.,1.0,2,Suspend,4.84,3.713
3d2ab706-ff3e-4b33-b082-b66817a2dbef,control,102c7c,2,54312,Expression of intent to kill warrants a suspension.,0.75,1,Suspend,4.79,4.106
3d2ab706-ff3e-4b33-b082-b66817a2dbef,control,102c7c,3,54312,The hateful language in messages 1 and 3 warrants a suspension.,0.5,3,Suspend,4.85,5.849
3d2ab706-ff3e-4b33-b082-b66817a2dbef,control,102c7c,4,54312,The threats in message 3 warrant a suspension of the account.,0.25,3,Suspend,4.81,7.154
3d2ab706-ff3e-4b33-b082-b66817a2dbef,control,102c7c,5,54312,All the responses used respectful language even when discyssing a difference of opinion.,0.0,3,Do not suspend,4.45,10.288
eb7c446c-25d7-40f0-a21b-ef7329f0ead8,control,40384d,1,32415,"This message promotes hate speech, harassment, and violence, which violates community standards and creates a toxic environment. The language used is intentionally hurtful and threatening, with no apparent attempt to engage in constructive dialogue o",1.0,1,Suspend,4.82,4.64
eb7c446c-25d7-40f0-a21b-ef7329f0ead8,control,40384d,2,32415,"A violent threat, which is a clear example of harmful language that can cause distress and fear.",0.75,2,Suspend,4.99,5.793
eb7c446c-25d7-40f0-a21b-ef7329f0ead8,control,40384d,3,32415,"Hate speech and derogatory slurs targeting individuals based on their sexual orientation.
",0.5,3,Suspend,4.88,12.103
eb7c446c-25d7-40f0-a21b-ef7329f0ead8,control,40384d,4,32415,"I decided not to suspend Account 3 with a confidence level of 4.33 because, despite Message 3 containing highly offensive language and a violent threat, the account's overall message history showed a mixed tone. Messages 1 and 2 were neutral and beni",0.25,3,Do not suspend,4.33,5.299
eb7c446c-25d7-40f0-a21b-ef7329f0ead8,control,40384d,5,32415,"The language used is respectful, considerate, and promotes a sense of community and collaboration",0.0,1,Do not suspend,4.01,4.211
356bf99e-3343-4483-9f4c-5ac5310f5feb,control,349274,1,35142,the holder of the account just seems to be going after a particular group of community,1.0,3,Suspend,5.0,5.592
356bf99e-3343-4483-9f4c-5ac5310f5feb,control,349274,2,35142,there were way to many recurring offensive tweets inthis account,0.75,4,Suspend,5.0,14.986
356bf99e-3343-4483-9f4c-5ac5310f5feb,control,349274,3,35142,the owner of this account seemed to be attacking people more often than usual and thats my reason for suspending the account,0.5,3,Suspend,3.0,15.707
356bf99e-3343-4483-9f4c-5ac5310f5feb,control,349274,4,35142,holder of the account seemed like a cool guy,0.25,2,Do not suspend,5.0,9.903
356bf99e-3343-4483-9f4c-5ac5310f5feb,control,349274,5,35142,the account holder seemed like a genuine good person who wouldnt offend anyone on purpose,0.0,2,Do not suspend,4.02,12.13
50b6bc56-df8e-42b4-abb9-bec6b425670e,ai,d9dcab,1,12453,"The account sent messages that were homophobic, contained homophobic slurs, and wished death upon another person, along with another person's dog. There is also a lot of swearing. Each message shown was offensive.",1.0,3,Suspend,4.48,6.199
50b6bc56-df8e-42b4-abb9-bec6b425670e,ai,d9dcab,2,12453,The account was violent and threatened to kill another person. Other messages wished death upon a person and many contained excessive cursing and slurs. The non-offensive messages do not outweigh the severity of the offensive ones.,0.75,10,Suspend,3.98,8.716
50b6bc56-df8e-42b4-abb9-bec6b425670e,ai,d9dcab,3,12453,"Account 5 had mixed offensive and non-offensive messages, however, the severity of the offensive ones greatly outweigh the non-offensive ones. This is because the messages contain homophobic slurs, brutally insulting someone's family, and racism. ",0.5,5,Suspend,4.62,4.628
50b6bc56-df8e-42b4-abb9-bec6b425670e,ai,d9dcab,4,12453,"The account did not contain many offensive messages and each message shown was given a high confidence level for non-offensive. There was one offensive message that threatens death, which resulted in the lower confidence level with do not suspend.",0.25,6,Do not suspend,3.52,7.279
50b6bc56-df8e-42b4-abb9-bec6b425670e,ai,d9dcab,5,12453,Account 4 did not contain any offensive messages from the 5 messages that were shown. Each message was also given a high confidence level above 4.5 for non-offensive.,0.0,5,Do not suspend,4.8,4.759
2e81601f-453c-4d49-baa2-208a30e95b69,crowd,00841f,1,23154,bad language was used in this message,1.0,1,Suspend,5.0,4.799
2e81601f-453c-4d49-baa2-208a30e95b69,crowd,00841f,2,23154,the message threatened the life of another,0.75,1,Suspend,5.0,8.038
2e81601f-453c-4d49-baa2-208a30e95b69,crowd,00841f,3,23154,th message was insulting and bad language was used,0.5,1,Suspend,5.0,4.504
2e81601f-453c-4d49-baa2-208a30e95b69,crowd,00841f,4,23154,there was no bad languages used just fact.,0.25,1,Do not suspend,5.0,3.383
2e81601f-453c-4d49-baa2-208a30e95b69,crowd,00841f,5,23154,the message seemed to express how appreciative an incident has been to him/her.,0.0,1,Do not suspend,5.0,3.747
91d9b5dd-39c8-48bf-8720-abe1ee727444,crowd,dccf4b,1,12543,"Because the statement is highly offensive, inappropriate and harmful. It contains derogatory language and wishes harm which is unacceptable.",1.0,1,Suspend,5.0,9.168
91d9b5dd-39c8-48bf-8720-abe1ee727444,crowd,dccf4b,2,12543,It contains explicit threat of violence and harsh words.,0.75,1,Suspend,5.0,7.154
91d9b5dd-39c8-48bf-8720-abe1ee727444,crowd,dccf4b,3,12543,This is a very harsh and offensive message which pose to cause harm.,0.5,1,Suspend,5.0,5.942
91d9b5dd-39c8-48bf-8720-abe1ee727444,crowd,dccf4b,4,12543,This message suggests frustration with lack of evidence in someone's tweet and explains the decision to block the person. It has a harsh word but it doesn't pose to commit harm.,0.25,1,Do not suspend,5.0,14.373
91d9b5dd-39c8-48bf-8720-abe1ee727444,crowd,dccf4b,5,12543,It is a positive way of support you've received from other people. It doesn't have harsh and harmful words or tone.,0.0,1,Do not suspend,5.0,10.138
6e7a7057-f148-4953-84be-d55e7efdcaee,ai,c28f49,1,15342,I suspend account 1 because the user was very offensive with his messages,1.0,2,Suspend,4.97,5.548
6e7a7057-f148-4953-84be-d55e7efdcaee,ai,c28f49,2,15342,I decided to suspend this account because this user consistently sent offensive messages.,0.75,2,Suspend,4.99,4.514
6e7a7057-f148-4953-84be-d55e7efdcaee,ai,c28f49,3,15342,"Account 3 user sent both offensive and no offensive messages, both mostly offensive and that was why I decided to suspend the account.",0.5,3,Suspend,3.82,4.011
6e7a7057-f148-4953-84be-d55e7efdcaee,ai,c28f49,4,15342,I did not suspend account 4 because this user did not send offensive messages.,0.25,2,Do not suspend,5.0,3.203
6e7a7057-f148-4953-84be-d55e7efdcaee,ai,c28f49,5,15342,I decided not to suspend account 2 because the person seemed responsible and did not make use of any offensive word,0.0,2,Do not suspend,5.0,6.819
cd95d560-ef4b-46e4-b91b-b35b6311fc14,control,71e5e4,1,15234,"Use of foul language, and offensive words.",1.0,3,Suspend,4.94,7.109
cd95d560-ef4b-46e4-b91b-b35b6311fc14,control,71e5e4,2,15234,"the user was actively using offensive words and foul languages, repeatedly and was also being a bully",0.75,6,Suspend,4.94,7.962
cd95d560-ef4b-46e4-b91b-b35b6311fc14,control,71e5e4,3,15234,"The user although offensive with very small percent of their tweets, was very reasonable and cordial in majority of their tweets",0.5,10,Do not suspend,4.93,6.859
cd95d560-ef4b-46e4-b91b-b35b6311fc14,control,71e5e4,4,15234,"This user had more reasonable tweets than offensive ones, hence i chose not to suspend their account",0.25,13,Do not suspend,4.88,4.587
cd95d560-ef4b-46e4-b91b-b35b6311fc14,control,71e5e4,5,15234,The user was not using foul languages or offensive wordings,0.0,4,Do not suspend,4.99,7.782
1eab6aa4-af12-4ebc-9267-9a9a46554aa8,control,890cb4,1,35142,"use of insulting words, use of threatening words and also use of dehumanizing words. showed signs of an animal hater and one that can kill a fellow individual.",1.0,3,Suspend,5.0,5.108
1eab6aa4-af12-4ebc-9267-9a9a46554aa8,control,890cb4,2,35142,"use of very offensive and threatening words, belittling of other persons. inhuman in words and also lack of remorse.",0.75,2,Suspend,5.0,6.291
1eab6aa4-af12-4ebc-9267-9a9a46554aa8,control,890cb4,3,35142,"the user used very harsh words, even used dehumanizing words. these words can make certain individuals breakdown. the user also showed no remorse in the words.",0.5,3,Suspend,4.65,10.361
1eab6aa4-af12-4ebc-9267-9a9a46554aa8,control,890cb4,4,35142,"although there was use of a certain degree of bad words in the third message, the first two messages were kind",0.25,6,Do not suspend,3.96,7.623
1eab6aa4-af12-4ebc-9267-9a9a46554aa8,control,890cb4,5,35142,"there was no use of bad words, the user spoke in an understanding manner and made points without hurting or insulting anyone.",0.0,3,Do not suspend,5.0,8.054
54aa0c79-9048-4143-a4a3-2c1e7ca5a9e7,control,e572ec,1,41523,extremely harsh and rude language towards others,1.0,2,Suspend,5.0,3.72
54aa0c79-9048-4143-a4a3-2c1e7ca5a9e7,control,e572ec,2,41523,really rude - comments like this should not be allowed,0.75,2,Suspend,4.99,3.331
54aa0c79-9048-4143-a4a3-2c1e7ca5a9e7,control,e572ec,3,41523,rude language,0.5,5,Suspend,5.0,2.307
54aa0c79-9048-4143-a4a3-2c1e7ca5a9e7,control,e572ec,4,41523,there was nothing offensive stated,0.25,2,Do not suspend,5.0,3.862
54aa0c79-9048-4143-a4a3-2c1e7ca5a9e7,control,e572ec,5,41523,nothing mean towards anyone,0.0,2,Do not suspend,5.0,2.54
884140ae-beba-4d9c-94c0-c901991cd689,control,0169df,1,21435,It was more of hate speech and derogatory language which felt very harmful,1.0,1,Suspend,5.0,12.345
884140ae-beba-4d9c-94c0-c901991cd689,control,0169df,2,21435,Violence and threat,0.75,1,Suspend,4.98,12.786
884140ae-beba-4d9c-94c0-c901991cd689,control,0169df,3,21435,It was full of hate speech and derogatory language,0.5,1,Suspend,4.95,13.802
884140ae-beba-4d9c-94c0-c901991cd689,control,0169df,4,21435,The message was neutral and somehow positive. it did not include any offensive language,0.25,2,Do not suspend,5.0,16.914
884140ae-beba-4d9c-94c0-c901991cd689,control,0169df,5,21435,The language used was not an offensive language but rather expressed gratitude and appreciation,0.0,1,Do not suspend,5.0,17.143
2be1ec5b-fc34-4c58-91e3-6fa95cc81391,ai,57ca00,1,53421,"Very offensive, abusive, and violent",1.0,3,Suspend,5.0,3.341
2be1ec5b-fc34-4c58-91e3-6fa95cc81391,ai,57ca00,2,53421,very offensive and graphic,0.75,4,Suspend,5.0,2.477
2be1ec5b-fc34-4c58-91e3-6fa95cc81391,ai,57ca00,3,53421,half of messages were offensive,0.5,4,Suspend,3.01,7.739
2be1ec5b-fc34-4c58-91e3-6fa95cc81391,ai,57ca00,4,53421,handful of messages were extremely offensive,0.25,7,Suspend,4.02,3.46
2be1ec5b-fc34-4c58-91e3-6fa95cc81391,ai,57ca00,5,53421,Messages had no offensive content,0.0,5,Do not suspend,4.01,3.91
20f5aa5b-c33a-4182-ad89-199eb2a2e21b,ai,b71fb0,1,53214,This account used threatening language.,1.0,2,Suspend,5.0,4.514
20f5aa5b-c33a-4182-ad89-199eb2a2e21b,ai,b71fb0,2,53214,These messages are threats that would qualify as verbal assault in the public justice system. Saying them online is also offensive and damaging.,0.75,2,Suspend,5.0,4.012
20f5aa5b-c33a-4182-ad89-199eb2a2e21b,ai,b71fb0,3,53214,There are slurs and threatening language used in ways that are attempting to harm another person.,0.5,3,Suspend,5.0,3.837
20f5aa5b-c33a-4182-ad89-199eb2a2e21b,ai,b71fb0,4,53214,This account directly threatened another user.,0.25,7,Suspend,5.0,4.545
20f5aa5b-c33a-4182-ad89-199eb2a2e21b,ai,b71fb0,5,53214,There are no slurs used in any of the messages and no direct threats to anyone either directly or in general.,0.0,5,Do not suspend,4.71,6.363
4403b5d3-138f-46fd-8120-8fafc7639941,ai,ce86b5,1,43251,hate speech,1.0,1,Suspend,5.0,7.367
4403b5d3-138f-46fd-8120-8fafc7639941,ai,ce86b5,2,43251,physical threat,0.75,1,Suspend,5.0,5.877
4403b5d3-138f-46fd-8120-8fafc7639941,ai,ce86b5,3,43251,hate speech,0.5,1,Suspend,5.0,5.827
4403b5d3-138f-46fd-8120-8fafc7639941,ai,ce86b5,4,43251,neither were remotely offensive in nature,0.25,2,Do not suspend,3.94,7.036
4403b5d3-138f-46fd-8120-8fafc7639941,ai,ce86b5,5,43251,uplifting,0.0,1,Do not suspend,5.0,5.035
59160a3a-0464-481d-a6fd-3a3a6d1a6bb2,ai,488a7e,1,14352,it was by mistake i want to suspend,1.0,1,Do not suspend,3.02,11.758
59160a3a-0464-481d-a6fd-3a3a6d1a6bb2,ai,488a7e,2,14352,It was by mistake I wanted to the suspended,0.75,1,Do not suspend,2.92,4.287
59160a3a-0464-481d-a6fd-3a3a6d1a6bb2,ai,488a7e,3,14352,it was by mistake I do want to suspended,0.5,1,Do not suspend,3.06,3.17
59160a3a-0464-481d-a6fd-3a3a6d1a6bb2,ai,488a7e,4,14352,No particular reason,0.25,1,Suspend,2.98,3.396
59160a3a-0464-481d-a6fd-3a3a6d1a6bb2,ai,488a7e,5,14352,It was by mistake,0.0,1,Suspend,3.78,1.972
dae5d879-459a-4032-b74b-dcfe82741929,ai,518a62,1,21354,"Wishing death upon people or animals is not acceptable behavior, and he is a bigot to boot.",1.0,2,Suspend,5.0,3.825
dae5d879-459a-4032-b74b-dcfe82741929,ai,518a62,2,21354,Threatening violence or encouraging suicide should be the grounds of a suspension.,0.75,5,Suspend,5.0,3.516
dae5d879-459a-4032-b74b-dcfe82741929,ai,518a62,3,21354,Hate speech and slurs should not be tolerated on social media platforms.,0.5,1,Suspend,5.0,4.129
dae5d879-459a-4032-b74b-dcfe82741929,ai,518a62,4,21354,Threatening violence should be grounds for account suspension.,0.25,3,Suspend,5.0,10.679
dae5d879-459a-4032-b74b-dcfe82741929,ai,518a62,5,21354,These posts seem to be pretty innocuous. There is no hateful or threatening speech.,0.0,5,Do not suspend,5.0,2.933
061fa554-a6f7-4f7a-80ec-711db5c38a4c,ai,93d00c,1,24153,all comments seen featured threats and hate speech which showed that the account was probably just for that purpose,1.0,3,Suspend,4.59,3.772
061fa554-a6f7-4f7a-80ec-711db5c38a4c,ai,93d00c,2,24153,some of the comments were vague but then a lot of them included hate speech and threats,0.75,6,Suspend,3.19,7.115
061fa554-a6f7-4f7a-80ec-711db5c38a4c,ai,93d00c,3,24153,more often than not comments from this account featured hate speech,0.5,5,Suspend,4.49,3.619
061fa554-a6f7-4f7a-80ec-711db5c38a4c,ai,93d00c,4,24153,There was one comment that was awful and featured threats and hate speech but it was only one comment,0.25,5,Do not suspend,2.7,6.436
061fa554-a6f7-4f7a-80ec-711db5c38a4c,ai,93d00c,5,24153,"there wasnt any hate speech or threats of violence, it just seemed like a rather norma; account for communication",0.0,4,Do not suspend,4.32,4.204
0c73444e-3aa6-4262-a969-968101a66c75,ai,8fd6ea,1,14325,Very aggressive wording with lots of threat.,1.0,5,Suspend,4.99,5.654
0c73444e-3aa6-4262-a969-968101a66c75,ai,8fd6ea,2,14325,"4/5 times this person seem aggressive, threatening. ",0.75,5,Suspend,3.91,3.417
0c73444e-3aa6-4262-a969-968101a66c75,ai,8fd6ea,3,14325,"Offending words, also discrimination should not be tolerated. ",0.5,5,Suspend,3.23,3.874
0c73444e-3aa6-4262-a969-968101a66c75,ai,8fd6ea,4,14325,"There was one message that was offensive, but overall this person does not seem to have bad intentions. ",0.25,5,Do not suspend,4.02,3.912
0c73444e-3aa6-4262-a969-968101a66c75,ai,8fd6ea,5,14325,Do not have any messages that show any problem.,0.0,4,Do not suspend,4.19,2.831
2470478f-1b93-4fdd-8841-0a9b0fdde878,ai,1982a1,1,23154,"Not only an f-slur, but wishing death on someone's dog? What sort of evil is this person?",1.0,2,Suspend,5.0,4.109
2470478f-1b93-4fdd-8841-0a9b0fdde878,ai,1982a1,2,23154,"Threats of murder, repeated use of the f-slur with genuine hatred.",0.75,4,Suspend,5.0,6.113
2470478f-1b93-4fdd-8841-0a9b0fdde878,ai,1982a1,3,23154,A prime example of f-slur homophobic hatred.,0.5,1,Suspend,5.0,16.724
2470478f-1b93-4fdd-8841-0a9b0fdde878,ai,1982a1,4,23154,You don't just let people make threats of murder on your platform. Period.,0.25,7,Suspend,4.03,5.516
2470478f-1b93-4fdd-8841-0a9b0fdde878,ai,1982a1,5,23154,"Just seems like a normal person's account, or at least an account that isn't wildly against every TOS known to man.",0.0,7,Do not suspend,5.0,4.044
a517c5a3-9c6d-433e-b0db-40e5855d6650,ai,29345,1,41523,Calling another user a derogatory name combined with a wish for another user's death is over the line.,1.0,2,Suspend,4.94,13.013
a517c5a3-9c6d-433e-b0db-40e5855d6650,ai,29345,2,41523,Same as the first one - a threat of violence is an automatic ban.,0.75,1,Suspend,4.96,5.979
a517c5a3-9c6d-433e-b0db-40e5855d6650,ai,29345,3,41523,"Again, derogatory names. As a gay person I would enjoy banning this user.",0.5,1,Suspend,4.95,7.965
a517c5a3-9c6d-433e-b0db-40e5855d6650,ai,29345,4,41523,Any threat of physical violence should be an automatic suspension.,0.25,3,Suspend,4.99,16.74
a517c5a3-9c6d-433e-b0db-40e5855d6650,ai,29345,5,41523,"While you can never be sure that a user won't break the rules in the future, there was nothing in any of the five messages I reviews to warrant banning.",0.0,5,Do not suspend,4.02,8.313
e5b2be47-24f1-4922-b2a2-35d22ecf9e03,ai,5a7557,1,53124,Account 3 made multiple homophobic remarks and made death threats towards an animal.,1.0,5,Suspend,4.39,5.096
e5b2be47-24f1-4922-b2a2-35d22ecf9e03,ai,5a7557,2,53124,Account 4 used multiple slurs and made death threats.,0.75,2,Suspend,5.0,3.345
e5b2be47-24f1-4922-b2a2-35d22ecf9e03,ai,5a7557,3,53124,"Account 2 used multiple slurs and made racist remarks. Despite some messages being ok, the slurs are grounds for at least suspension. ",0.5,9,Suspend,4.0,8.609
e5b2be47-24f1-4922-b2a2-35d22ecf9e03,ai,5a7557,4,53124,Account 5 made 2 death threats and used slurs. These are not acceptable in any way.,0.25,7,Suspend,4.0,5.997
e5b2be47-24f1-4922-b2a2-35d22ecf9e03,ai,5a7557,5,53124,I found no evidence in 6 tweets that account 1 had offensive tweets as grounds for suspension.,0.0,6,Do not suspend,5.0,13.972
f3d12412-b76d-4ef3-a299-93ae8a60ea93,ai,0d8f89,1,54321,This account included direct and violent threats of death in their messages which is grounds for a suspension.,1.0,2,Suspend,4.5,2.577
f3d12412-b76d-4ef3-a299-93ae8a60ea93,ai,0d8f89,2,54321,This account included a direct and violent threat in the first message I saw which I saw to be grounds for a suspension.,0.75,1,Suspend,4.48,4.35
f3d12412-b76d-4ef3-a299-93ae8a60ea93,ai,0d8f89,3,54321,2 of the 3 messages I checked of this account were highly offensive and used derogatory and inflammatory language so I chose to suspend this account.,0.5,3,Suspend,4.21,3.13
f3d12412-b76d-4ef3-a299-93ae8a60ea93,ai,0d8f89,4,54321,Message 3 from this account was highly offensive and concerning so I determined that this account should be offensive as it gave a direct and violent threat to another user.,0.25,4,Suspend,4.35,3.93
f3d12412-b76d-4ef3-a299-93ae8a60ea93,ai,0d8f89,5,54321,I looked at 6 messages and none of them were offensive so there would be no reason to suspend this account.,0.0,6,Do not suspend,4.25,4.631
899c1320-d0e7-442a-a3a6-9e841cf843ef,ai,496ad2,1,21345,Wished death upon someone and made homophobic remarks,1.0,3,Suspend,5.0,5.612
899c1320-d0e7-442a-a3a6-9e841cf843ef,ai,496ad2,2,21345,Displayed violent actions that imply murdering someone in graphic detail.,0.75,2,Suspend,5.0,9.524
899c1320-d0e7-442a-a3a6-9e841cf843ef,ai,496ad2,3,21345,Homophobic remarks about someone,0.5,3,Suspend,5.0,4.616
899c1320-d0e7-442a-a3a6-9e841cf843ef,ai,496ad2,4,21345,"Message 3 and message 7 display murderous intent, and threw out multiple insults",0.25,7,Suspend,3.07,8.015
899c1320-d0e7-442a-a3a6-9e841cf843ef,ai,496ad2,5,21345,"In all 4 messages, there were none that were offensive or insulting",0.0,4,Do not suspend,5.0,5.129
4ed5e9b1-5022-4acc-8c91-77a3a602831a,ai,b39042,1,25314,All of his messages were vulgar or about death and dying. Very offensive language.,1.0,4,Suspend,4.54,4.445
4ed5e9b1-5022-4acc-8c91-77a3a602831a,ai,b39042,2,25314,"Out of 4 messages, 3 were offensive. I believe the behavior would continue.",0.75,4,Suspend,4.59,7.003
4ed5e9b1-5022-4acc-8c91-77a3a602831a,ai,b39042,3,25314,"I reviewed 5 messages and out of the 5, 3 were offensive.  They were not very nice at all.",0.5,5,Suspend,4.69,5.317
4ed5e9b1-5022-4acc-8c91-77a3a602831a,ai,b39042,4,25314,"I reviewed 8 messages, and only 2 were offensive. In those 2 messages they kept saying that they were going to kill whoever they were talking to. I should have reviewed more to see if that type of communication continued. If so, a definite suspend.",0.25,8,Do not suspend,3.27,10.086
4ed5e9b1-5022-4acc-8c91-77a3a602831a,ai,b39042,5,25314,None of their conversations were offensive. No reason to suspend account.,0.0,4,Do not suspend,4.64,5.885
7a43a7f0-3d03-4563-a54a-cbe830b3866a,ai,d50cbc,1,45321,I chose to suspend this account because the comments made were of violent and homophobia towards another individual and the extreme nature of threat.,1.0,2,Suspend,5.0,7.658
7a43a7f0-3d03-4563-a54a-cbe830b3866a,ai,d50cbc,2,45321,I chose to suspend this account because of the comments made which were threats of high caliber and made someone else feel uncomfortable with explicit violence.,0.75,2,Suspend,4.8,9.232
7a43a7f0-3d03-4563-a54a-cbe830b3866a,ai,d50cbc,3,45321,I chose to suspend this account because of the numerous offensive comments which expressed homophobia and offensive comments towards others.,0.5,3,Suspend,4.34,7.218
7a43a7f0-3d03-4563-a54a-cbe830b3866a,ai,d50cbc,4,45321,The account generally made neutral comments besides one that was very offensive. I chose not to suspend because the account only made one mistake.,0.25,5,Do not suspend,2.0,23.673
7a43a7f0-3d03-4563-a54a-cbe830b3866a,ai,d50cbc,5,45321,I chose not to suspend this account because all their comments were neutral and non were offensive.,0.0,3,Do not suspend,4.01,7.14
e61c1c50-3fd4-4210-bede-11eee1bf35ec,ai,48bf10,1,14325,This account has been suspended for violating community guidelines.,1.0,1,Suspend,5.0,18.125
e61c1c50-3fd4-4210-bede-11eee1bf35ec,ai,48bf10,2,14325,This account has been suspended for violating community guidelines and promotes violence against individuals.,0.75,1,Suspend,5.0,8.403
e61c1c50-3fd4-4210-bede-11eee1bf35ec,ai,48bf10,3,14325,This account has been suspended for violating community guidelines and promotes harm against individuals.,0.5,1,Suspend,4.0,10.086
e61c1c50-3fd4-4210-bede-11eee1bf35ec,ai,48bf10,4,14325,"It did not contain hate speech, harassments or explicit violence.",0.25,1,Do not suspend,5.0,7.016
e61c1c50-3fd4-4210-bede-11eee1bf35ec,ai,48bf10,5,14325,"No action taken. It expresses gratitude and acknowledges the support of others, promoting a positive and appreciative tone.",0.0,1,Do not suspend,5.0,8.408
dacb5226-72c2-46be-9bc5-1024cf54e53e,ai,62eaa6,1,15432,the use of abusive words,1.0,1,Suspend,3.0,19.177
dacb5226-72c2-46be-9bc5-1024cf54e53e,ai,62eaa6,2,15432,he threatening to kill someone is very offensive and dangerous,0.75,1,Suspend,4.0,13.505
dacb5226-72c2-46be-9bc5-1024cf54e53e,ai,62eaa6,3,15432,the use of abusive words against another person,0.5,1,Suspend,3.0,6.363
dacb5226-72c2-46be-9bc5-1024cf54e53e,ai,62eaa6,4,15432,he used words like killing which is inhuman and is very harmful,0.25,3,Suspend,3.0,7.942
dacb5226-72c2-46be-9bc5-1024cf54e53e,ai,62eaa6,5,15432,because the person did not use and abusive words or harmful words,0.0,5,Do not suspend,3.0,13.74
c6eef4ea-2f4a-40a5-9dc1-5aed7039ab2d,ai,9a6580,1,23541,I decided to suspend because the F word is really a hate crime word and wishing death on someone is not a very nice thing to do. the tongue is a powerful tool,1.0,1,Suspend,4.01,4.782
c6eef4ea-2f4a-40a5-9dc1-5aed7039ab2d,ai,9a6580,2,23541,for message 1 it was very offensive because thats actually a threat. you don't tell that to anyone that you are going to shoot somebody. thats very offensive and deserve to be suspended.,0.75,2,Suspend,3.97,8.969
c6eef4ea-2f4a-40a5-9dc1-5aed7039ab2d,ai,9a6580,3,23541,I decided to suspend account 2 because the F word is actually a hate crime word. nobody should be called that name no matter what,0.5,1,Suspend,3.93,5.002
c6eef4ea-2f4a-40a5-9dc1-5aed7039ab2d,ai,9a6580,4,23541,I dont recommend to suspend because the message just wanted to know if there was any evidence involved. Clearly that kinda upset them so they decided to block them,0.25,1,Do not suspend,4.0,5.815
c6eef4ea-2f4a-40a5-9dc1-5aed7039ab2d,ai,9a6580,5,23541,don't recommend to suspend because basically the message is saying that if it wasnt for these great people they idea wouldnt be where it is today,0.0,1,Do not suspend,4.98,4.509
aeef090c-83b3-4673-94f4-430f07296bf8,ai,72cb99,1,53241,Because message was offensive,1.0,1,Suspend,3.78,9.971
aeef090c-83b3-4673-94f4-430f07296bf8,ai,72cb99,2,53241,Because message was offensive,0.75,1,Suspend,3.62,5.222
aeef090c-83b3-4673-94f4-430f07296bf8,ai,72cb99,3,53241,Because message was offensive,0.5,1,Suspend,3.72,16.068
aeef090c-83b3-4673-94f4-430f07296bf8,ai,72cb99,4,53241,Because message was not offensive,0.25,1,Do not suspend,3.73,6.751
aeef090c-83b3-4673-94f4-430f07296bf8,ai,72cb99,5,53241,Because message was not offensive,0.0,5,Do not suspend,3.52,32.666
a266df2c-6c45-4c88-b6db-d7dc3d62275c,ai,258f56,1,12354,The messages contain offensive words.  The message is offensive as well.,1.0,2,Suspend,4.06,6.611
a266df2c-6c45-4c88-b6db-d7dc3d62275c,ai,258f56,2,12354,The messages contain offensive words.  The message is offensive as well.,0.75,2,Suspend,4.34,5.672
a266df2c-6c45-4c88-b6db-d7dc3d62275c,ai,258f56,3,12354,The messages contain offensive words.  The message is offensive as well.,0.5,1,Suspend,4.89,5.416
a266df2c-6c45-4c88-b6db-d7dc3d62275c,ai,258f56,4,12354,Does not contain offensive word.  The message is not offensive as well.,0.25,1,Do not suspend,4.66,4.338
a266df2c-6c45-4c88-b6db-d7dc3d62275c,ai,258f56,5,12354,Does not contain offensive word.  The message is not offensive as well.,0.0,1,Do not suspend,4.77,7.296
