round_number,unit_id,unit_text,theme,code,scope,start_offset,end_offset,quote,adjudication_status,note,resolved_by,updated_at
1,00fad48d-a853-4fff-bab7-288ea51031f0::1,F-slur,Type of offensiveness,Hate speech and offensive language,unit,,,,resolved,,subham,Mon Sep 07 2026 21:04:23 GMT+0000 (Coordinated Universal Time)
1,00fad48d-a853-4fff-bab7-288ea51031f0::5,No reason to suspend,Type of offensiveness,No offensive content,span,0,20,No reason to suspend,resolved,,subham,Mon Sep 07 2026 20:48:30 GMT+0000 (Coordinated Universal Time)
1,01aad1a0-5ec4-4a9b-a571-a2880a1476be::4,Nothing offensive. The user is just expressing positive emotions. The first message wasn't offensive-- they are setting boundaries.,Type of offensiveness,No offensive content,span,0,17,Nothing offensive,resolved,,subham,Mon Sep 07 2026 21:04:18 GMT+0000 (Coordinated Universal Time)
1,01aad1a0-5ec4-4a9b-a571-a2880a1476be::4,Nothing offensive. The user is just expressing positive emotions. The first message wasn't offensive-- they are setting boundaries.,,positive content,span,19,65,The user is just expressing positive emotions.,resolved,,subham,Mon Sep 07 2026 21:04:18 GMT+0000 (Coordinated Universal Time)
1,026448b8-5620-4d5c-9b2e-863b792e9fbf::2,this means to harm a person,Type of offensiveness,Harm other person,unit,,,,resolved,,subham,Mon Sep 07 2026 21:03:34 GMT+0000 (Coordinated Universal Time)
1,026448b8-5620-4d5c-9b2e-863b792e9fbf::2,this means to harm a person,Type of offensiveness,Threats of violence,span,0,27,this means to harm a person,resolved,,subham,Mon Sep 07 2026 21:03:34 GMT+0000 (Coordinated Universal Time)
1,043d2678-387c-463e-8ec8-0bb3314063b9::4,"This account is a case of one message being enough to suspend the entire account. They made a threat towards someone and used derogatory language towards them. In my opinion, that shouldn't be tolerated or given a slap on the wrist on any platform.",Patterns of behavior,one message is enough (offensive),span,0,80,This account is a case of one message being enough to suspend the entire account,resolved,,subham,Mon Sep 07 2026 21:04:51 GMT+0000 (Coordinated Universal Time)
1,043d2678-387c-463e-8ec8-0bb3314063b9::4,"This account is a case of one message being enough to suspend the entire account. They made a threat towards someone and used derogatory language towards them. In my opinion, that shouldn't be tolerated or given a slap on the wrist on any platform.",Type of offensiveness,Threats of violence,span,82,116,They made a threat towards someone,resolved,,subham,Mon Sep 07 2026 21:04:51 GMT+0000 (Coordinated Universal Time)
1,043d2678-387c-463e-8ec8-0bb3314063b9::4,"This account is a case of one message being enough to suspend the entire account. They made a threat towards someone and used derogatory language towards them. In my opinion, that shouldn't be tolerated or given a slap on the wrist on any platform.",Type of offensiveness,derogatory remarks,span,121,159,used derogatory language towards them.,resolved,,subham,Mon Sep 07 2026 21:04:51 GMT+0000 (Coordinated Universal Time)
1,043d2678-387c-463e-8ec8-0bb3314063b9::4,"This account is a case of one message being enough to suspend the entire account. They made a threat towards someone and used derogatory language towards them. In my opinion, that shouldn't be tolerated or given a slap on the wrist on any platform.",Patterns of behavior,one message is enough (offensive),span,160,248,"In my opinion, that shouldn't be tolerated or given a slap on the wrist on any platform.",resolved,,subham,Mon Sep 07 2026 21:04:51 GMT+0000 (Coordinated Universal Time)
1,05c044b6-fa17-4dae-b49b-5a2f9a9b0fc5::5,"After reading several comments on this account I did not find any that were offensive, so I am not considering suspending it.",Type of offensiveness,No offensive content,span,0,85,After reading several comments on this account I did not find any that were offensive,resolved,,subham,Mon Sep 07 2026 20:20:17 GMT+0000 (Coordinated Universal Time)
1,061fa554-a6f7-4f7a-80ec-711db5c38a4c::3,more often than not comments from this account featured hate speech,Patterns of behavior,Consistent offensive behavior,unit,,,,resolved,,subham,Mon Sep 07 2026 20:58:28 GMT+0000 (Coordinated Universal Time)
1,061fa554-a6f7-4f7a-80ec-711db5c38a4c::3,more often than not comments from this account featured hate speech,Patterns of behavior,Majority offesnive,span,0,46,more often than not comments from this account,resolved,,subham,Mon Sep 07 2026 20:58:28 GMT+0000 (Coordinated Universal Time)
1,061fa554-a6f7-4f7a-80ec-711db5c38a4c::3,more often than not comments from this account featured hate speech,Type of offensiveness,Hate speech and offensive language,span,47,67,featured hate speech,resolved,,subham,Mon Sep 07 2026 20:58:28 GMT+0000 (Coordinated Universal Time)
1,06e8469e-271d-4f06-8019-e49e17f01c6b::2,Bring people down by name calling then telling people they want to kill someone. This person needs to be on some type of watch list if not in some mental health rehab.,Type of offensiveness,Death wish,span,26,79,calling then telling people they want to kill someone,resolved,,subham,Mon Sep 07 2026 20:46:40 GMT+0000 (Coordinated Universal Time)
1,06e8469e-271d-4f06-8019-e49e17f01c6b::2,Bring people down by name calling then telling people they want to kill someone. This person needs to be on some type of watch list if not in some mental health rehab.,Decision outcomes,Consequences beyond suspencion,span,81,167,This person needs to be on some type of watch list if not in some mental health rehab.,resolved,,subham,Mon Sep 07 2026 20:46:40 GMT+0000 (Coordinated Universal Time)
1,0860c28d-eaaa-48ea-bd88-a46b9da590f5::2,Glorifying violence. Easy ban.,Type of offensiveness,Threats of violence,span,0,19,Glorifying violence,resolved,,subham,Mon Sep 07 2026 20:48:27 GMT+0000 (Coordinated Universal Time)
1,08ef00b7-726c-4aab-a082-e05e6afa8d42::2,"Used slurs, threatened people with shooting them in the head. I think that's quite enough to suspend, to be honest. Literal death threats.",Type of offensiveness,Death wish,unit,,,,resolved,,subham,Mon Sep 07 2026 20:49:16 GMT+0000 (Coordinated Universal Time)
1,08ef00b7-726c-4aab-a082-e05e6afa8d42::2,"Used slurs, threatened people with shooting them in the head. I think that's quite enough to suspend, to be honest. Literal death threats.",Type of offensiveness,Hate speech and offensive language,span,0,10,Used slurs,resolved,,subham,Mon Sep 07 2026 20:49:16 GMT+0000 (Coordinated Universal Time)
1,08ef00b7-726c-4aab-a082-e05e6afa8d42::2,"Used slurs, threatened people with shooting them in the head. I think that's quite enough to suspend, to be honest. Literal death threats.",Type of offensiveness,Threats of violence,span,12,60,threatened people with shooting them in the head,resolved,,subham,Mon Sep 07 2026 20:49:16 GMT+0000 (Coordinated Universal Time)
1,08ef00b7-726c-4aab-a082-e05e6afa8d42::2,"Used slurs, threatened people with shooting them in the head. I think that's quite enough to suspend, to be honest. Literal death threats.",Type of offensiveness,Death wish,span,116,138,Literal death threats.,resolved,,subham,Mon Sep 07 2026 20:49:16 GMT+0000 (Coordinated Universal Time)
1,0c73444e-3aa6-4262-a969-968101a66c75::3,"Offending words, also discrimination should not be tolerated.",Type of offensiveness,Hate speech and offensive language,span,0,61,"Offending words, also discrimination should not be tolerated.",resolved,,subham,Mon Sep 07 2026 21:01:07 GMT+0000 (Coordinated Universal Time)
1,0c73444e-3aa6-4262-a969-968101a66c75::4,"There was one message that was offensive, but overall this person does not seem to have bad intentions.",Patterns of behavior,One-off offensive,span,0,40,There was one message that was offensive,resolved,,subham,Mon Sep 07 2026 20:20:22 GMT+0000 (Coordinated Universal Time)
1,0c73444e-3aa6-4262-a969-968101a66c75::4,"There was one message that was offensive, but overall this person does not seem to have bad intentions.",Justifications,Appeal to intent,span,42,103,but overall this person does not seem to have bad intentions.,resolved,,subham,Mon Sep 07 2026 20:20:22 GMT+0000 (Coordinated Universal Time)
1,11e61552-c9e7-4fed-af65-15046c58d52f::1,This person was wishing death on multiple beings. They were also using slurs on multiple occasions and coming after multiple people. They seemed violent and unstable and it kept going.,Type of offensiveness,Death wish,span,0,49,This person was wishing death on multiple beings.,resolved,,subham,Mon Sep 07 2026 21:00:51 GMT+0000 (Coordinated Universal Time)
1,11e61552-c9e7-4fed-af65-15046c58d52f::1,This person was wishing death on multiple beings. They were also using slurs on multiple occasions and coming after multiple people. They seemed violent and unstable and it kept going.,Type of offensiveness,Hate speech and offensive language,span,51,132,hey were also using slurs on multiple occasions and coming after multiple people.,resolved,,subham,Mon Sep 07 2026 21:00:51 GMT+0000 (Coordinated Universal Time)
1,11e61552-c9e7-4fed-af65-15046c58d52f::1,This person was wishing death on multiple beings. They were also using slurs on multiple occasions and coming after multiple people. They seemed violent and unstable and it kept going.,Type of offensiveness,Threats of violence,span,133,184,They seemed violent and unstable and it kept going.,resolved,,subham,Mon Sep 07 2026 21:00:51 GMT+0000 (Coordinated Universal Time)
1,147e86b7-9d82-4fa6-8053-79beb1fb042e::1,"shows a clear insult to other people, for this problem your account will be suspended for a period of time",Type of offensiveness,Hate speech and offensive language,span,0,37,"shows a clear insult to other people,",resolved,,subham,Mon Sep 07 2026 21:02:20 GMT+0000 (Coordinated Universal Time)
1,15ca9f16-8eb2-4934-908f-c8131460b85b::2,This person seemed like an angry punk and was directing vicious threats at other members. Not acceptable.,Justifications,Poster is a bad person,span,19,37,like an angry punk,resolved,,subham,Mon Sep 07 2026 21:01:37 GMT+0000 (Coordinated Universal Time)
1,15ca9f16-8eb2-4934-908f-c8131460b85b::2,This person seemed like an angry punk and was directing vicious threats at other members. Not acceptable.,Type of offensiveness,Threats of violence,span,56,89,vicious threats at other members.,resolved,,subham,Mon Sep 07 2026 21:01:37 GMT+0000 (Coordinated Universal Time)
1,17bc2b94-f557-4770-bec1-ab1715b8678d::3,Name calling and close minded posts that add no value to any conversation.,Type of offensiveness,Hate speech and offensive language,span,0,35,Name calling and close minded posts,resolved,,subham,Mon Sep 07 2026 21:05:25 GMT+0000 (Coordinated Universal Time)
1,17bc2b94-f557-4770-bec1-ab1715b8678d::5,A thoughtful person aware and co siderate of others.,Positive content,Calm and thoughtful,span,0,52,A thoughtful person aware and co siderate of others.,resolved,,subham,Mon Sep 07 2026 20:49:30 GMT+0000 (Coordinated Universal Time)
1,19957cb7-91aa-4873-a122-ac2789b4260d::2,Ver negative comment,Type of offensiveness,Hate speech and offensive language,unit,,,,resolved,,subham,Mon Sep 07 2026 21:00:35 GMT+0000 (Coordinated Universal Time)
1,1bc0fc0a-0cf5-4c30-8056-53bc860179f0::3,2 of the 3 messages were offensive.,Patterns of behavior,Majority offesnive,unit,,,,resolved,,subham,Mon Sep 07 2026 21:05:29 GMT+0000 (Coordinated Universal Time)
1,1e990395-3db9-47d5-a2ae-f030a438b729::1,Violation of hate speech used in message.,Type of offensiveness,Hate speech and offensive language,span,0,29,Violation of hate speech used,resolved,,subham,Mon Sep 07 2026 20:58:33 GMT+0000 (Coordinated Universal Time)
1,1e990395-3db9-47d5-a2ae-f030a438b729::4,Threatening another person to commit violence/murder with a gun.,Type of offensiveness,Threats of violence,span,0,64,Threatening another person to commit violence/murder with a gun.,resolved,,subham,Mon Sep 07 2026 20:59:53 GMT+0000 (Coordinated Universal Time)
1,1eab6aa4-af12-4ebc-9267-9a9a46554aa8::1,"use of insulting words, use of threatening words and also use of dehumanizing words. showed signs of an animal hater and one that can kill a fellow individual.",Type of offensiveness,Hate speech and offensive language,span,0,23,"use of insulting words,",resolved,,subham,Mon Sep 07 2026 21:05:00 GMT+0000 (Coordinated Universal Time)
1,1eab6aa4-af12-4ebc-9267-9a9a46554aa8::1,"use of insulting words, use of threatening words and also use of dehumanizing words. showed signs of an animal hater and one that can kill a fellow individual.",Type of offensiveness,Threats of violence,span,31,48,threatening words,resolved,,subham,Mon Sep 07 2026 21:05:00 GMT+0000 (Coordinated Universal Time)
1,1eab6aa4-af12-4ebc-9267-9a9a46554aa8::1,"use of insulting words, use of threatening words and also use of dehumanizing words. showed signs of an animal hater and one that can kill a fellow individual.",Type of offensiveness,Hate speech and offensive language,span,65,84,dehumanizing words.,resolved,,subham,Mon Sep 07 2026 21:05:00 GMT+0000 (Coordinated Universal Time)
1,1eab6aa4-af12-4ebc-9267-9a9a46554aa8::1,"use of insulting words, use of threatening words and also use of dehumanizing words. showed signs of an animal hater and one that can kill a fellow individual.",Type of offensiveness,Death wish,span,85,159,showed signs of an animal hater and one that can kill a fellow individual.,resolved,,subham,Mon Sep 07 2026 21:05:00 GMT+0000 (Coordinated Universal Time)
1,1eab6aa4-af12-4ebc-9267-9a9a46554aa8::4,"although there was use of a certain degree of bad words in the third message, the first two messages were kind",Patterns of behavior,One-off offensive,span,0,77,"although there was use of a certain degree of bad words in the third message,",resolved,,subham,Mon Sep 07 2026 21:05:18 GMT+0000 (Coordinated Universal Time)
1,1eab6aa4-af12-4ebc-9267-9a9a46554aa8::4,"although there was use of a certain degree of bad words in the third message, the first two messages were kind",,positive content,span,78,110,the first two messages were kind,resolved,,subham,Mon Sep 07 2026 21:05:18 GMT+0000 (Coordinated Universal Time)
1,1eab6aa4-af12-4ebc-9267-9a9a46554aa8::5,"there was no use of bad words, the user spoke in an understanding manner and made points without hurting or insulting anyone.",Patterns of behavior,Normal behavior,unit,,,,resolved,,subham,Mon Sep 07 2026 20:12:28 GMT+0000 (Coordinated Universal Time)
1,1eab6aa4-af12-4ebc-9267-9a9a46554aa8::5,"there was no use of bad words, the user spoke in an understanding manner and made points without hurting or insulting anyone.",Justifications,Not too offensive,unit,,,,resolved,,subham,Mon Sep 07 2026 20:12:28 GMT+0000 (Coordinated Universal Time)
1,20495eb2-b21b-4955-8a97-0020aae12c29::1,Every message used extremely offensive language and one threatened an animal.,Type of offensiveness,Hate speech and offensive language,span,0,47,Every message used extremely offensive language,resolved,,subham,Mon Sep 07 2026 20:59:48 GMT+0000 (Coordinated Universal Time)
1,20495eb2-b21b-4955-8a97-0020aae12c29::1,Every message used extremely offensive language and one threatened an animal.,Type of offensiveness,Extreme offensive,span,19,47,extremely offensive language,resolved,,subham,Mon Sep 07 2026 20:59:48 GMT+0000 (Coordinated Universal Time)
1,20495eb2-b21b-4955-8a97-0020aae12c29::1,Every message used extremely offensive language and one threatened an animal.,Type of offensiveness,Threats of violence,span,56,77,threatened an animal.,resolved,,subham,Mon Sep 07 2026 20:59:48 GMT+0000 (Coordinated Universal Time)
1,208559c2-6d8a-4abe-a680-1ff1d4748c20::2,"Most of the account message where offensive , its appears to be a standard behavior of the account.",Patterns of behavior,Majority offesnive,span,0,43,Most of the account message where offensive,resolved,,subham,Mon Sep 07 2026 20:48:00 GMT+0000 (Coordinated Universal Time)
1,208559c2-6d8a-4abe-a680-1ff1d4748c20::2,"Most of the account message where offensive , its appears to be a standard behavior of the account.",Patterns of behavior,Consistent offensive behavior,span,46,99,its appears to be a standard behavior of the account.,resolved,,subham,Mon Sep 07 2026 20:48:00 GMT+0000 (Coordinated Universal Time)
1,209a2e51-8511-44f6-8bc1-5df8aff3fa19::1,They are very vulgar words that deserve suspending the account,Type of offensiveness,Hate speech and offensive language,span,0,62,They are very vulgar words that deserve suspending the account,resolved,,subham,Mon Sep 07 2026 20:47:43 GMT+0000 (Coordinated Universal Time)
1,209a2e51-8511-44f6-8bc1-5df8aff3fa19::1,They are very vulgar words that deserve suspending the account,Type of offensiveness,derogatory remarks,span,14,50,vulgar words that deserve suspending,resolved,,subham,Mon Sep 07 2026 20:47:43 GMT+0000 (Coordinated Universal Time)
1,22e5ece5-b743-45c4-972e-77b1ae4b37e9::3,"I went through 5 different messages for this account and the person insulted multiple people for their sexuality, looks, and race. The things said in these messages are unacceptable and the account would deserve to be suspended.",Patterns of behavior,Consistent offensive behavior,span,0,130,"I went through 5 different messages for this account and the person insulted multiple people for their sexuality, looks, and race.",resolved,,subham,Mon Sep 07 2026 21:03:51 GMT+0000 (Coordinated Universal Time)
1,22e5ece5-b743-45c4-972e-77b1ae4b37e9::3,"I went through 5 different messages for this account and the person insulted multiple people for their sexuality, looks, and race. The things said in these messages are unacceptable and the account would deserve to be suspended.",Type of offensiveness,racial remark,span,77,129,"multiple people for their sexuality, looks, and race",resolved,,subham,Mon Sep 07 2026 21:03:51 GMT+0000 (Coordinated Universal Time)
1,22e5ece5-b743-45c4-972e-77b1ae4b37e9::3,"I went through 5 different messages for this account and the person insulted multiple people for their sexuality, looks, and race. The things said in these messages are unacceptable and the account would deserve to be suspended.",Type of offensiveness,Hate speech and offensive language,span,77,130,"multiple people for their sexuality, looks, and race.",resolved,,subham,Mon Sep 07 2026 21:03:51 GMT+0000 (Coordinated Universal Time)
1,246aa216-be21-4efa-9eff-7f1a95d1d02d::2,It's a death threat.,Type of offensiveness,Death wish,span,1,20,t's a death threat.,resolved,,subham,Mon Sep 07 2026 20:48:38 GMT+0000 (Coordinated Universal Time)
1,2470478f-1b93-4fdd-8841-0a9b0fdde878::2,"Threats of murder, repeated use of the f-slur with genuine hatred.",Type of offensiveness,Threats of violence,span,0,17,Threats of murder,resolved,,subham,Mon Sep 07 2026 20:12:37 GMT+0000 (Coordinated Universal Time)
1,2470478f-1b93-4fdd-8841-0a9b0fdde878::2,"Threats of murder, repeated use of the f-slur with genuine hatred.",Patterns of behavior,Consistent offensive behavior,span,19,27,repeated,resolved,,subham,Mon Sep 07 2026 20:12:37 GMT+0000 (Coordinated Universal Time)
1,2470478f-1b93-4fdd-8841-0a9b0fdde878::2,"Threats of murder, repeated use of the f-slur with genuine hatred.",Type of offensiveness,Hate speech and offensive language,span,19,65,repeated use of the f-slur with genuine hatred,resolved,,subham,Mon Sep 07 2026 20:12:37 GMT+0000 (Coordinated Universal Time)
1,2470478f-1b93-4fdd-8841-0a9b0fdde878::4,You don't just let people make threats of murder on your platform. Period.,Type of offensiveness,Threats of violence,unit,,,,resolved,,subham,Mon Sep 07 2026 21:01:59 GMT+0000 (Coordinated Universal Time)
1,2470478f-1b93-4fdd-8841-0a9b0fdde878::4,You don't just let people make threats of murder on your platform. Period.,Type of offensiveness,Death wish,span,42,66,murder on your platform.,resolved,,subham,Mon Sep 07 2026 21:01:59 GMT+0000 (Coordinated Universal Time)
1,2470478f-1b93-4fdd-8841-0a9b0fdde878::5,"Just seems like a normal person's account, or at least an account that isn't wildly against every TOS known to man.",Patterns of behavior,Normal behavior,span,0,42,"Just seems like a normal person's account,",resolved,,subham,Mon Sep 07 2026 20:49:13 GMT+0000 (Coordinated Universal Time)
1,26429584-a1a5-43df-9b5c-38d0072a4730::1,i suspended this account because it had nothing but bad messages one after the next and they were very vulgar and offensive,Patterns of behavior,Consistent offensive behavior,span,36,83,had nothing but bad messages one after the next,resolved,,subham,Mon Sep 07 2026 20:50:51 GMT+0000 (Coordinated Universal Time)
1,26429584-a1a5-43df-9b5c-38d0072a4730::1,i suspended this account because it had nothing but bad messages one after the next and they were very vulgar and offensive,Type of offensiveness,Hate speech and offensive language,span,88,123,they were very vulgar and offensive,resolved,,subham,Mon Sep 07 2026 20:50:51 GMT+0000 (Coordinated Universal Time)
1,2db60c1d-59e3-4a2d-96e2-2d364f090249::2,"PLAIN AND SIMPLE OFFENSIVE, COMMON SENSE AND ADDITIONALLY YOU ARE LUCKY i DO NOT RETURN THIS NOW ON PRINCIPLE ALONE AS IT IS YOUR 2ND OMISSION NOT CITED AS BEING REQUIRED IN PROLIFIC TASK PREVIEW MATERIAL SHOWN ON PROLIFIC BEFORE WORKERS CLICK START",Type of offensiveness,Hate speech and offensive language,span,0,27,"PLAIN AND SIMPLE OFFENSIVE,",resolved,,subham,Mon Sep 07 2026 21:00:45 GMT+0000 (Coordinated Universal Time)
1,2db60c1d-59e3-4a2d-96e2-2d364f090249::5,"PLAIN AND SIMPLE NOT OFFENSIVE, AND ADDITIONALLY YOU ARE LUCKY i DO NOT RETURN THIS NOW ON PRINCIPLE ALONE AS IT IS YOUR 2ND OMISSION NOT CITED AS BEING REQUIRED IN PROLIFIC TASK PREVIEW MATERIAL SHOWN ON PROLIFIC BEFORE WORKERS CLICK START",Type of offensiveness,Hate speech and offensive language,span,0,30,PLAIN AND SIMPLE NOT OFFENSIVE,resolved,,subham,Mon Sep 07 2026 21:03:28 GMT+0000 (Coordinated Universal Time)
1,2e60f023-d4ef-460f-a8b5-31164eb105f3::3,account 1 uses hate speech and derogatory terms. They have said offensive things multiple times. They should not get a pass.,Type of offensiveness,Hate speech and offensive language,span,0,48,account 1 uses hate speech and derogatory terms.,resolved,,subham,Mon Sep 07 2026 21:05:13 GMT+0000 (Coordinated Universal Time)
1,2e60f023-d4ef-460f-a8b5-31164eb105f3::3,account 1 uses hate speech and derogatory terms. They have said offensive things multiple times. They should not get a pass.,Type of offensiveness,Hate speech and offensive language,span,49,124,They have said offensive things multiple times. They should not get a pass.,resolved,,subham,Mon Sep 07 2026 21:05:13 GMT+0000 (Coordinated Universal Time)
1,2e81601f-453c-4d49-baa2-208a30e95b69::3,th message was insulting and bad language was used,Type of offensiveness,Hate speech and offensive language,span,0,24,th message was insulting,resolved,,subham,Mon Sep 07 2026 21:04:21 GMT+0000 (Coordinated Universal Time)
1,2e81601f-453c-4d49-baa2-208a30e95b69::3,th message was insulting and bad language was used,Type of offensiveness,Hate speech and offensive language,span,29,50,bad language was used,resolved,,subham,Mon Sep 07 2026 21:04:21 GMT+0000 (Coordinated Universal Time)
1,2ee6b9be-6ea5-4dbf-8780-7e22df0d7db7::1,All of their messages are extremely offensive which includes not only death threats but also derogatory terms,Type of offensiveness,Extreme offensive,unit,,,,resolved,,subham,Mon Sep 07 2026 20:59:10 GMT+0000 (Coordinated Universal Time)
1,2ee6b9be-6ea5-4dbf-8780-7e22df0d7db7::1,All of their messages are extremely offensive which includes not only death threats but also derogatory terms,Type of offensiveness,Hate speech and offensive language,span,0,45,All of their messages are extremely offensive,resolved,,subham,Mon Sep 07 2026 20:59:10 GMT+0000 (Coordinated Universal Time)
1,2ee6b9be-6ea5-4dbf-8780-7e22df0d7db7::1,All of their messages are extremely offensive which includes not only death threats but also derogatory terms,Patterns of behavior,Consistent offensive behavior,span,0,21,All of their messages,resolved,,subham,Mon Sep 07 2026 20:59:10 GMT+0000 (Coordinated Universal Time)
1,2ee6b9be-6ea5-4dbf-8780-7e22df0d7db7::1,All of their messages are extremely offensive which includes not only death threats but also derogatory terms,Type of offensiveness,Death wish,span,70,83,death threats,resolved,,subham,Mon Sep 07 2026 20:59:10 GMT+0000 (Coordinated Universal Time)
1,2ee6b9be-6ea5-4dbf-8780-7e22df0d7db7::1,All of their messages are extremely offensive which includes not only death threats but also derogatory terms,Type of offensiveness,Hate speech and offensive language,span,93,109,derogatory terms,resolved,,subham,Mon Sep 07 2026 20:59:10 GMT+0000 (Coordinated Universal Time)
1,304298ef-5fc6-4f7c-b744-61b877e0cee7::1,It is extremely hateful,Type of offensiveness,Hate speech and offensive language,span,1,23,t is extremely hateful,resolved,,subham,Mon Sep 07 2026 20:49:11 GMT+0000 (Coordinated Universal Time)
1,30e22309-754e-4431-897d-e433d6a81eb9::2,Uses vulgar and offensive language to denigrate and insult individuals.  States clearly threatening action.,Type of offensiveness,Hate speech and offensive language,span,0,70,Uses vulgar and offensive language to denigrate and insult individuals,resolved,,subham,Mon Sep 07 2026 21:05:51 GMT+0000 (Coordinated Universal Time)
1,30e22309-754e-4431-897d-e433d6a81eb9::2,Uses vulgar and offensive language to denigrate and insult individuals.  States clearly threatening action.,Type of offensiveness,Threats of violence,span,73,107,States clearly threatening action.,resolved,,subham,Mon Sep 07 2026 21:05:51 GMT+0000 (Coordinated Universal Time)
1,3246c910-edc5-4a19-a587-0cbcced72c21::1,"Just clear slurs and pure hatred, zero reason to not suspend this account, this is literally indefensible.",Type of offensiveness,Hate speech and offensive language,span,0,32,Just clear slurs and pure hatred,resolved,,subham,Mon Sep 07 2026 20:50:17 GMT+0000 (Coordinated Universal Time)
1,3246c910-edc5-4a19-a587-0cbcced72c21::1,"Just clear slurs and pure hatred, zero reason to not suspend this account, this is literally indefensible.",Patterns of behavior,Consistent offensive behavior,span,34,106,"zero reason to not suspend this account, this is literally indefensible.",resolved,,subham,Mon Sep 07 2026 20:50:17 GMT+0000 (Coordinated Universal Time)
1,32be39db-f881-4abe-8804-3ca4460756e8::1,"A horrible hateful person, full of slurs and rude words",Justifications,Poster is a bad person,span,0,25,A horrible hateful person,resolved,,subham,Mon Sep 07 2026 20:58:38 GMT+0000 (Coordinated Universal Time)
1,32be39db-f881-4abe-8804-3ca4460756e8::1,"A horrible hateful person, full of slurs and rude words",Type of offensiveness,Hate speech and offensive language,span,27,55,full of slurs and rude words,resolved,,subham,Mon Sep 07 2026 20:58:38 GMT+0000 (Coordinated Universal Time)
1,32be39db-f881-4abe-8804-3ca4460756e8::2,"Everything about their posts is bad and wrong. Slurs, rude language, insults, nothing good !",Patterns of behavior,Consistent offensive behavior,span,0,45,Everything about their posts is bad and wrong,resolved,,subham,Mon Sep 07 2026 21:04:14 GMT+0000 (Coordinated Universal Time)
1,32be39db-f881-4abe-8804-3ca4460756e8::2,"Everything about their posts is bad and wrong. Slurs, rude language, insults, nothing good !",Type of offensiveness,Hate speech and offensive language,span,47,92,"Slurs, rude language, insults, nothing good !",resolved,,subham,Mon Sep 07 2026 21:04:14 GMT+0000 (Coordinated Universal Time)
1,33a7ec32-7245-4843-9294-2caeb54be5c0::1,Derogatory terms and the wishes of death of humans/animals.,Type of offensiveness,Hate speech and offensive language,span,0,16,Derogatory terms,resolved,,subham,Mon Sep 07 2026 20:59:51 GMT+0000 (Coordinated Universal Time)
1,33a7ec32-7245-4843-9294-2caeb54be5c0::1,Derogatory terms and the wishes of death of humans/animals.,Type of offensiveness,Death wish,span,25,59,wishes of death of humans/animals.,resolved,,subham,Mon Sep 07 2026 20:59:51 GMT+0000 (Coordinated Universal Time)
1,33a7ec32-7245-4843-9294-2caeb54be5c0::3,Derogatory remarks.,Type of offensiveness,Hate speech and offensive language,unit,,,,resolved,,subham,Mon Sep 07 2026 20:12:13 GMT+0000 (Coordinated Universal Time)
1,33a7ec32-7245-4843-9294-2caeb54be5c0::5,"No offensive remarks seen in any of the 4 messages, only positive or inquisitive ones.",Type of offensiveness,No offensive content,span,0,86,"No offensive remarks seen in any of the 4 messages, only positive or inquisitive ones.",resolved,,subham,Mon Sep 07 2026 21:02:55 GMT+0000 (Coordinated Universal Time)
1,3820a2cf-9127-4286-8f06-13a8111285e8::4,cause the user use a formal language and there is no threats in the message,Patterns of behavior,Normal behavior,span,21,36,formal language,resolved,,subham,Mon Sep 07 2026 21:04:00 GMT+0000 (Coordinated Universal Time)
1,3820a2cf-9127-4286-8f06-13a8111285e8::4,cause the user use a formal language and there is no threats in the message,Type of offensiveness,No offensive content,span,41,75,there is no threats in the message,resolved,,subham,Mon Sep 07 2026 21:04:00 GMT+0000 (Coordinated Universal Time)
1,3820a2cf-9127-4286-8f06-13a8111285e8::5,cause the user use a formal language and there is no threats in the message,Type of offensiveness,No offensive content,span,41,75,there is no threats in the message,resolved,,subham,Mon Sep 07 2026 20:19:54 GMT+0000 (Coordinated Universal Time)
1,39ab5a4c-c7ab-4268-8f50-8b8122d844ab::5,I did not find anything that a reasonable person would be offended by.,Type of offensiveness,No offensive content,span,0,70,I did not find anything that a reasonable person would be offended by.,resolved,,subham,Mon Sep 07 2026 20:49:19 GMT+0000 (Coordinated Universal Time)
1,3a71a704-c4b8-415f-bd4d-ce52c8458a98::1,Ya this just didn't seem like it was going to get any better,,positive content,span,0,60,Ya this just didn't seem like it was going to get any better,resolved,,subham,Mon Sep 07 2026 21:00:01 GMT+0000 (Coordinated Universal Time)
1,3a71a704-c4b8-415f-bd4d-ce52c8458a98::5,"This account has posts that seem genuine and supportive, probably indicative of someone who is level, civil, and not angry",Positive content,Calm and thoughtful,span,0,55,This account has posts that seem genuine and supportive,resolved,,subham,Mon Sep 07 2026 20:49:41 GMT+0000 (Coordinated Universal Time)
1,3a71a704-c4b8-415f-bd4d-ce52c8458a98::5,"This account has posts that seem genuine and supportive, probably indicative of someone who is level, civil, and not angry",Justifications,Contextual understanding,span,57,122,"probably indicative of someone who is level, civil, and not angry",resolved,,subham,Mon Sep 07 2026 20:49:41 GMT+0000 (Coordinated Universal Time)
1,4087dea3-9032-4482-962a-3976a83c5ad7::4,Message 3 uses violent language and threats against another person.,Type of offensiveness,Hate speech and offensive language,span,0,31,Message 3 uses violent language,resolved,,subham,Mon Sep 07 2026 20:59:45 GMT+0000 (Coordinated Universal Time)
1,4087dea3-9032-4482-962a-3976a83c5ad7::4,Message 3 uses violent language and threats against another person.,Type of offensiveness,Threats of violence,span,32,67,and threats against another person.,resolved,,subham,Mon Sep 07 2026 20:59:45 GMT+0000 (Coordinated Universal Time)
1,4403b5d3-138f-46fd-8120-8fafc7639941::5,uplifting,Positive content,Calm and thoughtful,span,0,9,uplifting,resolved,,subham,Mon Sep 07 2026 20:48:33 GMT+0000 (Coordinated Universal Time)
1,44c5e862-bfc8-45a3-921f-1ca8b6805aab::4,Contained several harmful messages,Type of offensiveness,Hate speech and offensive language,span,0,34,Contained several harmful messages,resolved,,subham,Mon Sep 07 2026 20:46:05 GMT+0000 (Coordinated Universal Time)
1,45cf4ff1-2f10-412c-9cc6-c6af7b830e2e::4,One message they are threatening to murder someone.,Type of offensiveness,Threats of violence,span,0,51,One message they are threatening to murder someone.,resolved,,subham,Mon Sep 07 2026 21:05:59 GMT+0000 (Coordinated Universal Time)
1,46f6bb91-10f9-48c8-aa76-72cd972429f8::1,The same type of offensive language as other accounts I would suspend,Type of offensiveness,Hate speech and offensive language,span,0,69,The same type of offensive language as other accounts I would suspend,resolved,,subham,Mon Sep 07 2026 20:59:59 GMT+0000 (Coordinated Universal Time)
1,4984471b-9109-4812-8748-9c8e6fc829c0::2,This is so offensive like saying going to shoot.,Type of offensiveness,Hate speech and offensive language,span,0,48,This is so offensive like saying going to shoot.,resolved,,subham,Mon Sep 07 2026 20:58:45 GMT+0000 (Coordinated Universal Time)
1,4984471b-9109-4812-8748-9c8e6fc829c0::2,This is so offensive like saying going to shoot.,Type of offensiveness,Threats of violence,span,26,48,saying going to shoot.,resolved,,subham,Mon Sep 07 2026 20:58:45 GMT+0000 (Coordinated Universal Time)
1,4b65d56f-9409-4e89-8d59-32f2f92bf399::3,I don't think that negative comments specifically aimed at sexually are grounds for suspension.,Type of offensiveness,Hate speech and offensive language,span,2,67,don't think that negative comments specifically aimed at sexually,resolved,,subham,Mon Sep 07 2026 20:49:22 GMT+0000 (Coordinated Universal Time)
1,4b65d56f-9409-4e89-8d59-32f2f92bf399::3,I don't think that negative comments specifically aimed at sexually are grounds for suspension.,Justifications,Not too offensive,span,72,95,grounds for suspension.,resolved,,subham,Mon Sep 07 2026 20:49:22 GMT+0000 (Coordinated Universal Time)
1,4e3a6cce-8e2f-4408-96e1-71048af70adb::5,The messages in this account was sharing thoughts on issues and was not being offensive,Positive content,Personal opinions and thoughts,span,0,59,The messages in this account was sharing thoughts on issues,resolved,,subham,Mon Sep 07 2026 20:50:46 GMT+0000 (Coordinated Universal Time)
1,4e3a6cce-8e2f-4408-96e1-71048af70adb::5,The messages in this account was sharing thoughts on issues and was not being offensive,Type of offensiveness,No offensive content,span,64,87,was not being offensive,resolved,,subham,Mon Sep 07 2026 20:50:46 GMT+0000 (Coordinated Universal Time)
1,4e526fc5-8352-4bd3-93c1-c9e4a8d8e59c::1,they want everyone to die. very mean and cold hearted.,Type of offensiveness,Hate speech and offensive language,span,0,54,they want everyone to die. very mean and cold hearted.,resolved,,subham,Mon Sep 07 2026 20:59:25 GMT+0000 (Coordinated Universal Time)
1,4e926ade-dd83-4dd9-8c60-ef3b6f8f5c0e::4,Although the offensive message was quite graphic it was unique among the other messages. While unfortunate it just wasn't enough to fully suspend the account.,Patterns of behavior,One-off offensive,span,0,88,Although the offensive message was quite graphic it was unique among the other messages.,resolved,,subham,Mon Sep 07 2026 21:01:41 GMT+0000 (Coordinated Universal Time)
1,4e926ade-dd83-4dd9-8c60-ef3b6f8f5c0e::4,Although the offensive message was quite graphic it was unique among the other messages. While unfortunate it just wasn't enough to fully suspend the account.,Justifications,Not too offensive,span,89,157,While unfortunate it just wasn't enough to fully suspend the account,resolved,,subham,Mon Sep 07 2026 21:01:41 GMT+0000 (Coordinated Universal Time)
1,4e926ade-dd83-4dd9-8c60-ef3b6f8f5c0e::5,"This account has a lot of everyday life observations and sharing, any interaction is stated in a respectable but direct way. Personal opinions are shared very openly but not in an aggressive or ""I'm right, you're wrong"" kind of way.",Patterns of behavior,Normal behavior,span,0,124,"This account has a lot of everyday life observations and sharing, any interaction is stated in a respectable but direct way.",resolved,,subham,Mon Sep 07 2026 20:48:57 GMT+0000 (Coordinated Universal Time)
1,4e926ade-dd83-4dd9-8c60-ef3b6f8f5c0e::5,"This account has a lot of everyday life observations and sharing, any interaction is stated in a respectable but direct way. Personal opinions are shared very openly but not in an aggressive or ""I'm right, you're wrong"" kind of way.",Positive content,Personal opinions and thoughts,span,125,142,Personal opinions,resolved,,subham,Mon Sep 07 2026 20:48:57 GMT+0000 (Coordinated Universal Time)
1,4ed5e9b1-5022-4acc-8c91-77a3a602831a::4,"I reviewed 8 messages, and only 2 were offensive. In those 2 messages they kept saying that they were going to kill whoever they were talking to. I should have reviewed more to see if that type of communication continued. If so, a definite suspend.",Type of offensiveness,Death wish,span,80,144,saying that they were going to kill whoever they were talking to,resolved,,subham,Mon Sep 07 2026 20:48:05 GMT+0000 (Coordinated Universal Time)
1,4ed5e9b1-5022-4acc-8c91-77a3a602831a::4,"I reviewed 8 messages, and only 2 were offensive. In those 2 messages they kept saying that they were going to kill whoever they were talking to. I should have reviewed more to see if that type of communication continued. If so, a definite suspend.",Decision outcomes,Ban if behavior continues,span,146,248,"I should have reviewed more to see if that type of communication continued. If so, a definite suspend.",resolved,,subham,Mon Sep 07 2026 20:48:05 GMT+0000 (Coordinated Universal Time)
1,4ed5e9b1-5022-4acc-8c91-77a3a602831a::5,None of their conversations were offensive. No reason to suspend account.,Type of offensiveness,No offensive content,unit,,,,resolved,,subham,Mon Sep 07 2026 21:00:40 GMT+0000 (Coordinated Universal Time)
1,50b6bc56-df8e-42b4-abb9-bec6b425670e::3,"Account 5 had mixed offensive and non-offensive messages, however, the severity of the offensive ones greatly outweigh the non-offensive ones. This is because the messages contain homophobic slurs, brutally insulting someone's family, and racism.",Type of offensiveness,racial remark,unit,,,,resolved,,subham,Mon Sep 07 2026 20:59:33 GMT+0000 (Coordinated Universal Time)
1,50b6bc56-df8e-42b4-abb9-bec6b425670e::3,"Account 5 had mixed offensive and non-offensive messages, however, the severity of the offensive ones greatly outweigh the non-offensive ones. This is because the messages contain homophobic slurs, brutally insulting someone's family, and racism.",Patterns of behavior,Mix of offensive and non-offensive,span,0,56,Account 5 had mixed offensive and non-offensive messages,resolved,,subham,Mon Sep 07 2026 20:59:33 GMT+0000 (Coordinated Universal Time)
1,50b6bc56-df8e-42b4-abb9-bec6b425670e::3,"Account 5 had mixed offensive and non-offensive messages, however, the severity of the offensive ones greatly outweigh the non-offensive ones. This is because the messages contain homophobic slurs, brutally insulting someone's family, and racism.",Type of offensiveness,Extreme offensive,span,58,141,"however, the severity of the offensive ones greatly outweigh the non-offensive ones",resolved,,subham,Mon Sep 07 2026 20:59:33 GMT+0000 (Coordinated Universal Time)
1,50b6bc56-df8e-42b4-abb9-bec6b425670e::3,"Account 5 had mixed offensive and non-offensive messages, however, the severity of the offensive ones greatly outweigh the non-offensive ones. This is because the messages contain homophobic slurs, brutally insulting someone's family, and racism.",Type of offensiveness,Hate speech and offensive language,span,143,246,"This is because the messages contain homophobic slurs, brutally insulting someone's family, and racism.",resolved,,subham,Mon Sep 07 2026 20:59:33 GMT+0000 (Coordinated Universal Time)
1,524a640d-323a-46ab-8efd-9af2c6c29d5b::4,"Message three threatened to murder someone. And ""retard"" is a derogatory word.",Type of offensiveness,Threats of violence,span,0,42,Message three threatened to murder someone,resolved,,subham,Mon Sep 07 2026 21:00:23 GMT+0000 (Coordinated Universal Time)
1,524a640d-323a-46ab-8efd-9af2c6c29d5b::4,"Message three threatened to murder someone. And ""retard"" is a derogatory word.",Type of offensiveness,Hate speech and offensive language,span,44,78,"And ""retard"" is a derogatory word.",resolved,,subham,Mon Sep 07 2026 21:00:23 GMT+0000 (Coordinated Universal Time)
1,529595bf-86c8-4a2d-9ffb-8cc14acc2958::1,Multiple offensive posts in a row.,Patterns of behavior,Majority offesnive,span,0,34,Multiple offensive posts in a row.,resolved,,subham,Mon Sep 07 2026 20:46:59 GMT+0000 (Coordinated Universal Time)
1,529595bf-86c8-4a2d-9ffb-8cc14acc2958::1,Multiple offensive posts in a row.,Patterns of behavior,Consistent offensive behavior,span,0,34,Multiple offensive posts in a row.,resolved,,subham,Mon Sep 07 2026 20:46:59 GMT+0000 (Coordinated Universal Time)
1,53e65e49-04a3-4a91-be60-32e26d65f88c::5,I read a sample of 5 messages from this account and none were offensive.,Type of offensiveness,No offensive content,span,52,72,none were offensive.,resolved,,subham,Mon Sep 07 2026 20:46:10 GMT+0000 (Coordinated Universal Time)
1,563c29ae-5957-43e7-8456-64668a5f47c8::2,I should have just clicked suspend after the first message. But violence in message 1 plus slurs in message 2 is more than enough for me.,Patterns of behavior,Consistent offensive behavior,span,0,137,I should have just clicked suspend after the first message. But violence in message 1 plus slurs in message 2 is more than enough for me.,resolved,,subham,Mon Sep 07 2026 20:48:53 GMT+0000 (Coordinated Universal Time)
1,563c29ae-5957-43e7-8456-64668a5f47c8::2,I should have just clicked suspend after the first message. But violence in message 1 plus slurs in message 2 is more than enough for me.,Type of offensiveness,Threats of violence,span,60,72,But violence,resolved,,subham,Mon Sep 07 2026 20:48:53 GMT+0000 (Coordinated Universal Time)
1,563c29ae-5957-43e7-8456-64668a5f47c8::2,I should have just clicked suspend after the first message. But violence in message 1 plus slurs in message 2 is more than enough for me.,Type of offensiveness,Hate speech and offensive language,span,91,96,slurs,resolved,,subham,Mon Sep 07 2026 20:48:53 GMT+0000 (Coordinated Universal Time)
1,563c29ae-5957-43e7-8456-64668a5f47c8::3,"Double slur on the very first message, easy call for suspension. No need to see more.",Decision outcomes,Permanent ban,unit,,,,resolved,,subham,Mon Sep 07 2026 20:47:11 GMT+0000 (Coordinated Universal Time)
1,563c29ae-5957-43e7-8456-64668a5f47c8::3,"Double slur on the very first message, easy call for suspension. No need to see more.",Type of offensiveness,Hate speech and offensive language,span,0,63,"Double slur on the very first message, easy call for suspension",resolved,,subham,Mon Sep 07 2026 20:47:11 GMT+0000 (Coordinated Universal Time)
1,56d821b6-60da-437e-b2c3-f1b67d769d39::3,"The user made comments toward another user, berating them and using slurs against the LGBTQ+ community.",Type of offensiveness,Hate speech and offensive language,span,0,103,"The user made comments toward another user, berating them and using slurs against the LGBTQ+ community.",resolved,,subham,Mon Sep 07 2026 20:58:40 GMT+0000 (Coordinated Universal Time)
1,58d77f08-39c7-454e-b6da-eb275ae18302::3,Bullying behavior. Derogatory hate speech (f**got). Racism.,Type of offensiveness,Hate speech and offensive language,span,0,17,Bullying behavior,resolved,,subham,Mon Sep 07 2026 20:49:25 GMT+0000 (Coordinated Universal Time)
1,5ae2ec2f-6040-40ee-95d6-7d6476f4878e::3,"5 of 9 comments were offensive, which is way too many.  I might have let it slide with 1 or 2 tops, but this user was suspended as they clearly show a repeat pattern for offensive messages.",Patterns of behavior,Majority offesnive,span,0,30,5 of 9 comments were offensive,resolved,,subham,Mon Sep 07 2026 21:05:39 GMT+0000 (Coordinated Universal Time)
1,5ae2ec2f-6040-40ee-95d6-7d6476f4878e::3,"5 of 9 comments were offensive, which is way too many.  I might have let it slide with 1 or 2 tops, but this user was suspended as they clearly show a repeat pattern for offensive messages.",Patterns of behavior,Consistent offensive behavior,span,100,189,but this user was suspended as they clearly show a repeat pattern for offensive messages.,resolved,,subham,Mon Sep 07 2026 21:05:39 GMT+0000 (Coordinated Universal Time)
1,5bcd81ba-db12-4a52-b9f6-16e94d8405ad::1,does not contribute to positive environment i'd like to see in an online community. use of highly derogatory and discriminatory language.,Type of offensiveness,Hate speech and offensive language,unit,,,,resolved,,subham,Mon Sep 07 2026 21:01:11 GMT+0000 (Coordinated Universal Time)
1,5bcd81ba-db12-4a52-b9f6-16e94d8405ad::1,does not contribute to positive environment i'd like to see in an online community. use of highly derogatory and discriminatory language.,Decision outcomes,Consequences beyond suspencion,span,0,83,does not contribute to positive environment i'd like to see in an online community.,resolved,,subham,Mon Sep 07 2026 21:01:11 GMT+0000 (Coordinated Universal Time)
1,5bcd81ba-db12-4a52-b9f6-16e94d8405ad::4,I think the comments about blocking is acceptable but death threats are certainly not. I would give this person a warning or tempororary ban as this is a one-off occurrence but I see their future posts are less offensive.,Type of offensiveness,Threats of violence,span,54,85,death threats are certainly not,resolved,,subham,Mon Sep 07 2026 20:20:01 GMT+0000 (Coordinated Universal Time)
1,5bcd81ba-db12-4a52-b9f6-16e94d8405ad::4,I think the comments about blocking is acceptable but death threats are certainly not. I would give this person a warning or tempororary ban as this is a one-off occurrence but I see their future posts are less offensive.,Decision outcomes,Temporary suspension,span,114,121,warning,resolved,,subham,Mon Sep 07 2026 20:20:01 GMT+0000 (Coordinated Universal Time)
1,5bcd81ba-db12-4a52-b9f6-16e94d8405ad::4,I think the comments about blocking is acceptable but death threats are certainly not. I would give this person a warning or tempororary ban as this is a one-off occurrence but I see their future posts are less offensive.,Decision outcomes,Temporary suspension,span,125,140,tempororary ban,resolved,,subham,Mon Sep 07 2026 20:20:01 GMT+0000 (Coordinated Universal Time)
1,5bcd81ba-db12-4a52-b9f6-16e94d8405ad::4,I think the comments about blocking is acceptable but death threats are certainly not. I would give this person a warning or tempororary ban as this is a one-off occurrence but I see their future posts are less offensive.,Patterns of behavior,One-off offensive,span,144,172,this is a one-off occurrence,resolved,,subham,Mon Sep 07 2026 20:20:01 GMT+0000 (Coordinated Universal Time)
1,5cc4bd9f-bb5f-4846-bd05-fdd182058a61::5,Looks like someone expressing their thoughts online. No reason to suspend them.,Positive content,Personal opinions and thoughts,span,0,52,Looks like someone expressing their thoughts online.,resolved,,subham,Mon Sep 07 2026 21:05:05 GMT+0000 (Coordinated Universal Time)
1,5d63ec35-004a-47d7-8b6a-cab773657401::2,Account 4 used offensive language and threatened to shoot someone.,Type of offensiveness,Hate speech and offensive language,span,10,33,used offensive language,resolved,,subham,Mon Sep 07 2026 20:47:25 GMT+0000 (Coordinated Universal Time)
1,5d63ec35-004a-47d7-8b6a-cab773657401::2,Account 4 used offensive language and threatened to shoot someone.,Type of offensiveness,Threats of violence,span,38,66,threatened to shoot someone.,resolved,,subham,Mon Sep 07 2026 20:47:25 GMT+0000 (Coordinated Universal Time)
1,5da998f3-ab70-4dbb-9b1e-1d1008e85512::1,This is mean spirited and contains a slur against one's sexual preference--it's not ok to post and should be suspended.,Type of offensiveness,Hate speech and offensive language,span,0,73,This is mean spirited and contains a slur against one's sexual preference,resolved,,subham,Mon Sep 07 2026 20:49:05 GMT+0000 (Coordinated Universal Time)
1,5da998f3-ab70-4dbb-9b1e-1d1008e85512::4,"The first two messages were fine, but the third included a threat of violence, which is not ok.",Type of offensiveness,No offensive content,span,0,32,The first two messages were fine,resolved,,subham,Mon Sep 07 2026 20:11:50 GMT+0000 (Coordinated Universal Time)
1,5da998f3-ab70-4dbb-9b1e-1d1008e85512::4,"The first two messages were fine, but the third included a threat of violence, which is not ok.",Type of offensiveness,Threats of violence,span,59,77,threat of violence,resolved,,subham,Mon Sep 07 2026 20:11:50 GMT+0000 (Coordinated Universal Time)
1,5fa0a5ae-8e5c-43ae-947c-848d3b281fe9::4,None,Type of offensiveness,No offensive content,span,0,4,None,resolved,,subham,Mon Sep 07 2026 21:02:26 GMT+0000 (Coordinated Universal Time)
1,6345c27e-67b9-40fa-984f-23f888d18b3a::3,"Using the r and f slur to talk about other people, calling a group of people terrorists based on ethnicity.",Type of offensiveness,Hate speech and offensive language,span,0,49,Using the r and f slur to talk about other people,resolved,,subham,Mon Sep 07 2026 20:59:20 GMT+0000 (Coordinated Universal Time)
1,6345c27e-67b9-40fa-984f-23f888d18b3a::3,"Using the r and f slur to talk about other people, calling a group of people terrorists based on ethnicity.",Type of offensiveness,Hate speech and offensive language,span,51,107,calling a group of people terrorists based on ethnicity.,resolved,,subham,Mon Sep 07 2026 20:59:20 GMT+0000 (Coordinated Universal Time)
1,64706c0b-1c60-483f-994b-a6f8c2f511f7::5,There was nothing offensive in the messages at all so for me it was pretty much a no brainer not to suspend this one,Type of offensiveness,No offensive content,span,0,116,There was nothing offensive in the messages at all so for me it was pretty much a no brainer not to suspend this one,resolved,,subham,Mon Sep 07 2026 21:06:17 GMT+0000 (Coordinated Universal Time)
1,66cbbbc9-3a65-4a6b-920e-f98a52b29a72::1,The account used multiple slurs and told someone to die. This is offensive.,Type of offensiveness,Hate speech and offensive language,span,4,31,account used multiple slurs,resolved,,subham,Mon Sep 07 2026 21:00:03 GMT+0000 (Coordinated Universal Time)
1,66cbbbc9-3a65-4a6b-920e-f98a52b29a72::1,The account used multiple slurs and told someone to die. This is offensive.,Type of offensiveness,Death wish,span,36,55,told someone to die,resolved,,subham,Mon Sep 07 2026 21:00:03 GMT+0000 (Coordinated Universal Time)
1,67f32881-9a20-4c5a-839b-3e62b21f5f3f::2,this is absolutely offensive hateful speech and extremely graphic talk. account should be suspended immediately.,Type of offensiveness,Hate speech and offensive language,span,0,43,this is absolutely offensive hateful speech,resolved,,subham,Mon Sep 07 2026 21:02:23 GMT+0000 (Coordinated Universal Time)
1,67f32881-9a20-4c5a-839b-3e62b21f5f3f::2,this is absolutely offensive hateful speech and extremely graphic talk. account should be suspended immediately.,Type of offensiveness,Extreme offensive,span,48,70,extremely graphic talk,resolved,,subham,Mon Sep 07 2026 21:02:23 GMT+0000 (Coordinated Universal Time)
1,688b4ffc-e168-4496-bcf5-d42b90f45df5::1,This is another case of immaturity at its best. This should be banned by that fact alone. Too young to have an account.,Justifications,Contextual understanding,span,0,47,This is another case of immaturity at its best.,resolved,,subham,Mon Sep 07 2026 20:58:15 GMT+0000 (Coordinated Universal Time)
1,688b4ffc-e168-4496-bcf5-d42b90f45df5::1,This is another case of immaturity at its best. This should be banned by that fact alone. Too young to have an account.,Justifications,Contextual understanding,span,90,119,Too young to have an account.,resolved,,subham,Mon Sep 07 2026 20:58:15 GMT+0000 (Coordinated Universal Time)
1,688b4ffc-e168-4496-bcf5-d42b90f45df5::5,Seems like the information is being shared freely and without being bragadocious in the least. Refreshing to read.,Positive content,Calm and thoughtful,span,0,94,Seems like the information is being shared freely and without being bragadocious in the least.,resolved,,subham,Mon Sep 07 2026 20:50:11 GMT+0000 (Coordinated Universal Time)
1,6a764ff8-ce26-423a-991a-3f0441334cb2::3,Racist person using derogatory terms to others.,Type of offensiveness,Hate speech and offensive language,span,0,46,Racist person using derogatory terms to others,resolved,,subham,Mon Sep 07 2026 20:48:24 GMT+0000 (Coordinated Universal Time)
1,6bc4283c-9cd6-4957-9328-c93dc190f7db::4,They made a direct threat to kill someone. That's never acceptable.,Type of offensiveness,Threats of violence,span,0,42,They made a direct threat to kill someone.,resolved,,subham,Mon Sep 07 2026 21:03:00 GMT+0000 (Coordinated Universal Time)
1,6bc4283c-9cd6-4957-9328-c93dc190f7db::4,They made a direct threat to kill someone. That's never acceptable.,Type of offensiveness,Death wish,span,5,41,made a direct threat to kill someone,resolved,,subham,Mon Sep 07 2026 21:03:00 GMT+0000 (Coordinated Universal Time)
1,6e5edcdb-3654-47f7-a499-a7e6271837d1::1,its rude,Type of offensiveness,Hate speech and offensive language,unit,,,,resolved,,subham,Mon Sep 07 2026 20:46:47 GMT+0000 (Coordinated Universal Time)
1,6e7a7057-f148-4953-84be-d55e7efdcaee::2,I decided to suspend this account because this user consistently sent offensive messages.,Patterns of behavior,Consistent offensive behavior,span,42,88,this user consistently sent offensive messages,resolved,,subham,Mon Sep 07 2026 20:12:18 GMT+0000 (Coordinated Universal Time)
1,704459ee-5e8c-4586-8ecf-f919a325043f::3,The owner of this account was extremely homophobic and racist. I'm no stranger to content moderation online and operate with a three strike policy. This guy had those strikes and then some probably.,Type of offensiveness,Hate speech and offensive language,span,0,62,The owner of this account was extremely homophobic and racist.,resolved,,subham,Mon Sep 07 2026 21:06:08 GMT+0000 (Coordinated Universal Time)
1,704459ee-5e8c-4586-8ecf-f919a325043f::3,The owner of this account was extremely homophobic and racist. I'm no stranger to content moderation online and operate with a three strike policy. This guy had those strikes and then some probably.,Patterns of behavior,Consistent offensive behavior,span,63,147,I'm no stranger to content moderation online and operate with a three strike policy.,resolved,,subham,Mon Sep 07 2026 21:06:08 GMT+0000 (Coordinated Universal Time)
1,704459ee-5e8c-4586-8ecf-f919a325043f::3,The owner of this account was extremely homophobic and racist. I'm no stranger to content moderation online and operate with a three strike policy. This guy had those strikes and then some probably.,Patterns of behavior,Consistent offensive behavior,span,148,198,This guy had those strikes and then some probably.,resolved,,subham,Mon Sep 07 2026 21:06:08 GMT+0000 (Coordinated Universal Time)
1,709e0d0c-1354-43ff-a628-ef4a2981b0c8::1,They were calling other people offensive names and wishing/threatening death.,Type of offensiveness,Hate speech and offensive language,span,0,46,They were calling other people offensive names,resolved,,subham,Mon Sep 07 2026 21:00:05 GMT+0000 (Coordinated Universal Time)
1,709e0d0c-1354-43ff-a628-ef4a2981b0c8::1,They were calling other people offensive names and wishing/threatening death.,Type of offensiveness,Death wish,span,51,77,wishing/threatening death.,resolved,,subham,Mon Sep 07 2026 21:00:05 GMT+0000 (Coordinated Universal Time)
1,7342e424-a70e-4456-b4b2-ca7f432c785c::4,"Severity of the Message: The language used is highly derogatory and threatening. Such messages are not only offensive but also potentially harmful, and they create a hostile environment. The intent behind the message is clear: to insult and threaten,",Type of offensiveness,Hate speech and offensive language,span,25,63,The language used is highly derogatory,resolved,,subham,Mon Sep 07 2026 20:49:09 GMT+0000 (Coordinated Universal Time)
1,7342e424-a70e-4456-b4b2-ca7f432c785c::4,"Severity of the Message: The language used is highly derogatory and threatening. Such messages are not only offensive but also potentially harmful, and they create a hostile environment. The intent behind the message is clear: to insult and threaten,",Type of offensiveness,Threats of violence,span,68,79,threatening,resolved,,subham,Mon Sep 07 2026 20:49:09 GMT+0000 (Coordinated Universal Time)
1,7342e424-a70e-4456-b4b2-ca7f432c785c::4,"Severity of the Message: The language used is highly derogatory and threatening. Such messages are not only offensive but also potentially harmful, and they create a hostile environment. The intent behind the message is clear: to insult and threaten,",Justifications,negative consequences,span,82,115,uch messages are not only offensi,resolved,,subham,Mon Sep 07 2026 20:49:09 GMT+0000 (Coordinated Universal Time)
1,7342e424-a70e-4456-b4b2-ca7f432c785c::4,"Severity of the Message: The language used is highly derogatory and threatening. Such messages are not only offensive but also potentially harmful, and they create a hostile environment. The intent behind the message is clear: to insult and threaten,",Justifications,Appeal to intent,span,227,250,"to insult and threaten,",resolved,,subham,Mon Sep 07 2026 20:49:09 GMT+0000 (Coordinated Universal Time)
1,75169725-d0a0-4a40-a918-b8af4a8fc42b::4,"The third message contained a death threat, and was violent and offensive enough to result in suspension.",Type of offensiveness,Death wish,span,0,42,The third message contained a death threat,resolved,,subham,Mon Sep 07 2026 21:05:22 GMT+0000 (Coordinated Universal Time)
1,75169725-d0a0-4a40-a918-b8af4a8fc42b::4,"The third message contained a death threat, and was violent and offensive enough to result in suspension.",Type of offensiveness,Threats of violence,span,44,105,and was violent and offensive enough to result in suspension.,resolved,,subham,Mon Sep 07 2026 21:05:22 GMT+0000 (Coordinated Universal Time)
1,754e3ee2-77d3-41ba-821e-3d16646e9e1e::2,This person's offensive messages were threatening violence and hateful. Awful.,Type of offensiveness,Hate speech and offensive language,span,0,32,This person's offensive messages,resolved,,subham,Mon Sep 07 2026 20:49:27 GMT+0000 (Coordinated Universal Time)
1,754e3ee2-77d3-41ba-821e-3d16646e9e1e::2,This person's offensive messages were threatening violence and hateful. Awful.,Type of offensiveness,Threats of violence,span,38,58,threatening violence,resolved,,subham,Mon Sep 07 2026 20:49:27 GMT+0000 (Coordinated Universal Time)
1,754e3ee2-77d3-41ba-821e-3d16646e9e1e::2,This person's offensive messages were threatening violence and hateful. Awful.,Type of offensiveness,Hate speech and offensive language,span,63,70,hateful,resolved,,subham,Mon Sep 07 2026 20:49:27 GMT+0000 (Coordinated Universal Time)
1,755f40f0-0c47-4dd3-b052-786bdc1d050f::3,"Again, the use of slurs and offensive language is frequent. They also do some racial profiling",Type of offensiveness,Hate speech and offensive language,span,28,46,offensive language,resolved,,subham,Mon Sep 07 2026 20:59:00 GMT+0000 (Coordinated Universal Time)
1,755f40f0-0c47-4dd3-b052-786bdc1d050f::3,"Again, the use of slurs and offensive language is frequent. They also do some racial profiling",Patterns of behavior,Consistent offensive behavior,span,50,58,frequent,resolved,,subham,Mon Sep 07 2026 20:59:00 GMT+0000 (Coordinated Universal Time)
1,755f40f0-0c47-4dd3-b052-786bdc1d050f::3,"Again, the use of slurs and offensive language is frequent. They also do some racial profiling",Type of offensiveness,racial remark,span,60,94,They also do some racial profiling,resolved,,subham,Mon Sep 07 2026 20:59:00 GMT+0000 (Coordinated Universal Time)
1,77473516-5965-4985-8200-c95319c9d827::2,Message 1 was inappropriate and threatening,Type of offensiveness,Hate speech and offensive language,span,14,27,inappropriate,resolved,,subham,Mon Sep 07 2026 21:05:44 GMT+0000 (Coordinated Universal Time)
1,77473516-5965-4985-8200-c95319c9d827::2,Message 1 was inappropriate and threatening,Type of offensiveness,Threats of violence,span,32,43,threatening,resolved,,subham,Mon Sep 07 2026 21:05:44 GMT+0000 (Coordinated Universal Time)
1,782fbcf9-8a0c-449e-aa3c-b0107a40661f::3,There was a mix of offensive and not offensive messages but the offensive ones were worthy of suspension. Sending slurs to other users should not be tolerated,Patterns of behavior,Mix of offensive and non-offensive,span,0,104,There was a mix of offensive and not offensive messages but the offensive ones were worthy of suspension,resolved,,subham,Mon Sep 07 2026 20:48:10 GMT+0000 (Coordinated Universal Time)
1,782fbcf9-8a0c-449e-aa3c-b0107a40661f::3,There was a mix of offensive and not offensive messages but the offensive ones were worthy of suspension. Sending slurs to other users should not be tolerated,Type of offensiveness,Hate speech and offensive language,span,106,158,Sending slurs to other users should not be tolerated,resolved,,subham,Mon Sep 07 2026 20:48:10 GMT+0000 (Coordinated Universal Time)
1,7a345fe0-e245-4e5c-a2fc-b725eed72fa1::4,"They had a slip up on message 3 which could be taken as a threat, but I do not know the situation. I have had conversations where people would say this jokingly. I think this person gets one more chance.",Justifications,Could be joking,unit,,,,resolved,,subham,Mon Sep 07 2026 20:59:06 GMT+0000 (Coordinated Universal Time)
1,7a345fe0-e245-4e5c-a2fc-b725eed72fa1::4,"They had a slip up on message 3 which could be taken as a threat, but I do not know the situation. I have had conversations where people would say this jokingly. I think this person gets one more chance.",Patterns of behavior,One-off offensive,span,11,15,slip,resolved,,subham,Mon Sep 07 2026 20:59:06 GMT+0000 (Coordinated Universal Time)
1,7a345fe0-e245-4e5c-a2fc-b725eed72fa1::4,"They had a slip up on message 3 which could be taken as a threat, but I do not know the situation. I have had conversations where people would say this jokingly. I think this person gets one more chance.",Type of offensiveness,Threats of violence,span,22,64,message 3 which could be taken as a threat,resolved,,subham,Mon Sep 07 2026 20:59:06 GMT+0000 (Coordinated Universal Time)
1,7a345fe0-e245-4e5c-a2fc-b725eed72fa1::4,"They had a slip up on message 3 which could be taken as a threat, but I do not know the situation. I have had conversations where people would say this jokingly. I think this person gets one more chance.",Reflection on the decision,Expressed uncertainty,span,66,98,but I do not know the situation.,resolved,,subham,Mon Sep 07 2026 20:59:06 GMT+0000 (Coordinated Universal Time)
1,7a345fe0-e245-4e5c-a2fc-b725eed72fa1::4,"They had a slip up on message 3 which could be taken as a threat, but I do not know the situation. I have had conversations where people would say this jokingly. I think this person gets one more chance.",Justifications,Appeal to intent,span,99,161,I have had conversations where people would say this jokingly.,resolved,,subham,Mon Sep 07 2026 20:59:06 GMT+0000 (Coordinated Universal Time)
1,7a345fe0-e245-4e5c-a2fc-b725eed72fa1::4,"They had a slip up on message 3 which could be taken as a threat, but I do not know the situation. I have had conversations where people would say this jokingly. I think this person gets one more chance.",Decision outcomes,Ban if behavior continues,span,162,203,I think this person gets one more chance.,resolved,,subham,Mon Sep 07 2026 20:59:06 GMT+0000 (Coordinated Universal Time)
1,7a345fe0-e245-4e5c-a2fc-b725eed72fa1::5,"I should have kept going to see more messages, but I felt as though 3 messages with no clear signs of any wrong doing would put this person in the clear.",Reflection on the decision,Needed to look at more messages,unit,,,,resolved,,subham,Mon Sep 07 2026 20:50:08 GMT+0000 (Coordinated Universal Time)
1,7a345fe0-e245-4e5c-a2fc-b725eed72fa1::5,"I should have kept going to see more messages, but I felt as though 3 messages with no clear signs of any wrong doing would put this person in the clear.",Type of offensiveness,No offensive content,span,47,153,but I felt as though 3 messages with no clear signs of any wrong doing would put this person in the clear.,resolved,,subham,Mon Sep 07 2026 20:50:08 GMT+0000 (Coordinated Universal Time)
1,7a9499d4-4226-4ddf-a907-8b178f09dd4f::5,I see nothing wrong with the two posts I viewed. Seems legit and fair to me.,Type of offensiveness,No offensive content,span,2,76,see nothing wrong with the two posts I viewed. Seems legit and fair to me.,resolved,,subham,Mon Sep 07 2026 21:01:55 GMT+0000 (Coordinated Universal Time)
1,7cfda785-98a2-472e-a1e6-6a8ed3097a46::1,"They should be suspended based on the 3 messages, all 3 are highly offensive and down right rude and disrespectful.",Patterns of behavior,Consistent offensive behavior,span,50,115,all 3 are highly offensive and down right rude and disrespectful.,resolved,,subham,Mon Sep 07 2026 20:58:07 GMT+0000 (Coordinated Universal Time)
1,7cfda785-98a2-472e-a1e6-6a8ed3097a46::1,"They should be suspended based on the 3 messages, all 3 are highly offensive and down right rude and disrespectful.",Type of offensiveness,Hate speech and offensive language,span,67,76,offensive,resolved,,subham,Mon Sep 07 2026 20:58:07 GMT+0000 (Coordinated Universal Time)
1,7cfda785-98a2-472e-a1e6-6a8ed3097a46::4,"The first 2 messages do not seem offensive until the 3rd one. The 3rd message is highly offensive and threatening, I would suspend based on that.",Type of offensiveness,Hate speech and offensive language,unit,,,,resolved,,subham,Mon Sep 07 2026 20:49:02 GMT+0000 (Coordinated Universal Time)
1,7cfda785-98a2-472e-a1e6-6a8ed3097a46::4,"The first 2 messages do not seem offensive until the 3rd one. The 3rd message is highly offensive and threatening, I would suspend based on that.",Type of offensiveness,Threats of violence,span,62,113,The 3rd message is highly offensive and threatening,resolved,,subham,Mon Sep 07 2026 20:49:02 GMT+0000 (Coordinated Universal Time)
1,7cfda785-98a2-472e-a1e6-6a8ed3097a46::5,"All 3 messages are not offensive at all, do not contain offensive language. I would not suspend based on that.",Type of offensiveness,No offensive content,span,41,74,do not contain offensive language,resolved,,subham,Mon Sep 07 2026 20:47:28 GMT+0000 (Coordinated Universal Time)
1,8085fe6b-72b3-494a-8081-5a0752f8c1c0::5,"After analyzing a few comments, I have come to the conclusion that this person has not made any comments that are harmful or offensive to anyone.",Type of offensiveness,No offensive content,span,32,145,I have come to the conclusion that this person has not made any comments that are harmful or offensive to anyone.,resolved,,subham,Mon Sep 07 2026 21:00:43 GMT+0000 (Coordinated Universal Time)
1,842a4faf-29b2-430f-bdb5-cc6e156237d1::3,This individual was saying mean and rude offensive things. I felt it was best to suspend this account.,Type of offensiveness,Hate speech and offensive language,span,0,58,This individual was saying mean and rude offensive things.,resolved,,subham,Mon Sep 07 2026 21:00:25 GMT+0000 (Coordinated Universal Time)
1,87f87d7b-4b52-467a-93ed-face4ab8ccb4::3,"The first message was suspension-worthy in my opinion.  I just wanted to see if the next message followed in the same vein.  I don't know the policies for this presumed platform, so I have to go by what I think is no good.  Homophobia is a no-go.",Type of offensiveness,Hate speech and offensive language,span,0,54,The first message was suspension-worthy in my opinion.,resolved,,subham,Mon Sep 07 2026 20:49:48 GMT+0000 (Coordinated Universal Time)
1,87f87d7b-4b52-467a-93ed-face4ab8ccb4::3,"The first message was suspension-worthy in my opinion.  I just wanted to see if the next message followed in the same vein.  I don't know the policies for this presumed platform, so I have to go by what I think is no good.  Homophobia is a no-go.",Reflection on the decision,Need to know policy and TOS,span,125,222,"I don't know the policies for this presumed platform, so I have to go by what I think is no good.",resolved,,subham,Mon Sep 07 2026 20:49:48 GMT+0000 (Coordinated Universal Time)
1,87f87d7b-4b52-467a-93ed-face4ab8ccb4::3,"The first message was suspension-worthy in my opinion.  I just wanted to see if the next message followed in the same vein.  I don't know the policies for this presumed platform, so I have to go by what I think is no good.  Homophobia is a no-go.",Type of offensiveness,Hate speech and offensive language,span,224,246,Homophobia is a no-go.,resolved,,subham,Mon Sep 07 2026 20:49:48 GMT+0000 (Coordinated Universal Time)
1,883c6d7a-83ce-420e-b187-3128a56e1616::4,There was no messages that reviewed here that seemed to be offensive. Also there was no verbal attack on any individuals.,Type of offensiveness,No offensive content,span,0,68,There was no messages that reviewed here that seemed to be offensive,resolved,,subham,Mon Sep 07 2026 20:20:34 GMT+0000 (Coordinated Universal Time)
1,88879a30-8734-4993-8d03-16a361feecef::1,"This person uses inappropriate language and is speaking in a hateful, threatening manner. Their account should be suspended.",Type of offensiveness,Hate speech and offensive language,span,0,69,"This person uses inappropriate language and is speaking in a hateful,",resolved,,subham,Mon Sep 07 2026 21:06:10 GMT+0000 (Coordinated Universal Time)
1,88879a30-8734-4993-8d03-16a361feecef::1,"This person uses inappropriate language and is speaking in a hateful, threatening manner. Their account should be suspended.",Type of offensiveness,Threats of violence,span,70,89,threatening manner.,resolved,,subham,Mon Sep 07 2026 21:06:10 GMT+0000 (Coordinated Universal Time)
1,88879a30-8734-4993-8d03-16a361feecef::5,"There's nothing but positive content in these posts, and there's no reason to suspend this person's account.",Type of offensiveness,No offensive content,span,0,51,There's nothing but positive content in these posts,resolved,,subham,Mon Sep 07 2026 20:11:59 GMT+0000 (Coordinated Universal Time)
1,8a2bd6fd-9a54-4ba0-86bb-4fcf5797b655::1,Threats of violence and hopes of inflicting cancer on someone. They are a bad poster.,Type of offensiveness,Threats of violence,span,0,61,Threats of violence and hopes of inflicting cancer on someone,resolved,,subham,Mon Sep 07 2026 21:03:37 GMT+0000 (Coordinated Universal Time)
1,8acbc9ac-0680-40ce-bab6-a1f49c28c3fb::3,offensive language,Type of offensiveness,Hate speech and offensive language,span,0,18,offensive language,resolved,,subham,Mon Sep 07 2026 21:02:34 GMT+0000 (Coordinated Universal Time)
1,8dcdc361-034c-4c7b-b798-06a03e4c59a3::4,The majority of the messages from this account are not offensive and are random pieces of conversation. I gave this a low confidence score because it could still be suspended from the small amount of offensive death threat tweets given.,Patterns of behavior,Normal behavior,span,0,103,The majority of the messages from this account are not offensive and are random pieces of conversation.,resolved,,subham,Mon Sep 07 2026 21:06:03 GMT+0000 (Coordinated Universal Time)
1,8dcdc361-034c-4c7b-b798-06a03e4c59a3::4,The majority of the messages from this account are not offensive and are random pieces of conversation. I gave this a low confidence score because it could still be suspended from the small amount of offensive death threat tweets given.,Patterns of behavior,one message is enough (offensive),span,104,236,I gave this a low confidence score because it could still be suspended from the small amount of offensive death threat tweets given.,resolved,,subham,Mon Sep 07 2026 21:06:03 GMT+0000 (Coordinated Universal Time)
1,8dcdc361-034c-4c7b-b798-06a03e4c59a3::4,The majority of the messages from this account are not offensive and are random pieces of conversation. I gave this a low confidence score because it could still be suspended from the small amount of offensive death threat tweets given.,Reflection on the decision,Expressed uncertainty,span,118,132,low confidence,resolved,,subham,Mon Sep 07 2026 21:06:03 GMT+0000 (Coordinated Universal Time)
1,8e151216-ec8a-4720-a022-a3bfa261bf2a::3,Rude remarks and being homophobic towards someone.,Type of offensiveness,Hate speech and offensive language,span,0,50,Rude remarks and being homophobic towards someone.,resolved,,subham,Mon Sep 07 2026 21:03:06 GMT+0000 (Coordinated Universal Time)
1,90216bd3-8134-452d-a40c-7c9f38c1f0f1::2,"This accounts messages that I reviewed are almost all offensive and bullying people. When the content being posted is more offensive than not, it seems solid grounds for suspension.",Patterns of behavior,Consistent offensive behavior,span,43,63,almost all offensive,resolved,,subham,Mon Sep 07 2026 20:50:29 GMT+0000 (Coordinated Universal Time)
1,90216bd3-8134-452d-a40c-7c9f38c1f0f1::2,"This accounts messages that I reviewed are almost all offensive and bullying people. When the content being posted is more offensive than not, it seems solid grounds for suspension.",Type of offensiveness,Hate speech and offensive language,span,68,83,bullying people,resolved,,subham,Mon Sep 07 2026 20:50:29 GMT+0000 (Coordinated Universal Time)
1,90216bd3-8134-452d-a40c-7c9f38c1f0f1::2,"This accounts messages that I reviewed are almost all offensive and bullying people. When the content being posted is more offensive than not, it seems solid grounds for suspension.",Patterns of behavior,Majority offesnive,span,85,181,"When the content being posted is more offensive than not, it seems solid grounds for suspension.",resolved,,subham,Mon Sep 07 2026 20:50:29 GMT+0000 (Coordinated Universal Time)
1,904fefab-d1fe-4c81-a4c7-a1b91737087f::3,"Even though there are some very calm and eloquent messages, there are still hurtful ones.  If a person is being demeaning and homophobic there is no place for them, even if some of their messages are thoughtful.",Positive content,Calm and thoughtful,span,0,58,Even though there are some very calm and eloquent messages,resolved,,subham,Mon Sep 07 2026 20:48:43 GMT+0000 (Coordinated Universal Time)
1,904fefab-d1fe-4c81-a4c7-a1b91737087f::3,"Even though there are some very calm and eloquent messages, there are still hurtful ones.  If a person is being demeaning and homophobic there is no place for them, even if some of their messages are thoughtful.",Type of offensiveness,Hate speech and offensive language,span,60,89,there are still hurtful ones.,resolved,,subham,Mon Sep 07 2026 20:48:43 GMT+0000 (Coordinated Universal Time)
1,904fefab-d1fe-4c81-a4c7-a1b91737087f::3,"Even though there are some very calm and eloquent messages, there are still hurtful ones.  If a person is being demeaning and homophobic there is no place for them, even if some of their messages are thoughtful.",Type of offensiveness,Hate speech and offensive language,span,96,136,person is being demeaning and homophobic,resolved,,subham,Mon Sep 07 2026 20:48:43 GMT+0000 (Coordinated Universal Time)
1,90613436-e890-4ab2-9863-e7e49eb7122d::5,This person didnt have any offensive postings. I think they are a good user. No reason to suspend.,Type of offensiveness,No offensive content,unit,,,,resolved,,subham,Mon Sep 07 2026 20:48:59 GMT+0000 (Coordinated Universal Time)
1,91d9b5dd-39c8-48bf-8720-abe1ee727444::4,This message suggests frustration with lack of evidence in someone's tweet and explains the decision to block the person. It has a harsh word but it doesn't pose to commit harm.,Justifications,Not too offensive,span,0,123,This message suggests frustration with lack of evidence in someone's tweet and explains the decision to block the person. I,resolved,,subham,Mon Sep 07 2026 21:00:48 GMT+0000 (Coordinated Universal Time)
1,91d9b5dd-39c8-48bf-8720-abe1ee727444::4,This message suggests frustration with lack of evidence in someone's tweet and explains the decision to block the person. It has a harsh word but it doesn't pose to commit harm.,Type of offensiveness,No offensive content,span,122,177,It has a harsh word but it doesn't pose to commit harm.,resolved,,subham,Mon Sep 07 2026 21:00:48 GMT+0000 (Coordinated Universal Time)
1,947c2dec-32b7-465b-a682-2751391d78e4::2,"I only needed to see one message to suspend this account, this is a threat and a graphic one. Threats against life should be suspended all the time. I believe in free speech but there's a difference between being a troll and being a danger.",Patterns of behavior,one message is enough (offensive),span,2,56,only needed to see one message to suspend this account,resolved,,subham,Mon Sep 07 2026 21:02:31 GMT+0000 (Coordinated Universal Time)
1,947c2dec-32b7-465b-a682-2751391d78e4::2,"I only needed to see one message to suspend this account, this is a threat and a graphic one. Threats against life should be suspended all the time. I believe in free speech but there's a difference between being a troll and being a danger.",Type of offensiveness,Threats of violence,span,58,93,this is a threat and a graphic one.,resolved,,subham,Mon Sep 07 2026 21:02:31 GMT+0000 (Coordinated Universal Time)
1,947c2dec-32b7-465b-a682-2751391d78e4::2,"I only needed to see one message to suspend this account, this is a threat and a graphic one. Threats against life should be suspended all the time. I believe in free speech but there's a difference between being a troll and being a danger.",Justifications,Moral reasoning,span,151,173,believe in free speech,resolved,,subham,Mon Sep 07 2026 21:02:31 GMT+0000 (Coordinated Universal Time)
1,947c2dec-32b7-465b-a682-2751391d78e4::2,"I only needed to see one message to suspend this account, this is a threat and a graphic one. Threats against life should be suspended all the time. I believe in free speech but there's a difference between being a troll and being a danger.",Type of offensiveness,Harm other person,span,178,240,there's a difference between being a troll and being a danger.,resolved,,subham,Mon Sep 07 2026 21:02:31 GMT+0000 (Coordinated Universal Time)
1,94d90d90-65c3-49e7-a62d-e1b7738e20c8::2,3 out of 4 messages were offensive,Patterns of behavior,Majority offesnive,span,0,10,3 out of 4,resolved,,subham,Mon Sep 07 2026 20:16:00 GMT+0000 (Coordinated Universal Time)
1,96f40625-0960-4ef9-87b2-4679ffaaf9ec::5,nothing harmful,Type of offensiveness,No offensive content,span,0,15,nothing harmful,resolved,,subham,Mon Sep 07 2026 20:47:04 GMT+0000 (Coordinated Universal Time)
1,97fb2b3d-ee3d-4506-b148-a71f386b05a9::5,None of this posters comments were deemed to be offensive.,Type of offensiveness,No offensive content,unit,,,,resolved,,subham,Mon Sep 07 2026 20:20:12 GMT+0000 (Coordinated Universal Time)
1,9845df85-7df4-4cd8-a37e-019423611a3f::1,"Here is the word again that should be removed from our vocabulary. Not only the author called the person a very harsh, demeaning, and offensive name. The author also pray that they will die a painful death. Very crude and uncalled for",Type of offensiveness,Hate speech and offensive language,span,0,65,Here is the word again that should be removed from our vocabulary,resolved,,subham,Mon Sep 07 2026 20:20:04 GMT+0000 (Coordinated Universal Time)
1,9845df85-7df4-4cd8-a37e-019423611a3f::1,"Here is the word again that should be removed from our vocabulary. Not only the author called the person a very harsh, demeaning, and offensive name. The author also pray that they will die a painful death. Very crude and uncalled for",Type of offensiveness,Hate speech and offensive language,span,105,148,"a very harsh, demeaning, and offensive name",resolved,,subham,Mon Sep 07 2026 20:20:04 GMT+0000 (Coordinated Universal Time)
1,9845df85-7df4-4cd8-a37e-019423611a3f::1,"Here is the word again that should be removed from our vocabulary. Not only the author called the person a very harsh, demeaning, and offensive name. The author also pray that they will die a painful death. Very crude and uncalled for",Type of offensiveness,Death wish,span,154,205,author also pray that they will die a painful death,resolved,,subham,Mon Sep 07 2026 20:20:04 GMT+0000 (Coordinated Universal Time)
1,9845df85-7df4-4cd8-a37e-019423611a3f::5,This is a very positive message. Tha author is complementing the people in her life that was an influence to them in a positive way. She/He was able to start the venture because of the great people around Him/Her,Positive content,Calm and thoughtful,span,0,32,This is a very positive message.,resolved,,subham,Mon Sep 07 2026 20:49:36 GMT+0000 (Coordinated Universal Time)
1,9845df85-7df4-4cd8-a37e-019423611a3f::5,This is a very positive message. Tha author is complementing the people in her life that was an influence to them in a positive way. She/He was able to start the venture because of the great people around Him/Her,Positive content,Personal opinions and thoughts,span,33,132,Tha author is complementing the people in her life that was an influence to them in a positive way.,resolved,,subham,Mon Sep 07 2026 20:49:36 GMT+0000 (Coordinated Universal Time)
1,9968ac18-8d60-46f2-8a6a-a521303c3583::3,bad verbiage and mean statements were directed at an individual.,Type of offensiveness,Hate speech and offensive language,span,0,64,bad verbiage and mean statements were directed at an individual.,resolved,,subham,Mon Sep 07 2026 21:05:54 GMT+0000 (Coordinated Universal Time)
1,9c1df86e-e2b6-4eb6-ab15-180374fa91bc::1,this is justifiable of online harassment,Type of offensiveness,Threats of violence,span,0,40,this is justifiable of online harassment,resolved,,subham,Mon Sep 07 2026 21:00:53 GMT+0000 (Coordinated Universal Time)
1,9c1df86e-e2b6-4eb6-ab15-180374fa91bc::2,this is a sign of violence and someone may be serious about this,Type of offensiveness,Threats of violence,span,1,26,his is a sign of violence,resolved,,subham,Mon Sep 07 2026 20:59:22 GMT+0000 (Coordinated Universal Time)
1,9c1df86e-e2b6-4eb6-ab15-180374fa91bc::2,this is a sign of violence and someone may be serious about this,Decision outcomes,Consequences beyond suspencion,span,31,64,someone may be serious about this,resolved,,subham,Mon Sep 07 2026 20:59:22 GMT+0000 (Coordinated Universal Time)
1,9c759a8c-5afc-41ad-adb6-e453251c9f4d::1,"Very offensive, hateful, and biased behavior and account needs to be suspended",Type of offensiveness,Hate speech and offensive language,span,0,14,Very offensive,resolved,,subham,Mon Sep 07 2026 21:00:21 GMT+0000 (Coordinated Universal Time)
1,9c759a8c-5afc-41ad-adb6-e453251c9f4d::1,"Very offensive, hateful, and biased behavior and account needs to be suspended",Type of offensiveness,Extreme offensive,span,0,44,"Very offensive, hateful, and biased behavior",resolved,,subham,Mon Sep 07 2026 21:00:21 GMT+0000 (Coordinated Universal Time)
1,9c759a8c-5afc-41ad-adb6-e453251c9f4d::1,"Very offensive, hateful, and biased behavior and account needs to be suspended",Type of offensiveness,Hate speech and offensive language,span,16,23,hateful,resolved,,subham,Mon Sep 07 2026 21:00:21 GMT+0000 (Coordinated Universal Time)
1,9c759a8c-5afc-41ad-adb6-e453251c9f4d::4,There is nothinf offesive in this post.,Type of offensiveness,No offensive content,span,0,39,There is nothinf offesive in this post.,resolved,,subham,Mon Sep 07 2026 20:59:02 GMT+0000 (Coordinated Universal Time)
1,9ca241ab-e7b0-4e11-abf1-0baf9d8a1026::4,"Although sometimes this account can use some heated language and become aggressive, the majority of the posts I saw were very tame.",Patterns of behavior,One-off offensive,span,0,82,Although sometimes this account can use some heated language and become aggressive,resolved,,subham,Mon Sep 07 2026 20:20:30 GMT+0000 (Coordinated Universal Time)
1,9ca241ab-e7b0-4e11-abf1-0baf9d8a1026::4,"Although sometimes this account can use some heated language and become aggressive, the majority of the posts I saw were very tame.",Patterns of behavior,Normal behavior,span,84,130,the majority of the posts I saw were very tame,resolved,,subham,Mon Sep 07 2026 20:20:30 GMT+0000 (Coordinated Universal Time)
1,9fb262f0-c5b4-4b87-a678-6dda4d838ea2::1,"The messages from Account 2 contained offensive language and personal attacks, including derogatory comments about someone's sexuality, intelligence, and personal life. However, they varied in their degree of severity and the context in which they we",Type of offensiveness,Hate speech and offensive language,span,28,56,contained offensive language,resolved,,subham,Mon Sep 07 2026 20:50:20 GMT+0000 (Coordinated Universal Time)
1,9fb262f0-c5b4-4b87-a678-6dda4d838ea2::1,"The messages from Account 2 contained offensive language and personal attacks, including derogatory comments about someone's sexuality, intelligence, and personal life. However, they varied in their degree of severity and the context in which they we",Type of offensiveness,Threats of violence,span,61,77,personal attacks,resolved,,subham,Mon Sep 07 2026 20:50:20 GMT+0000 (Coordinated Universal Time)
1,9fb262f0-c5b4-4b87-a678-6dda4d838ea2::1,"The messages from Account 2 contained offensive language and personal attacks, including derogatory comments about someone's sexuality, intelligence, and personal life. However, they varied in their degree of severity and the context in which they we",Type of offensiveness,Hate speech and offensive language,span,89,167,"derogatory comments about someone's sexuality, intelligence, and personal life",resolved,,subham,Mon Sep 07 2026 20:50:20 GMT+0000 (Coordinated Universal Time)
1,9fb262f0-c5b4-4b87-a678-6dda4d838ea2::1,"The messages from Account 2 contained offensive language and personal attacks, including derogatory comments about someone's sexuality, intelligence, and personal life. However, they varied in their degree of severity and the context in which they we",Patterns of behavior,Mix of offensive and non-offensive,span,169,250,"However, they varied in their degree of severity and the context in which they we",resolved,,subham,Mon Sep 07 2026 20:50:20 GMT+0000 (Coordinated Universal Time)
1,9fb262f0-c5b4-4b87-a678-6dda4d838ea2::5,"The message from Account 3 reads: ""If I wasn't surrounded by such great people, there's no way I'd be able to get this thing off the ground."" This statement is positive and expresses appreciation for support from others. It does not contain offensive",,positive content,span,147,220,statement is positive and expresses appreciation for support from others.,resolved,,subham,Mon Sep 07 2026 20:50:44 GMT+0000 (Coordinated Universal Time)
1,9fb262f0-c5b4-4b87-a678-6dda4d838ea2::5,"The message from Account 3 reads: ""If I wasn't surrounded by such great people, there's no way I'd be able to get this thing off the ground."" This statement is positive and expresses appreciation for support from others. It does not contain offensive",Type of offensiveness,No offensive content,span,221,250,It does not contain offensive,resolved,,subham,Mon Sep 07 2026 20:50:44 GMT+0000 (Coordinated Universal Time)
1,a19f544e-7e34-42f0-b9b1-0675b9689d29::1,"The user is using harmful language. Saying things like ""I hope you die"" should not be allowed on any platform. He is also using homophobic rhetoric which can be greatly offensive to those in the LGBT community.",Type of offensiveness,Hate speech and offensive language,unit,,,,resolved,,subham,Mon Sep 07 2026 20:49:53 GMT+0000 (Coordinated Universal Time)
1,a19f544e-7e34-42f0-b9b1-0675b9689d29::1,"The user is using harmful language. Saying things like ""I hope you die"" should not be allowed on any platform. He is also using homophobic rhetoric which can be greatly offensive to those in the LGBT community.",Type of offensiveness,Death wish,span,36,110,"Saying things like ""I hope you die"" should not be allowed on any platform.",resolved,,subham,Mon Sep 07 2026 20:49:53 GMT+0000 (Coordinated Universal Time)
1,a19f544e-7e34-42f0-b9b1-0675b9689d29::1,"The user is using harmful language. Saying things like ""I hope you die"" should not be allowed on any platform. He is also using homophobic rhetoric which can be greatly offensive to those in the LGBT community.",Type of offensiveness,Hate speech and offensive language,span,111,210,He is also using homophobic rhetoric which can be greatly offensive to those in the LGBT community.,resolved,,subham,Mon Sep 07 2026 20:49:53 GMT+0000 (Coordinated Universal Time)
1,a19f544e-7e34-42f0-b9b1-0675b9689d29::1,"The user is using harmful language. Saying things like ""I hope you die"" should not be allowed on any platform. He is also using homophobic rhetoric which can be greatly offensive to those in the LGBT community.",Type of offensiveness,derogatory remarks,span,111,210,He is also using homophobic rhetoric which can be greatly offensive to those in the LGBT community.,resolved,,subham,Mon Sep 07 2026 20:49:53 GMT+0000 (Coordinated Universal Time)
1,a19f544e-7e34-42f0-b9b1-0675b9689d29::3,This user is using homophobic language which is offensive to the LGBT community. The user is also spreading false information by saying that being gay is a sexual dysfunction and corruption of the brain.,Type of offensiveness,Hate speech and offensive language,span,0,80,This user is using homophobic language which is offensive to the LGBT community.,resolved,,subham,Mon Sep 07 2026 21:02:11 GMT+0000 (Coordinated Universal Time)
1,a19f544e-7e34-42f0-b9b1-0675b9689d29::3,This user is using homophobic language which is offensive to the LGBT community. The user is also spreading false information by saying that being gay is a sexual dysfunction and corruption of the brain.,Type of offensiveness,misinformation,span,108,125,false information,resolved,,subham,Mon Sep 07 2026 21:02:11 GMT+0000 (Coordinated Universal Time)
1,a19f544e-7e34-42f0-b9b1-0675b9689d29::5,"After going through a few of the user's messages nothing seemed harmful in any way. There was no threatening language, no offensive language, all of the messages were normal.",Type of offensiveness,No offensive content,span,49,83,nothing seemed harmful in any way.,resolved,,subham,Mon Sep 07 2026 20:19:47 GMT+0000 (Coordinated Universal Time)
1,a19f544e-7e34-42f0-b9b1-0675b9689d29::5,"After going through a few of the user's messages nothing seemed harmful in any way. There was no threatening language, no offensive language, all of the messages were normal.",Type of offensiveness,No offensive content,span,85,141,"here was no threatening language, no offensive language,",resolved,,subham,Mon Sep 07 2026 20:19:47 GMT+0000 (Coordinated Universal Time)
1,a19f544e-7e34-42f0-b9b1-0675b9689d29::5,"After going through a few of the user's messages nothing seemed harmful in any way. There was no threatening language, no offensive language, all of the messages were normal.",Patterns of behavior,Normal behavior,span,142,174,all of the messages were normal.,resolved,,subham,Mon Sep 07 2026 20:19:47 GMT+0000 (Coordinated Universal Time)
1,a37571ff-8f28-4459-935f-08b72087e111::3,This person message was very offensive and I needed to go no further than reviewing three of the messages which proved my point.  The last message was extremely offensive,Type of offensiveness,Hate speech and offensive language,span,0,38,This person message was very offensive,resolved,,subham,Mon Sep 07 2026 20:48:21 GMT+0000 (Coordinated Universal Time)
1,a37571ff-8f28-4459-935f-08b72087e111::3,This person message was very offensive and I needed to go no further than reviewing three of the messages which proved my point.  The last message was extremely offensive,Patterns of behavior,Consistent offensive behavior,span,43,170,I needed to go no further than reviewing three of the messages which proved my point.  The last message was extremely offensive,resolved,,subham,Mon Sep 07 2026 20:48:21 GMT+0000 (Coordinated Universal Time)
1,a37571ff-8f28-4459-935f-08b72087e111::4,I did not detect anything offensive although I only rolled through two messages it seemed the person was coming from a good place,Type of offensiveness,No offensive content,span,2,129,did not detect anything offensive although I only rolled through two messages it seemed the person was coming from a good place,resolved,,subham,Mon Sep 07 2026 21:01:24 GMT+0000 (Coordinated Universal Time)
1,a5ac73fc-5886-46ff-9721-5919ae1bd1ea::5,Looks like ordinary messages. Nothing wrong here.,Patterns of behavior,Normal behavior,span,0,28,Looks like ordinary messages,resolved,,subham,Mon Sep 07 2026 20:19:28 GMT+0000 (Coordinated Universal Time)
1,a5ac73fc-5886-46ff-9721-5919ae1bd1ea::5,Looks like ordinary messages. Nothing wrong here.,Type of offensiveness,No offensive content,span,30,49,Nothing wrong here.,resolved,,subham,Mon Sep 07 2026 20:19:28 GMT+0000 (Coordinated Universal Time)
1,a69e967a-c238-4245-8091-e518ed2326f6::2,More inflammatory remarks about someone's orientation plus threats of violence should be automatically suspended or a permanent ban. The one off random inoffensive comment doesn't undo all of the vitriol this person is presenting,Decision outcomes,Permanent ban,span,89,131,automatically suspended or a permanent ban,resolved,,subham,Mon Sep 07 2026 20:20:09 GMT+0000 (Coordinated Universal Time)
1,a69e967a-c238-4245-8091-e518ed2326f6::2,More inflammatory remarks about someone's orientation plus threats of violence should be automatically suspended or a permanent ban. The one off random inoffensive comment doesn't undo all of the vitriol this person is presenting,Patterns of behavior,Majority offesnive,span,133,229,The one off random inoffensive comment doesn't undo all of the vitriol this person is presenting,resolved,,subham,Mon Sep 07 2026 20:20:09 GMT+0000 (Coordinated Universal Time)
1,a7cbb72d-1707-41a6-b769-68c7df9643df::1,They wished death upon people and pets and also used foul and offensive language in nearly every message.,Type of offensiveness,Death wish,span,0,29,They wished death upon people,resolved,,subham,Mon Sep 07 2026 20:49:39 GMT+0000 (Coordinated Universal Time)
1,a7cbb72d-1707-41a6-b769-68c7df9643df::1,They wished death upon people and pets and also used foul and offensive language in nearly every message.,Type of offensiveness,Hate speech and offensive language,span,48,105,used foul and offensive language in nearly every message.,resolved,,subham,Mon Sep 07 2026 20:49:39 GMT+0000 (Coordinated Universal Time)
1,a7cbb72d-1707-41a6-b769-68c7df9643df::3,They are bullying people by making rude and derogatory remarks. Foul and offensive language.,Type of offensiveness,Hate speech and offensive language,span,0,62,They are bullying people by making rude and derogatory remarks,resolved,,subham,Mon Sep 07 2026 21:05:34 GMT+0000 (Coordinated Universal Time)
1,a7cbb72d-1707-41a6-b769-68c7df9643df::3,They are bullying people by making rude and derogatory remarks. Foul and offensive language.,Type of offensiveness,Hate speech and offensive language,span,64,92,Foul and offensive language.,resolved,,subham,Mon Sep 07 2026 21:05:34 GMT+0000 (Coordinated Universal Time)
1,ad582db9-01fb-46c2-af45-c5eb21b93152::4,Threatened to kill someone and very violent manner.,Type of offensiveness,Threats of violence,span,0,26,Threatened to kill someone,resolved,,subham,Mon Sep 07 2026 21:04:40 GMT+0000 (Coordinated Universal Time)
1,ad582db9-01fb-46c2-af45-c5eb21b93152::4,Threatened to kill someone and very violent manner.,Type of offensiveness,Threats of violence,span,31,51,very violent manner.,resolved,,subham,Mon Sep 07 2026 21:04:40 GMT+0000 (Coordinated Universal Time)
1,aeef090c-83b3-4673-94f4-430f07296bf8::5,Because message was not offensive,Type of offensiveness,No offensive content,span,0,33,Because message was not offensive,resolved,,subham,Mon Sep 07 2026 21:03:40 GMT+0000 (Coordinated Universal Time)
1,af5c7eb6-219e-440f-8cbe-ddd5c7ac14d0::4,This is just normal social media activity for a normal user. Message one is just somebody calling someone out for not having proof of something. Message 2 is just happy.,Patterns of behavior,Normal behavior,span,0,41,This is just normal social media activity,resolved,,subham,Mon Sep 07 2026 20:19:39 GMT+0000 (Coordinated Universal Time)
1,af5c7eb6-219e-440f-8cbe-ddd5c7ac14d0::4,This is just normal social media activity for a normal user. Message one is just somebody calling someone out for not having proof of something. Message 2 is just happy.,Type of offensiveness,No offensive content,span,145,169,Message 2 is just happy.,resolved,,subham,Mon Sep 07 2026 20:19:39 GMT+0000 (Coordinated Universal Time)
1,af7150ce-c2f5-4d7b-bf72-be3e6e8524b7::5,None of the language used is harmful or offensive. Normal messages.,Type of offensiveness,No offensive content,span,0,67,None of the language used is harmful or offensive. Normal messages.,resolved,,subham,Mon Sep 07 2026 20:59:17 GMT+0000 (Coordinated Universal Time)
1,b205e39f-34b8-463f-9bcc-9f92f68fad67::4,Tow death threats out of seven posts.  I have a strict policy of not threatening death any more than once every tenth comment. (Common sense here.),Type of offensiveness,Threats of violence,span,0,36,Tow death threats out of seven posts,resolved,,subham,Mon Sep 07 2026 20:59:12 GMT+0000 (Coordinated Universal Time)
1,b205e39f-34b8-463f-9bcc-9f92f68fad67::4,Tow death threats out of seven posts.  I have a strict policy of not threatening death any more than once every tenth comment. (Common sense here.),Patterns of behavior,Majority offesnive,span,39,147,I have a strict policy of not threatening death any more than once every tenth comment. (Common sense here.),resolved,,subham,Mon Sep 07 2026 20:59:12 GMT+0000 (Coordinated Universal Time)
1,b4f2aceb-f109-4ece-8c52-516dff26824f::2,The user threatened to kill people and used homophobic language; pretty clear suspend situation.,Type of offensiveness,Threats of violence,span,9,27,threatened to kill,resolved,,subham,Mon Sep 07 2026 21:01:52 GMT+0000 (Coordinated Universal Time)
1,b4f2aceb-f109-4ece-8c52-516dff26824f::2,The user threatened to kill people and used homophobic language; pretty clear suspend situation.,Type of offensiveness,Hate speech and offensive language,span,44,63,homophobic language,resolved,,subham,Mon Sep 07 2026 21:01:52 GMT+0000 (Coordinated Universal Time)
1,b4f2aceb-f109-4ece-8c52-516dff26824f::2,The user threatened to kill people and used homophobic language; pretty clear suspend situation.,Decision outcomes,Permanent ban,span,65,96,pretty clear suspend situation.,resolved,,subham,Mon Sep 07 2026 21:01:52 GMT+0000 (Coordinated Universal Time)
1,b63113e4-de0c-4278-a1df-c8c49b7f45ce::3,A whole bunch of nasty words. It all seemed like an attack.,Patterns of behavior,Consistent offensive behavior,span,0,28,A whole bunch of nasty words,resolved,,subham,Mon Sep 07 2026 20:58:03 GMT+0000 (Coordinated Universal Time)
1,b63113e4-de0c-4278-a1df-c8c49b7f45ce::3,A whole bunch of nasty words. It all seemed like an attack.,Type of offensiveness,Threats of violence,span,30,59,It all seemed like an attack.,resolved,,subham,Mon Sep 07 2026 20:58:03 GMT+0000 (Coordinated Universal Time)
1,b63113e4-de0c-4278-a1df-c8c49b7f45ce::5,Nothing that was said was rude or an attack.,Type of offensiveness,No offensive content,span,0,44,Nothing that was said was rude or an attack.,resolved,,subham,Mon Sep 07 2026 21:05:16 GMT+0000 (Coordinated Universal Time)
1,b6b0dd0d-1f6d-4ee0-810f-69707200d1b6::1,This is extremely offensive and targeted towards the message receiver.,Type of offensiveness,Hate speech and offensive language,span,0,70,This is extremely offensive and targeted towards the message receiver.,resolved,,subham,Mon Sep 07 2026 20:48:50 GMT+0000 (Coordinated Universal Time)
1,b6b0dd0d-1f6d-4ee0-810f-69707200d1b6::3,The message contained very offensive language that was targeted towards someone else.,Type of offensiveness,Hate speech and offensive language,span,0,85,The message contained very offensive language that was targeted towards someone else.,resolved,,subham,Mon Sep 07 2026 20:20:24 GMT+0000 (Coordinated Universal Time)
1,bca2b95f-7226-4f43-82f4-830afcaac965::4,"The first was negative but hardly offensive. The second seems innocent, but following the first it was hard to be sure. The third and seventh should have been enough on their own - looking at them all together and even the non-offensive ones seem off",Justifications,Not too offensive,span,23,44,but hardly offensive.,resolved,,subham,Mon Sep 07 2026 20:47:57 GMT+0000 (Coordinated Universal Time)
1,bca2b95f-7226-4f43-82f4-830afcaac965::4,"The first was negative but hardly offensive. The second seems innocent, but following the first it was hard to be sure. The third and seventh should have been enough on their own - looking at them all together and even the non-offensive ones seem off",Patterns of behavior,Consistent offensive behavior,span,120,250,The third and seventh should have been enough on their own - looking at them all together and even the non-offensive ones seem off,resolved,,subham,Mon Sep 07 2026 20:47:57 GMT+0000 (Coordinated Universal Time)
1,bd79c313-854a-41ba-9ec5-9258e4002f4c::3,"Again, the name calling is highly derogatory.",Type of offensiveness,Hate speech and offensive language,span,7,45,the name calling is highly derogatory.,resolved,,subham,Mon Sep 07 2026 20:49:34 GMT+0000 (Coordinated Universal Time)
1,bef3e651-f359-42d6-8fe2-4f5d8679094b::3,The phrase 'dysfunction sexual' indicates to me this person is a troll or a bot from another country that doesn't speak English.,Type of offensiveness,Hate speech and offensive language,span,0,31,The phrase 'dysfunction sexual',resolved,,subham,Mon Sep 07 2026 20:10:08 GMT+0000 (Coordinated Universal Time)
1,bef3e651-f359-42d6-8fe2-4f5d8679094b::3,The phrase 'dysfunction sexual' indicates to me this person is a troll or a bot from another country that doesn't speak English.,Patterns of behavior,Troll or bot,span,53,128,person is a troll or a bot from another country that doesn't speak English.,resolved,,subham,Mon Sep 07 2026 20:10:08 GMT+0000 (Coordinated Universal Time)
1,c1c49268-65da-4292-9bf1-aee628702e30::5,positive and thoughtful messages,,positive content,span,0,8,positive,resolved,,subham,Mon Sep 07 2026 20:58:11 GMT+0000 (Coordinated Universal Time)
1,c1c49268-65da-4292-9bf1-aee628702e30::5,positive and thoughtful messages,Positive content,Calm and thoughtful,span,13,32,thoughtful messages,resolved,,subham,Mon Sep 07 2026 20:58:11 GMT+0000 (Coordinated Universal Time)
1,c44e69cf-f4f8-49b8-b6bd-dd591e275204::1,Account 3 made offensive and homophobic remarks and should not be able to message or use their acccount.,Type of offensiveness,Hate speech and offensive language,span,15,47,offensive and homophobic remarks,resolved,,subham,Mon Sep 07 2026 20:50:49 GMT+0000 (Coordinated Universal Time)
1,c44e69cf-f4f8-49b8-b6bd-dd591e275204::3,Account 1 made extremely offensive remarks that would be classified as verbal assault if said face-to-face in real life.,Type of offensiveness,Hate speech and offensive language,span,10,120,made extremely offensive remarks that would be classified as verbal assault if said face-to-face in real life.,resolved,,subham,Mon Sep 07 2026 20:48:41 GMT+0000 (Coordinated Universal Time)
1,c527f981-4f55-4b7c-a648-27d8a79facb1::2,"Not only did account 3 use slurs, but they also threaten another user with lethal violence and admit to committing a crime.",Type of offensiveness,Hate speech and offensive language,unit,,,,resolved,,subham,Mon Sep 07 2026 20:59:43 GMT+0000 (Coordinated Universal Time)
1,c527f981-4f55-4b7c-a648-27d8a79facb1::2,"Not only did account 3 use slurs, but they also threaten another user with lethal violence and admit to committing a crime.",Type of offensiveness,Threats of violence,span,34,123,but they also threaten another user with lethal violence and admit to committing a crime.,resolved,,subham,Mon Sep 07 2026 20:59:43 GMT+0000 (Coordinated Universal Time)
1,c5c9cae2-2617-48fa-adb7-c0e822b8b5ff::1,"Account 5 contains nothing but hurtful and suicidal comments that have only the intent to harm someone's psyche.

Message 2: ""Your dog deserves to die like the stupid dog he is. Where is the death when we need it?"" Is the most hurtful of them all.",Patterns of behavior,Consistent offensive behavior,span,19,111,nothing but hurtful and suicidal comments that have only the intent to harm someone's psyche,resolved,,subham,Mon Sep 07 2026 20:46:18 GMT+0000 (Coordinated Universal Time)
1,c5c9cae2-2617-48fa-adb7-c0e822b8b5ff::1,"Account 5 contains nothing but hurtful and suicidal comments that have only the intent to harm someone's psyche.

Message 2: ""Your dog deserves to die like the stupid dog he is. Where is the death when we need it?"" Is the most hurtful of them all.",Type of offensiveness,Death wish,span,127,176,our dog deserves to die like the stupid dog he is,resolved,,subham,Mon Sep 07 2026 20:46:18 GMT+0000 (Coordinated Universal Time)
1,c5c9cae2-2617-48fa-adb7-c0e822b8b5ff::1,"Account 5 contains nothing but hurtful and suicidal comments that have only the intent to harm someone's psyche.

Message 2: ""Your dog deserves to die like the stupid dog he is. Where is the death when we need it?"" Is the most hurtful of them all.",Type of offensiveness,Death wish,span,178,213,Where is the death when we need it?,resolved,,subham,Mon Sep 07 2026 20:46:18 GMT+0000 (Coordinated Universal Time)
1,c5c9cae2-2617-48fa-adb7-c0e822b8b5ff::3,"Account 1 has a history of insulting others with profanity and vulgar slurs. In message 1, the account calls someone a faggot and writes their opinion in the most unprofessional manner.

In Message 3, the account insults and bullies someone's family.",Patterns of behavior,Consistent offensive behavior,span,0,76,Account 1 has a history of insulting others with profanity and vulgar slurs.,resolved,,subham,Mon Sep 07 2026 21:04:08 GMT+0000 (Coordinated Universal Time)
1,c5c9cae2-2617-48fa-adb7-c0e822b8b5ff::3,"Account 1 has a history of insulting others with profanity and vulgar slurs. In message 1, the account calls someone a faggot and writes their opinion in the most unprofessional manner.

In Message 3, the account insults and bullies someone's family.",Type of offensiveness,Hate speech and offensive language,span,91,184,the account calls someone a faggot and writes their opinion in the most unprofessional manner,resolved,,subham,Mon Sep 07 2026 21:04:08 GMT+0000 (Coordinated Universal Time)
1,c5c9cae2-2617-48fa-adb7-c0e822b8b5ff::3,"Account 1 has a history of insulting others with profanity and vulgar slurs. In message 1, the account calls someone a faggot and writes their opinion in the most unprofessional manner.

In Message 3, the account insults and bullies someone's family.",Type of offensiveness,Hate speech and offensive language,span,187,250,"In Message 3, the account insults and bullies someone's family.",resolved,,subham,Mon Sep 07 2026 21:04:08 GMT+0000 (Coordinated Universal Time)
1,c6eef4ea-2f4a-40a5-9dc1-5aed7039ab2d::1,I decided to suspend because the F word is really a hate crime word and wishing death on someone is not a very nice thing to do. the tongue is a powerful tool,Type of offensiveness,Hate speech and offensive language,span,0,67,I decided to suspend because the F word is really a hate crime word,resolved,,subham,Mon Sep 07 2026 21:05:03 GMT+0000 (Coordinated Universal Time)
1,c6eef4ea-2f4a-40a5-9dc1-5aed7039ab2d::1,I decided to suspend because the F word is really a hate crime word and wishing death on someone is not a very nice thing to do. the tongue is a powerful tool,Type of offensiveness,Death wish,span,72,128,wishing death on someone is not a very nice thing to do.,resolved,,subham,Mon Sep 07 2026 21:05:03 GMT+0000 (Coordinated Universal Time)
1,c6f200db-4b69-4f98-9f7e-6233387c570b::4,Anyone who puts into print that they will kill is unstable and scary.  The other 5 messages don't erase this,Type of offensiveness,Threats of violence,span,0,46,Anyone who puts into print that they will kill,resolved,,subham,Mon Sep 07 2026 21:04:47 GMT+0000 (Coordinated Universal Time)
1,c6f200db-4b69-4f98-9f7e-6233387c570b::4,Anyone who puts into print that they will kill is unstable and scary.  The other 5 messages don't erase this,Justifications,Poster is a bad person,span,50,69,unstable and scary.,resolved,,subham,Mon Sep 07 2026 21:04:47 GMT+0000 (Coordinated Universal Time)
1,c6f200db-4b69-4f98-9f7e-6233387c570b::4,Anyone who puts into print that they will kill is unstable and scary.  The other 5 messages don't erase this,Patterns of behavior,one message is enough (offensive),span,71,108,The other 5 messages don't erase this,resolved,,subham,Mon Sep 07 2026 21:04:47 GMT+0000 (Coordinated Universal Time)
1,cb472703-21d2-478b-9176-6c5e4e3609cc::4,Potential of causing online harassment with the way the account owner writes.,Type of offensiveness,Harm other person,span,0,77,Potential of causing online harassment with the way the account owner writes.,resolved,,subham,Mon Sep 07 2026 20:58:18 GMT+0000 (Coordinated Universal Time)
1,cf6112f1-e280-46e9-acf6-00f7d2f5077f::3,My vote on this was because the hate and threats were more than other non offensive talks in the account,Type of offensiveness,Hate speech and offensive language,span,0,36,My vote on this was because the hate,resolved,,subham,Mon Sep 07 2026 21:00:59 GMT+0000 (Coordinated Universal Time)
1,cf6112f1-e280-46e9-acf6-00f7d2f5077f::3,My vote on this was because the hate and threats were more than other non offensive talks in the account,Type of offensiveness,Threats of violence,span,41,48,threats,resolved,,subham,Mon Sep 07 2026 21:00:59 GMT+0000 (Coordinated Universal Time)
1,cf6112f1-e280-46e9-acf6-00f7d2f5077f::3,My vote on this was because the hate and threats were more than other non offensive talks in the account,Patterns of behavior,Majority offesnive,span,49,104,were more than other non offensive talks in the account,resolved,,subham,Mon Sep 07 2026 21:00:59 GMT+0000 (Coordinated Universal Time)
1,d7a57288-ab65-46bf-a376-66f7eb2be30b::5,There is no evidence of anything offensive or harmful in meaning that I could see.,Type of offensiveness,No offensive content,span,0,42,There is no evidence of anything offensive,resolved,,subham,Mon Sep 07 2026 20:20:15 GMT+0000 (Coordinated Universal Time)
1,d7a83ebf-ff90-45ee-946f-bf3053a6cda0::5,"I went through 6 messages and none were offensive. However, I wish I had chosen to not suspend the account with a confidence of 4 because I don't know what other potential messages could've said.",Type of offensiveness,No offensive content,span,0,49,I went through 6 messages and none were offensive,resolved,,subham,Mon Sep 07 2026 20:20:07 GMT+0000 (Coordinated Universal Time)
1,d7a83ebf-ff90-45ee-946f-bf3053a6cda0::5,"I went through 6 messages and none were offensive. However, I wish I had chosen to not suspend the account with a confidence of 4 because I don't know what other potential messages could've said.",Reflection on the decision,Expressed uncertainty,span,87,129,suspend the account with a confidence of 4,resolved,,subham,Mon Sep 07 2026 20:20:07 GMT+0000 (Coordinated Universal Time)
1,de8e7b52-f7f9-4b40-ab8e-49d465559c62::3,Homophobic remark and making fun of the mentally handicapped.,Type of offensiveness,Hate speech and offensive language,span,0,61,Homophobic remark and making fun of the mentally handicapped.,resolved,,subham,Mon Sep 07 2026 20:59:14 GMT+0000 (Coordinated Universal Time)
1,e00c38ec-0c24-4ca1-b8bf-9228303ec39a::1,This account needs to be suspended because they are saying offensive and hateful words. Multiple sentences of offensive speech were used.,Type of offensiveness,Hate speech and offensive language,span,59,68,offensive,resolved,,subham,Mon Sep 07 2026 21:01:13 GMT+0000 (Coordinated Universal Time)
1,e00c38ec-0c24-4ca1-b8bf-9228303ec39a::1,This account needs to be suspended because they are saying offensive and hateful words. Multiple sentences of offensive speech were used.,Type of offensiveness,Hate speech and offensive language,span,73,80,hateful,resolved,,subham,Mon Sep 07 2026 21:01:13 GMT+0000 (Coordinated Universal Time)
1,e00c38ec-0c24-4ca1-b8bf-9228303ec39a::1,This account needs to be suspended because they are saying offensive and hateful words. Multiple sentences of offensive speech were used.,Patterns of behavior,Consistent offensive behavior,span,88,137,Multiple sentences of offensive speech were used.,resolved,,subham,Mon Sep 07 2026 21:01:13 GMT+0000 (Coordinated Universal Time)
1,e085b63a-4193-4860-a0ed-50cab0931043::2,use of slurs and threats,Type of offensiveness,Threats of violence,unit,,,,resolved,,subham,Mon Sep 07 2026 21:03:54 GMT+0000 (Coordinated Universal Time)
1,e085b63a-4193-4860-a0ed-50cab0931043::2,use of slurs and threats,Type of offensiveness,Hate speech and offensive language,span,0,24,use of slurs and threats,resolved,,subham,Mon Sep 07 2026 21:03:54 GMT+0000 (Coordinated Universal Time)
1,e085b63a-4193-4860-a0ed-50cab0931043::3,use of slurs and threats,Type of offensiveness,Hate speech and offensive language,span,0,24,use of slurs and threats,resolved,,subham,Mon Sep 07 2026 21:06:19 GMT+0000 (Coordinated Universal Time)
1,e1155a7e-7ace-4083-adcf-27d2ae8bdd4c::1,this person is using derogatory and demeaning phrases which is never okay. any sort of death threats should not be taking lightly no matter what's the case.,Type of offensiveness,Threats of violence,unit,,,,resolved,,subham,Mon Sep 07 2026 21:04:03 GMT+0000 (Coordinated Universal Time)
1,e1155a7e-7ace-4083-adcf-27d2ae8bdd4c::1,this person is using derogatory and demeaning phrases which is never okay. any sort of death threats should not be taking lightly no matter what's the case.,Type of offensiveness,Hate speech and offensive language,span,15,53,using derogatory and demeaning phrases,resolved,,subham,Mon Sep 07 2026 21:04:03 GMT+0000 (Coordinated Universal Time)
1,e1155a7e-7ace-4083-adcf-27d2ae8bdd4c::1,this person is using derogatory and demeaning phrases which is never okay. any sort of death threats should not be taking lightly no matter what's the case.,Type of offensiveness,Death wish,span,75,156,any sort of death threats should not be taking lightly no matter what's the case.,resolved,,subham,Mon Sep 07 2026 21:04:03 GMT+0000 (Coordinated Universal Time)
1,e1155a7e-7ace-4083-adcf-27d2ae8bdd4c::3,clear racism and family death threats and name calling. all things that should be considered being banned from any social media platforms and looked into for therapy.,Type of offensiveness,Hate speech and offensive language,span,0,12,clear racism,resolved,,subham,Mon Sep 07 2026 21:02:45 GMT+0000 (Coordinated Universal Time)
1,e1155a7e-7ace-4083-adcf-27d2ae8bdd4c::3,clear racism and family death threats and name calling. all things that should be considered being banned from any social media platforms and looked into for therapy.,Type of offensiveness,Threats of violence,span,17,54,family death threats and name calling,resolved,,subham,Mon Sep 07 2026 21:02:45 GMT+0000 (Coordinated Universal Time)
1,e1155a7e-7ace-4083-adcf-27d2ae8bdd4c::3,clear racism and family death threats and name calling. all things that should be considered being banned from any social media platforms and looked into for therapy.,Type of offensiveness,Death wish,span,24,36,death threat,resolved,,subham,Mon Sep 07 2026 21:02:45 GMT+0000 (Coordinated Universal Time)
1,e1155a7e-7ace-4083-adcf-27d2ae8bdd4c::5,He/she are just projecting their own views and not bashing or using vulgar language in the process or threatening anyone.,Positive content,Personal opinions and thoughts,span,0,121,He/she are just projecting their own views and not bashing or using vulgar language in the process or threatening anyone.,resolved,,subham,Mon Sep 07 2026 20:49:56 GMT+0000 (Coordinated Universal Time)
1,e12acac9-85cf-4d27-8cfe-574a2ebf661e::5,that was appreciative statement rather,,positive content,span,0,38,that was appreciative statement rather,resolved,,subham,Mon Sep 07 2026 21:04:11 GMT+0000 (Coordinated Universal Time)
1,e2fa081b-c814-43a8-8f96-e17d35139c28::5,"This person seems genuine and normal. Didn't go all the way through too many messages, but they seemed consistently reasonable.",Patterns of behavior,Normal behavior,span,0,37,This person seems genuine and normal.,resolved,,subham,Mon Sep 07 2026 21:04:43 GMT+0000 (Coordinated Universal Time)
1,e2fa081b-c814-43a8-8f96-e17d35139c28::5,"This person seems genuine and normal. Didn't go all the way through too many messages, but they seemed consistently reasonable.",Type of offensiveness,No offensive content,span,38,127,"Didn't go all the way through too many messages, but they seemed consistently reasonable.",resolved,,subham,Mon Sep 07 2026 21:04:43 GMT+0000 (Coordinated Universal Time)
1,e333043d-2079-4f68-aab0-a60fa33898ff::2,"User posted a lot of violent and homophobic comments, talked about killing people a lot, and made offensive statements about women.",Type of offensiveness,Threats of violence,span,14,28,lot of violent,resolved,,subham,Mon Sep 07 2026 21:00:33 GMT+0000 (Coordinated Universal Time)
1,e333043d-2079-4f68-aab0-a60fa33898ff::2,"User posted a lot of violent and homophobic comments, talked about killing people a lot, and made offensive statements about women.",Type of offensiveness,Hate speech and offensive language,span,33,52,homophobic comments,resolved,,subham,Mon Sep 07 2026 21:00:33 GMT+0000 (Coordinated Universal Time)
1,e333043d-2079-4f68-aab0-a60fa33898ff::2,"User posted a lot of violent and homophobic comments, talked about killing people a lot, and made offensive statements about women.",Type of offensiveness,Threats of violence,span,54,88,"talked about killing people a lot,",resolved,,subham,Mon Sep 07 2026 21:00:33 GMT+0000 (Coordinated Universal Time)
1,e333043d-2079-4f68-aab0-a60fa33898ff::2,"User posted a lot of violent and homophobic comments, talked about killing people a lot, and made offensive statements about women.",Type of offensiveness,Hate speech and offensive language,span,89,131,and made offensive statements about women.,resolved,,subham,Mon Sep 07 2026 21:00:33 GMT+0000 (Coordinated Universal Time)
1,e333043d-2079-4f68-aab0-a60fa33898ff::3,"This user posted several offensive comments, and used homophobic slurs multiple times. User also insulted someone's family. User also made racist comments.",Patterns of behavior,Consistent offensive behavior,span,0,44,"This user posted several offensive comments,",resolved,,subham,Mon Sep 07 2026 20:59:40 GMT+0000 (Coordinated Universal Time)
1,e333043d-2079-4f68-aab0-a60fa33898ff::3,"This user posted several offensive comments, and used homophobic slurs multiple times. User also insulted someone's family. User also made racist comments.",Type of offensiveness,Hate speech and offensive language,span,45,86,and used homophobic slurs multiple times.,resolved,,subham,Mon Sep 07 2026 20:59:40 GMT+0000 (Coordinated Universal Time)
1,e333043d-2079-4f68-aab0-a60fa33898ff::3,"This user posted several offensive comments, and used homophobic slurs multiple times. User also insulted someone's family. User also made racist comments.",Type of offensiveness,racial remark,span,87,155,User also insulted someone's family. User also made racist comments.,resolved,,subham,Mon Sep 07 2026 20:59:40 GMT+0000 (Coordinated Universal Time)
1,e5aac9cd-6015-4636-92c1-78d14a5ac996::3,They had multiple messages where they were attacking the person they were messaging. The attacks use slurs and words that are just straight up wrong to use in any situation.,Type of offensiveness,Hate speech and offensive language,span,0,83,They had multiple messages where they were attacking the person they were messaging,resolved,,subham,Mon Sep 07 2026 20:46:01 GMT+0000 (Coordinated Universal Time)
1,e5aac9cd-6015-4636-92c1-78d14a5ac996::3,They had multiple messages where they were attacking the person they were messaging. The attacks use slurs and words that are just straight up wrong to use in any situation.,Type of offensiveness,Hate speech and offensive language,span,85,173,The attacks use slurs and words that are just straight up wrong to use in any situation.,resolved,,subham,Mon Sep 07 2026 20:46:01 GMT+0000 (Coordinated Universal Time)
1,e5aac9cd-6015-4636-92c1-78d14a5ac996::4,"There was one message that was offensive, but the rest of them are normal. If there was one more offensive message, I would have chosen to suspend.",Patterns of behavior,One-off offensive,span,0,40,There was one message that was offensive,resolved,,subham,Mon Sep 07 2026 21:07:29 GMT+0000 (Coordinated Universal Time)
1,e5aac9cd-6015-4636-92c1-78d14a5ac996::4,"There was one message that was offensive, but the rest of them are normal. If there was one more offensive message, I would have chosen to suspend.",Patterns of behavior,Normal behavior,span,42,74,but the rest of them are normal.,resolved,,subham,Mon Sep 07 2026 21:07:29 GMT+0000 (Coordinated Universal Time)
1,e5b2be47-24f1-4922-b2a2-35d22ecf9e03::3,"Account 2 used multiple slurs and made racist remarks. Despite some messages being ok, the slurs are grounds for at least suspension.",Type of offensiveness,Hate speech and offensive language,span,0,54,Account 2 used multiple slurs and made racist remarks.,resolved,,subham,Mon Sep 07 2026 20:50:06 GMT+0000 (Coordinated Universal Time)
1,e5b2be47-24f1-4922-b2a2-35d22ecf9e03::3,"Account 2 used multiple slurs and made racist remarks. Despite some messages being ok, the slurs are grounds for at least suspension.",Patterns of behavior,Mix of offensive and non-offensive,span,55,86,"Despite some messages being ok,",resolved,,subham,Mon Sep 07 2026 20:50:06 GMT+0000 (Coordinated Universal Time)
1,e5b2be47-24f1-4922-b2a2-35d22ecf9e03::3,"Account 2 used multiple slurs and made racist remarks. Despite some messages being ok, the slurs are grounds for at least suspension.",Decision outcomes,Consequences beyond suspencion,span,87,133,the slurs are grounds for at least suspension.,resolved,,subham,Mon Sep 07 2026 20:50:06 GMT+0000 (Coordinated Universal Time)
1,e61c1c50-3fd4-4210-bede-11eee1bf35ec::1,This account has been suspended for violating community guidelines.,Reflection on the decision,Need to know policy and TOS,span,36,67,violating community guidelines.,resolved,,subham,Mon Sep 07 2026 20:50:25 GMT+0000 (Coordinated Universal Time)
1,e84772f8-0104-4148-af15-e5424ff40caa::4,Threatening physical harm is grounds to suspend someone in my book.,Type of offensiveness,Threats of violence,span,0,67,Threatening physical harm is grounds to suspend someone in my book.,resolved,,subham,Mon Sep 07 2026 21:03:03 GMT+0000 (Coordinated Universal Time)
1,e92964a0-56a0-4f0c-a292-473c7cc67bea::4,"I wasn't 100 percent confident on my decision, but they did not have many offensive messages. Although they did talk about killing people on the offensive tweets it wasn't too extreme.",Reflection on the decision,Expressed uncertainty,span,2,45,wasn't 100 percent confident on my decision,resolved,,subham,Mon Sep 07 2026 20:59:27 GMT+0000 (Coordinated Universal Time)
1,e92964a0-56a0-4f0c-a292-473c7cc67bea::4,"I wasn't 100 percent confident on my decision, but they did not have many offensive messages. Although they did talk about killing people on the offensive tweets it wasn't too extreme.",Patterns of behavior,One-off offensive,span,47,93,but they did not have many offensive messages.,resolved,,subham,Mon Sep 07 2026 20:59:27 GMT+0000 (Coordinated Universal Time)
1,e92964a0-56a0-4f0c-a292-473c7cc67bea::4,"I wasn't 100 percent confident on my decision, but they did not have many offensive messages. Although they did talk about killing people on the offensive tweets it wasn't too extreme.",Justifications,Not too offensive,span,94,184,Although they did talk about killing people on the offensive tweets it wasn't too extreme.,resolved,,subham,Mon Sep 07 2026 20:59:27 GMT+0000 (Coordinated Universal Time)
1,eb7c446c-25d7-40f0-a21b-ef7329f0ead8::2,"A violent threat, which is a clear example of harmful language that can cause distress and fear.",Type of offensiveness,Threats of violence,span,0,17,"A violent threat,",resolved,,subham,Mon Sep 07 2026 20:58:43 GMT+0000 (Coordinated Universal Time)
1,eb7c446c-25d7-40f0-a21b-ef7329f0ead8::2,"A violent threat, which is a clear example of harmful language that can cause distress and fear.",Type of offensiveness,Harm other person,span,18,96,which is a clear example of harmful language that can cause distress and fear.,resolved,,subham,Mon Sep 07 2026 20:58:43 GMT+0000 (Coordinated Universal Time)
1,ec167a1b-45f9-468d-8710-e649e58705a5::5,"Although I did not have the same degree of confidence, I felt with good certainty that there was nothing offensive enough to suspend the account.",Reflection on the decision,Expressed uncertainty,span,0,54,"Although I did not have the same degree of confidence,",resolved,,subham,Mon Sep 07 2026 21:03:22 GMT+0000 (Coordinated Universal Time)
1,ec167a1b-45f9-468d-8710-e649e58705a5::5,"Although I did not have the same degree of confidence, I felt with good certainty that there was nothing offensive enough to suspend the account.",Type of offensiveness,No offensive content,span,55,145,I felt with good certainty that there was nothing offensive enough to suspend the account.,resolved,,subham,Mon Sep 07 2026 21:03:22 GMT+0000 (Coordinated Universal Time)
1,ec6537fe-4c07-4b70-9e96-8ed2f8564262::1,Two offensive and strongly worded messages are not good and should be suspended.,Type of offensiveness,Hate speech and offensive language,span,0,42,Two offensive and strongly worded messages,resolved,,subham,Mon Sep 07 2026 21:05:42 GMT+0000 (Coordinated Universal Time)
1,ec6537fe-4c07-4b70-9e96-8ed2f8564262::2,Two strongly offensive messages shows a pattern of foul language of rudeness.,Patterns of behavior,Consistent offensive behavior,span,32,77,shows a pattern of foul language of rudeness.,resolved,,subham,Mon Sep 07 2026 20:50:23 GMT+0000 (Coordinated Universal Time)
1,f2416148-543a-45c9-afa0-52942e56ac86::2,it may be just a joke.,Justifications,Appeal to intent,unit,,,,resolved,,subham,Mon Sep 07 2026 20:47:36 GMT+0000 (Coordinated Universal Time)
1,f28153d7-0a1f-48ff-983b-d2aaaa6ce8d8::5,Its an everyday kind of statement,Patterns of behavior,Normal behavior,unit,,,,resolved,,subham,Mon Sep 07 2026 21:01:16 GMT+0000 (Coordinated Universal Time)
1,f3d12412-b76d-4ef3-a299-93ae8a60ea93::2,This account included a direct and violent threat in the first message I saw which I saw to be grounds for a suspension.,Type of offensiveness,Threats of violence,span,0,49,This account included a direct and violent threat,resolved,,subham,Mon Sep 07 2026 21:04:29 GMT+0000 (Coordinated Universal Time)
1,f3d12412-b76d-4ef3-a299-93ae8a60ea93::2,This account included a direct and violent threat in the first message I saw which I saw to be grounds for a suspension.,Patterns of behavior,one message is enough (offensive),span,54,120,he first message I saw which I saw to be grounds for a suspension.,resolved,,subham,Mon Sep 07 2026 21:04:29 GMT+0000 (Coordinated Universal Time)
1,f5aa39ff-fa4a-477b-b01b-0e05b4255970::5,They never said awful stuff and seem decent,Type of offensiveness,No offensive content,span,0,27,They never said awful stuff,resolved,,subham,Mon Sep 07 2026 20:18:14 GMT+0000 (Coordinated Universal Time)
1,f6855f0d-9705-4cd9-a67c-ee8cd8d73460::1,account 3 used foul words but it seems like he was being bothered,Type of offensiveness,Hate speech and offensive language,span,0,25,account 3 used foul words,resolved,,subham,Mon Sep 07 2026 20:48:17 GMT+0000 (Coordinated Universal Time)
1,f6855f0d-9705-4cd9-a67c-ee8cd8d73460::1,account 3 used foul words but it seems like he was being bothered,Justifications,Contextual understanding,span,33,65,seems like he was being bothered,resolved,,subham,Mon Sep 07 2026 20:48:17 GMT+0000 (Coordinated Universal Time)
1,f6adc9c9-2d2e-4b3c-80c4-00eed10c6348::4,None of the comments were offensive. There was no reason to suspend.,Type of offensiveness,No offensive content,span,0,68,None of the comments were offensive. There was no reason to suspend.,resolved,,subham,Mon Sep 07 2026 21:20:14 GMT+0000 (Coordinated Universal Time)
1,f7cb359f-651a-4138-9a2c-c69b3b29dfd8::4,"although there was a message with a threat to life, it was however just one. the other messages did not contain any slurs or threats",Patterns of behavior,One-off offensive,span,0,75,"although there was a message with a threat to life, it was however just one",resolved,,subham,Mon Sep 07 2026 20:48:47 GMT+0000 (Coordinated Universal Time)
1,f7fabe1f-afee-480b-aac6-f12cb6312fe8::1,Hard offensive insult.,Type of offensiveness,Hate speech and offensive language,span,0,22,Hard offensive insult.,resolved,,subham,Mon Sep 07 2026 21:06:05 GMT+0000 (Coordinated Universal Time)
1,f855b122-9389-4902-8705-9de71d54558f::3,"Even though the first and third messages are offensive, they are only verbal attacks and do not discuss or threaten violence.",Justifications,Not too offensive,span,57,125,hey are only verbal attacks and do not discuss or threaten violence.,resolved,,subham,Mon Sep 07 2026 20:20:19 GMT+0000 (Coordinated Universal Time)
1,f8635d72-3d1f-4a55-aa95-c79d3bbb0c91::4,The messages were not hateful nor did they use any foul language or display any threats.,Type of offensiveness,No offensive content,span,0,88,The messages were not hateful nor did they use any foul language or display any threats.,resolved,,subham,Mon Sep 07 2026 21:03:57 GMT+0000 (Coordinated Universal Time)
1,f8635d72-3d1f-4a55-aa95-c79d3bbb0c91::5,None of the messages had any hateful or offensive language.,Type of offensiveness,No offensive content,unit,,,,resolved,,subham,Mon Sep 07 2026 20:58:30 GMT+0000 (Coordinated Universal Time)
1,fd39d70c-f8e4-42b5-856b-08f44020686c::2,The first mention of killing someone results in an automatic suspension.,Type of offensiveness,Threats of violence,span,0,72,The first mention of killing someone results in an automatic suspension.,resolved,,subham,Mon Sep 07 2026 20:59:56 GMT+0000 (Coordinated Universal Time)
1,fd39d70c-f8e4-42b5-856b-08f44020686c::3,"This account has made multiple hate comments.  They are hateful, offensive, and discriminatory.  It should not be permitted.",Type of offensiveness,Hate speech and offensive language,span,0,45,This account has made multiple hate comments.,resolved,,subham,Mon Sep 07 2026 21:06:14 GMT+0000 (Coordinated Universal Time)
1,fd39d70c-f8e4-42b5-856b-08f44020686c::3,"This account has made multiple hate comments.  They are hateful, offensive, and discriminatory.  It should not be permitted.",Patterns of behavior,Consistent offensive behavior,span,22,44,multiple hate comments,resolved,,subham,Mon Sep 07 2026 21:06:14 GMT+0000 (Coordinated Universal Time)
1,fd39d70c-f8e4-42b5-856b-08f44020686c::3,"This account has made multiple hate comments.  They are hateful, offensive, and discriminatory.  It should not be permitted.",Type of offensiveness,Hate speech and offensive language,span,47,95,"They are hateful, offensive, and discriminatory.",resolved,,subham,Mon Sep 07 2026 21:06:14 GMT+0000 (Coordinated Universal Time)
1,fefb2330-548d-44b7-a374-a6957a756dc0::5,"Almost all the comment were nice and cool, that's why I chose not to suspended this account.",Positive content,Calm and thoughtful,span,0,92,"Almost all the comment were nice and cool, that's why I chose not to suspended this account.",resolved,,subham,Mon Sep 07 2026 20:49:44 GMT+0000 (Coordinated Universal Time)
