round_number,round_name,coder,unit_id,unit_text,theme,code,scope,start_offset,end_offset,quote,memo,created_at,account,account_confidence,account_duration,account_suspension,accountsOrder,aor,condition,num_messages,user_finish_id,user_id
1,round 1,Alireza,000cb68e-8d89-4108-8b5b-4e1524c60e0c::2,That was directly a life threatening post,Type of offensiveness,Threats of violence,span,0,41,That was directly a life threatening post,,Mon Sep 07 2026 19:02:46 GMT+0000 (Coordinated Universal Time),2,4.64,12.153,Suspend,41235,0.75,control,1,427270,000cb68e-8d89-4108-8b5b-4e1524c60e0c
1,round 1,Alireza,00fad48d-a853-4fff-bab7-288ea51031f0::1,F-slur,Type of offensiveness,Hate speech and offensive language,unit,,,,,Mon Sep 07 2026 18:43:45 GMT+0000 (Coordinated Universal Time),1,5,2.887,Suspend,43251,1,control,1,c01d0c,00fad48d-a853-4fff-bab7-288ea51031f0
1,round 1,Alireza,00fad48d-a853-4fff-bab7-288ea51031f0::5,No reason to suspend,Type of offensiveness,No offensive content,span,0,20,No reason to suspend,,Tue Sep 01 2026 01:36:21 GMT+0000 (Coordinated Universal Time),5,5,4.118,Do not suspend,43251,0,control,6,c01d0c,00fad48d-a853-4fff-bab7-288ea51031f0
1,round 1,Alireza,01aad1a0-5ec4-4a9b-a571-a2880a1476be::2,Death threats.,Type of offensiveness,Death wish,span,0,14,Death threats.,,Tue Sep 01 2026 01:49:42 GMT+0000 (Coordinated Universal Time),2,5,3.582,Suspend,15432,0.75,ai,1,2d2113,01aad1a0-5ec4-4a9b-a571-a2880a1476be
1,round 1,Alireza,01aad1a0-5ec4-4a9b-a571-a2880a1476be::4,Nothing offensive. The user is just expressing positive emotions. The first message wasn't offensive-- they are setting boundaries.,Type of offensiveness,No offensive content,span,0,17,Nothing offensive,,Mon Sep 07 2026 18:42:05 GMT+0000 (Coordinated Universal Time),4,5,8.859,Do not suspend,15432,0.25,ai,2,2d2113,01aad1a0-5ec4-4a9b-a571-a2880a1476be
1,round 1,Alireza,01aad1a0-5ec4-4a9b-a571-a2880a1476be::4,Nothing offensive. The user is just expressing positive emotions. The first message wasn't offensive-- they are setting boundaries.,,positive content,span,19,65,The user is just expressing positive emotions.,,Mon Sep 07 2026 18:43:17 GMT+0000 (Coordinated Universal Time),4,5,8.859,Do not suspend,15432,0.25,ai,2,2d2113,01aad1a0-5ec4-4a9b-a571-a2880a1476be
1,round 1,Alireza,026448b8-5620-4d5c-9b2e-863b792e9fbf::2,this means to harm a person,Type of offensiveness,Harm other person,unit,,,,,Sun Sep 06 2026 19:14:05 GMT+0000 (Coordinated Universal Time),2,4.3,5.464,Suspend,43152,0.75,control,1,501ec1,026448b8-5620-4d5c-9b2e-863b792e9fbf
1,round 1,Alireza,026448b8-5620-4d5c-9b2e-863b792e9fbf::2,this means to harm a person,Type of offensiveness,Threats of violence,span,0,27,this means to harm a person,,Sun Sep 06 2026 19:14:04 GMT+0000 (Coordinated Universal Time),2,4.3,5.464,Suspend,43152,0.75,control,1,501ec1,026448b8-5620-4d5c-9b2e-863b792e9fbf
1,round 1,Alireza,043d2678-387c-463e-8ec8-0bb3314063b9::4,"This account is a case of one message being enough to suspend the entire account. They made a threat towards someone and used derogatory language towards them. In my opinion, that shouldn't be tolerated or given a slap on the wrist on any platform.",Patterns of behavior,one message is enough (offensive),span,0,80,This account is a case of one message being enough to suspend the entire account,,Mon Sep 07 2026 19:00:43 GMT+0000 (Coordinated Universal Time),4,5,3.164,Suspend,31254,0.25,crowd,3,125708,043d2678-387c-463e-8ec8-0bb3314063b9
1,round 1,Alireza,043d2678-387c-463e-8ec8-0bb3314063b9::4,"This account is a case of one message being enough to suspend the entire account. They made a threat towards someone and used derogatory language towards them. In my opinion, that shouldn't be tolerated or given a slap on the wrist on any platform.",Type of offensiveness,Threats of violence,span,82,116,They made a threat towards someone,,Mon Sep 07 2026 19:01:05 GMT+0000 (Coordinated Universal Time),4,5,3.164,Suspend,31254,0.25,crowd,3,125708,043d2678-387c-463e-8ec8-0bb3314063b9
1,round 1,Alireza,043d2678-387c-463e-8ec8-0bb3314063b9::4,"This account is a case of one message being enough to suspend the entire account. They made a threat towards someone and used derogatory language towards them. In my opinion, that shouldn't be tolerated or given a slap on the wrist on any platform.",Type of offensiveness,derogatory remarks,span,121,159,used derogatory language towards them.,,Mon Sep 07 2026 19:01:10 GMT+0000 (Coordinated Universal Time),4,5,3.164,Suspend,31254,0.25,crowd,3,125708,043d2678-387c-463e-8ec8-0bb3314063b9
1,round 1,Alireza,043d2678-387c-463e-8ec8-0bb3314063b9::4,"This account is a case of one message being enough to suspend the entire account. They made a threat towards someone and used derogatory language towards them. In my opinion, that shouldn't be tolerated or given a slap on the wrist on any platform.",Patterns of behavior,one message is enough (offensive),span,160,248,"In my opinion, that shouldn't be tolerated or given a slap on the wrist on any platform.",,Mon Sep 07 2026 19:01:26 GMT+0000 (Coordinated Universal Time),4,5,3.164,Suspend,31254,0.25,crowd,3,125708,043d2678-387c-463e-8ec8-0bb3314063b9
1,round 1,Alireza,05c044b6-fa17-4dae-b49b-5a2f9a9b0fc5::5,"After reading several comments on this account I did not find any that were offensive, so I am not considering suspending it.",Type of offensiveness,No offensive content,span,0,85,After reading several comments on this account I did not find any that were offensive,,Tue Sep 01 2026 01:22:32 GMT+0000 (Coordinated Universal Time),5,5,3.736,Do not suspend,32541,0,control,5,cdc2a5,05c044b6-fa17-4dae-b49b-5a2f9a9b0fc5
1,round 1,Alireza,061fa554-a6f7-4f7a-80ec-711db5c38a4c::3,more often than not comments from this account featured hate speech,Patterns of behavior,Majority offesnive,span,0,46,more often than not comments from this account,,Sun Sep 06 2026 17:22:31 GMT+0000 (Coordinated Universal Time),3,4.49,3.619,Suspend,24153,0.5,ai,5,93d00c,061fa554-a6f7-4f7a-80ec-711db5c38a4c
1,round 1,Alireza,061fa554-a6f7-4f7a-80ec-711db5c38a4c::3,more often than not comments from this account featured hate speech,Type of offensiveness,Hate speech and offensive language,span,47,67,featured hate speech,,Sun Sep 06 2026 17:22:22 GMT+0000 (Coordinated Universal Time),3,4.49,3.619,Suspend,24153,0.5,ai,5,93d00c,061fa554-a6f7-4f7a-80ec-711db5c38a4c
1,round 1,Alireza,06cb34a4-d264-4c9b-a8e5-170e31e8c92d::2,They want to harm someone,Type of offensiveness,Threats of violence,span,0,25,They want to harm someone,,Sun Sep 06 2026 17:25:30 GMT+0000 (Coordinated Universal Time),2,3.98,6.821,Suspend,51324,0.75,crowd,1,1f09d1,06cb34a4-d264-4c9b-a8e5-170e31e8c92d
1,round 1,Alireza,06e8469e-271d-4f06-8019-e49e17f01c6b::2,Bring people down by name calling then telling people they want to kill someone. This person needs to be on some type of watch list if not in some mental health rehab.,Type of offensiveness,Death wish,span,26,79,calling then telling people they want to kill someone,,Tue Sep 01 2026 01:27:37 GMT+0000 (Coordinated Universal Time),2,5,4.608,Suspend,43512,0.75,control,4,ccc64c,06e8469e-271d-4f06-8019-e49e17f01c6b
1,round 1,Alireza,06e8469e-271d-4f06-8019-e49e17f01c6b::2,Bring people down by name calling then telling people they want to kill someone. This person needs to be on some type of watch list if not in some mental health rehab.,Decision outcomes,Consequences beyond suspencion,span,81,167,This person needs to be on some type of watch list if not in some mental health rehab.,,Tue Sep 01 2026 01:28:26 GMT+0000 (Coordinated Universal Time),2,5,4.608,Suspend,43512,0.75,control,4,ccc64c,06e8469e-271d-4f06-8019-e49e17f01c6b
1,round 1,Alireza,085d298b-177c-4887-9819-8f10cad90ff4::2,This is a threat and should be taken seriously. I would probably call the police. People need to learn they cannot talk like this.,Type of offensiveness,Threats of violence,span,0,47,This is a threat and should be taken seriously.,,Mon Sep 07 2026 19:08:11 GMT+0000 (Coordinated Universal Time),2,4.98,4.044,Suspend,53214,0.75,control,1,1ef99f,085d298b-177c-4887-9819-8f10cad90ff4
1,round 1,Alireza,085d298b-177c-4887-9819-8f10cad90ff4::2,This is a threat and should be taken seriously. I would probably call the police. People need to learn they cannot talk like this.,Decision outcomes,Consequences beyond suspencion,span,48,130,I would probably call the police. People need to learn they cannot talk like this.,,Mon Sep 07 2026 19:08:23 GMT+0000 (Coordinated Universal Time),2,4.98,4.044,Suspend,53214,0.75,control,1,1ef99f,085d298b-177c-4887-9819-8f10cad90ff4
1,round 1,Alireza,0860c28d-eaaa-48ea-bd88-a46b9da590f5::2,Glorifying violence. Easy ban.,Type of offensiveness,Threats of violence,span,0,19,Glorifying violence,,Tue Sep 01 2026 01:36:13 GMT+0000 (Coordinated Universal Time),2,5,3.831,Suspend,34125,0.75,control,1,3e6cb4,0860c28d-eaaa-48ea-bd88-a46b9da590f5
1,round 1,Alireza,08ef00b7-726c-4aab-a082-e05e6afa8d42::2,"Used slurs, threatened people with shooting them in the head. I think that's quite enough to suspend, to be honest. Literal death threats.",Type of offensiveness,Death wish,unit,,,,,Tue Sep 01 2026 02:27:59 GMT+0000 (Coordinated Universal Time),2,5,4.525,Suspend,12345,0.75,crowd,5,36a702,08ef00b7-726c-4aab-a082-e05e6afa8d42
1,round 1,Alireza,08ef00b7-726c-4aab-a082-e05e6afa8d42::2,"Used slurs, threatened people with shooting them in the head. I think that's quite enough to suspend, to be honest. Literal death threats.",Type of offensiveness,Hate speech and offensive language,span,0,10,Used slurs,,Tue Sep 01 2026 02:27:52 GMT+0000 (Coordinated Universal Time),2,5,4.525,Suspend,12345,0.75,crowd,5,36a702,08ef00b7-726c-4aab-a082-e05e6afa8d42
1,round 1,Alireza,08ef00b7-726c-4aab-a082-e05e6afa8d42::2,"Used slurs, threatened people with shooting them in the head. I think that's quite enough to suspend, to be honest. Literal death threats.",Type of offensiveness,Threats of violence,span,12,60,threatened people with shooting them in the head,,Tue Sep 01 2026 02:27:57 GMT+0000 (Coordinated Universal Time),2,5,4.525,Suspend,12345,0.75,crowd,5,36a702,08ef00b7-726c-4aab-a082-e05e6afa8d42
1,round 1,Alireza,08ef00b7-726c-4aab-a082-e05e6afa8d42::2,"Used slurs, threatened people with shooting them in the head. I think that's quite enough to suspend, to be honest. Literal death threats.",Type of offensiveness,Death wish,span,116,138,Literal death threats.,,Tue Sep 01 2026 02:28:05 GMT+0000 (Coordinated Universal Time),2,5,4.525,Suspend,12345,0.75,crowd,5,36a702,08ef00b7-726c-4aab-a082-e05e6afa8d42
1,round 1,Alireza,0c73444e-3aa6-4262-a969-968101a66c75::3,"Offending words, also discrimination should not be tolerated.",Type of offensiveness,Hate speech and offensive language,span,0,61,"Offending words, also discrimination should not be tolerated.",,Sun Sep 06 2026 19:07:46 GMT+0000 (Coordinated Universal Time),3,3.23,3.874,Suspend,14325,0.5,ai,5,8fd6ea,0c73444e-3aa6-4262-a969-968101a66c75
1,round 1,Alireza,0c73444e-3aa6-4262-a969-968101a66c75::4,"There was one message that was offensive, but overall this person does not seem to have bad intentions.",Patterns of behavior,One-off offensive,span,0,40,There was one message that was offensive,,Tue Sep 01 2026 01:24:22 GMT+0000 (Coordinated Universal Time),4,4.02,3.912,Do not suspend,14325,0.25,ai,5,8fd6ea,0c73444e-3aa6-4262-a969-968101a66c75
1,round 1,Alireza,0c73444e-3aa6-4262-a969-968101a66c75::4,"There was one message that was offensive, but overall this person does not seem to have bad intentions.",Justifications,Appeal to intent,span,42,103,but overall this person does not seem to have bad intentions.,,Tue Sep 01 2026 01:24:26 GMT+0000 (Coordinated Universal Time),4,4.02,3.912,Do not suspend,14325,0.25,ai,5,8fd6ea,0c73444e-3aa6-4262-a969-968101a66c75
1,round 1,Alireza,11e61552-c9e7-4fed-af65-15046c58d52f::1,This person was wishing death on multiple beings. They were also using slurs on multiple occasions and coming after multiple people. They seemed violent and unstable and it kept going.,Type of offensiveness,Death wish,span,0,49,This person was wishing death on multiple beings.,,Sun Sep 06 2026 19:06:55 GMT+0000 (Coordinated Universal Time),1,5,5.988,Suspend,14352,1,crowd,4,3485c5,11e61552-c9e7-4fed-af65-15046c58d52f
1,round 1,Alireza,11e61552-c9e7-4fed-af65-15046c58d52f::1,This person was wishing death on multiple beings. They were also using slurs on multiple occasions and coming after multiple people. They seemed violent and unstable and it kept going.,Type of offensiveness,Hate speech and offensive language,span,51,132,hey were also using slurs on multiple occasions and coming after multiple people.,,Sun Sep 06 2026 19:06:59 GMT+0000 (Coordinated Universal Time),1,5,5.988,Suspend,14352,1,crowd,4,3485c5,11e61552-c9e7-4fed-af65-15046c58d52f
1,round 1,Alireza,11e61552-c9e7-4fed-af65-15046c58d52f::1,This person was wishing death on multiple beings. They were also using slurs on multiple occasions and coming after multiple people. They seemed violent and unstable and it kept going.,Type of offensiveness,Threats of violence,span,133,184,They seemed violent and unstable and it kept going.,,Sun Sep 06 2026 19:07:02 GMT+0000 (Coordinated Universal Time),1,5,5.988,Suspend,14352,1,crowd,4,3485c5,11e61552-c9e7-4fed-af65-15046c58d52f
1,round 1,Alireza,147e86b7-9d82-4fa6-8053-79beb1fb042e::1,"shows a clear insult to other people, for this problem your account will be suspended for a period of time",Type of offensiveness,Hate speech and offensive language,span,0,37,"shows a clear insult to other people,",,Sun Sep 06 2026 19:11:02 GMT+0000 (Coordinated Universal Time),1,5,2.342,Suspend,35124,1,ai,1,2ddaaa,147e86b7-9d82-4fa6-8053-79beb1fb042e
1,round 1,Alireza,15ca9f16-8eb2-4934-908f-c8131460b85b::2,This person seemed like an angry punk and was directing vicious threats at other members. Not acceptable.,Justifications,Poster is a bad person,span,19,37,like an angry punk,,Sun Sep 06 2026 19:09:28 GMT+0000 (Coordinated Universal Time),2,5,3.112,Suspend,41253,0.75,crowd,2,8e05b4,15ca9f16-8eb2-4934-908f-c8131460b85b
1,round 1,Alireza,15ca9f16-8eb2-4934-908f-c8131460b85b::2,This person seemed like an angry punk and was directing vicious threats at other members. Not acceptable.,Type of offensiveness,Threats of violence,span,56,89,vicious threats at other members.,,Sun Sep 06 2026 19:09:22 GMT+0000 (Coordinated Universal Time),2,5,3.112,Suspend,41253,0.75,crowd,2,8e05b4,15ca9f16-8eb2-4934-908f-c8131460b85b
1,round 1,Alireza,17bc2b94-f557-4770-bec1-ab1715b8678d::3,Name calling and close minded posts that add no value to any conversation.,Type of offensiveness,Hate speech and offensive language,span,0,35,Name calling and close minded posts,,Mon Sep 07 2026 19:04:28 GMT+0000 (Coordinated Universal Time),3,5,3.471,Suspend,15324,0.5,control,1,5e24c2,17bc2b94-f557-4770-bec1-ab1715b8678d
1,round 1,Alireza,17bc2b94-f557-4770-bec1-ab1715b8678d::5,A thoughtful person aware and co siderate of others.,Positive content,Calm and thoughtful,span,0,52,A thoughtful person aware and co siderate of others.,,Tue Sep 01 2026 02:39:23 GMT+0000 (Coordinated Universal Time),5,5,4.086,Do not suspend,15324,0,control,2,5e24c2,17bc2b94-f557-4770-bec1-ab1715b8678d
1,round 1,Alireza,19957cb7-91aa-4873-a122-ac2789b4260d::2,Ver negative comment,Type of offensiveness,Hate speech and offensive language,unit,,,,,Sun Sep 06 2026 19:03:46 GMT+0000 (Coordinated Universal Time),2,4.48,4.112,Suspend,52314,0.75,ai,1,5.77E+02,19957cb7-91aa-4873-a122-ac2789b4260d
1,round 1,Alireza,1bc0fc0a-0cf5-4c30-8056-53bc860179f0::3,2 of the 3 messages were offensive.,Patterns of behavior,Majority offesnive,unit,,,,,Mon Sep 07 2026 19:04:34 GMT+0000 (Coordinated Universal Time),3,4.93,5.836,Suspend,54123,0.5,ai,3,061f02,1bc0fc0a-0cf5-4c30-8056-53bc860179f0
1,round 1,Alireza,1d658f73-1697-43b9-95c2-df6617082c3c::3,Hate speech,Type of offensiveness,Hate speech and offensive language,span,0,11,Hate speech,,Tue Sep 01 2026 01:33:14 GMT+0000 (Coordinated Universal Time),3,5,3.419,Suspend,51432,0.5,control,1,24225b,1d658f73-1697-43b9-95c2-df6617082c3c
1,round 1,Alireza,1e990395-3db9-47d5-a2ae-f030a438b729::1,Violation of hate speech used in message.,Type of offensiveness,Hate speech and offensive language,span,0,29,Violation of hate speech used,,Sun Sep 06 2026 17:24:03 GMT+0000 (Coordinated Universal Time),1,5,3.157,Suspend,24513,1,control,1,05af12,1e990395-3db9-47d5-a2ae-f030a438b729
1,round 1,Alireza,1e990395-3db9-47d5-a2ae-f030a438b729::4,Threatening another person to commit violence/murder with a gun.,Type of offensiveness,Threats of violence,span,0,64,Threatening another person to commit violence/murder with a gun.,,Sun Sep 06 2026 19:00:20 GMT+0000 (Coordinated Universal Time),4,5,2.789,Suspend,24513,0.25,control,3,05af12,1e990395-3db9-47d5-a2ae-f030a438b729
1,round 1,Alireza,1eab6aa4-af12-4ebc-9267-9a9a46554aa8::1,"use of insulting words, use of threatening words and also use of dehumanizing words. showed signs of an animal hater and one that can kill a fellow individual.",Type of offensiveness,Hate speech and offensive language,span,0,23,"use of insulting words,",,Mon Sep 07 2026 19:01:55 GMT+0000 (Coordinated Universal Time),1,5,5.108,Suspend,35142,1,control,3,890cb4,1eab6aa4-af12-4ebc-9267-9a9a46554aa8
1,round 1,Alireza,1eab6aa4-af12-4ebc-9267-9a9a46554aa8::1,"use of insulting words, use of threatening words and also use of dehumanizing words. showed signs of an animal hater and one that can kill a fellow individual.",Type of offensiveness,Threats of violence,span,31,48,threatening words,,Mon Sep 07 2026 19:01:58 GMT+0000 (Coordinated Universal Time),1,5,5.108,Suspend,35142,1,control,3,890cb4,1eab6aa4-af12-4ebc-9267-9a9a46554aa8
1,round 1,Alireza,1eab6aa4-af12-4ebc-9267-9a9a46554aa8::1,"use of insulting words, use of threatening words and also use of dehumanizing words. showed signs of an animal hater and one that can kill a fellow individual.",Type of offensiveness,Hate speech and offensive language,span,65,84,dehumanizing words.,,Mon Sep 07 2026 19:02:02 GMT+0000 (Coordinated Universal Time),1,5,5.108,Suspend,35142,1,control,3,890cb4,1eab6aa4-af12-4ebc-9267-9a9a46554aa8
1,round 1,Alireza,1eab6aa4-af12-4ebc-9267-9a9a46554aa8::1,"use of insulting words, use of threatening words and also use of dehumanizing words. showed signs of an animal hater and one that can kill a fellow individual.",Type of offensiveness,Death wish,span,85,159,showed signs of an animal hater and one that can kill a fellow individual.,,Mon Sep 07 2026 19:02:08 GMT+0000 (Coordinated Universal Time),1,5,5.108,Suspend,35142,1,control,3,890cb4,1eab6aa4-af12-4ebc-9267-9a9a46554aa8
1,round 1,Alireza,1eab6aa4-af12-4ebc-9267-9a9a46554aa8::4,"although there was use of a certain degree of bad words in the third message, the first two messages were kind",Patterns of behavior,One-off offensive,span,0,77,"although there was use of a certain degree of bad words in the third message,",,Mon Sep 07 2026 19:03:42 GMT+0000 (Coordinated Universal Time),4,3.96,7.623,Do not suspend,35142,0.25,control,6,890cb4,1eab6aa4-af12-4ebc-9267-9a9a46554aa8
1,round 1,Alireza,1eab6aa4-af12-4ebc-9267-9a9a46554aa8::4,"although there was use of a certain degree of bad words in the third message, the first two messages were kind",,positive content,span,78,110,the first two messages were kind,,Mon Sep 07 2026 19:04:02 GMT+0000 (Coordinated Universal Time),4,3.96,7.623,Do not suspend,35142,0.25,control,6,890cb4,1eab6aa4-af12-4ebc-9267-9a9a46554aa8
1,round 1,Alireza,1eab6aa4-af12-4ebc-9267-9a9a46554aa8::5,"there was no use of bad words, the user spoke in an understanding manner and made points without hurting or insulting anyone.",Type of offensiveness,No offensive content,unit,,,,,Tue Sep 01 2026 00:55:20 GMT+0000 (Coordinated Universal Time),5,5,8.054,Do not suspend,35142,0,control,3,890cb4,1eab6aa4-af12-4ebc-9267-9a9a46554aa8
1,round 1,Alireza,20495eb2-b21b-4955-8a97-0020aae12c29::1,Every message used extremely offensive language and one threatened an animal.,Type of offensiveness,Hate speech and offensive language,span,0,47,Every message used extremely offensive language,,Sun Sep 06 2026 18:59:46 GMT+0000 (Coordinated Universal Time),1,5,4.699,Suspend,14325,1,ai,3,1de0d4,20495eb2-b21b-4955-8a97-0020aae12c29
1,round 1,Alireza,20495eb2-b21b-4955-8a97-0020aae12c29::1,Every message used extremely offensive language and one threatened an animal.,Type of offensiveness,Extreme offensive,span,19,47,extremely offensive language,,Sun Sep 06 2026 18:59:52 GMT+0000 (Coordinated Universal Time),1,5,4.699,Suspend,14325,1,ai,3,1de0d4,20495eb2-b21b-4955-8a97-0020aae12c29
1,round 1,Alireza,20495eb2-b21b-4955-8a97-0020aae12c29::1,Every message used extremely offensive language and one threatened an animal.,Type of offensiveness,Threats of violence,span,56,77,threatened an animal.,,Sun Sep 06 2026 18:59:55 GMT+0000 (Coordinated Universal Time),1,5,4.699,Suspend,14325,1,ai,3,1de0d4,20495eb2-b21b-4955-8a97-0020aae12c29
1,round 1,Alireza,208559c2-6d8a-4abe-a680-1ff1d4748c20::2,"Most of the account message where offensive , its appears to be a standard behavior of the account.",Patterns of behavior,Majority offesnive,span,0,43,Most of the account message where offensive,,Tue Sep 01 2026 01:30:49 GMT+0000 (Coordinated Universal Time),2,5,3.827,Suspend,13425,0.75,crowd,4,450041,208559c2-6d8a-4abe-a680-1ff1d4748c20
1,round 1,Alireza,208559c2-6d8a-4abe-a680-1ff1d4748c20::2,"Most of the account message where offensive , its appears to be a standard behavior of the account.",Patterns of behavior,Consistent offensive behavior,span,46,99,its appears to be a standard behavior of the account.,,Tue Sep 01 2026 01:30:53 GMT+0000 (Coordinated Universal Time),2,5,3.827,Suspend,13425,0.75,crowd,4,450041,208559c2-6d8a-4abe-a680-1ff1d4748c20
1,round 1,Alireza,209a2e51-8511-44f6-8bc1-5df8aff3fa19::1,They are very vulgar words that deserve suspending the account,Type of offensiveness,Hate speech and offensive language,span,0,62,They are very vulgar words that deserve suspending the account,,Tue Sep 01 2026 01:30:03 GMT+0000 (Coordinated Universal Time),1,5,2.856,Suspend,24153,1,ai,1,6753de,209a2e51-8511-44f6-8bc1-5df8aff3fa19
1,round 1,Alireza,20f5aa5b-c33a-4182-ad89-199eb2a2e21b::1,This account used threatening language.,Type of offensiveness,Threats of violence,span,0,39,This account used threatening language.,,Mon Sep 07 2026 19:01:34 GMT+0000 (Coordinated Universal Time),1,5,4.514,Suspend,53214,1,ai,2,b71fb0,20f5aa5b-c33a-4182-ad89-199eb2a2e21b
1,round 1,Alireza,20f7025c-e5c6-4a55-95d1-23945085367d::4,"I chose not to suspend Account 1 because, while some messages were strong in tone, they did not contain language that directly posed a threat, except for Message 3. Message 3 is offensive and would require further act.",Justifications,Not too offensive,span,42,141,"while some messages were strong in tone, they did not contain language that directly posed a threat",,Mon Sep 07 2026 19:06:39 GMT+0000 (Coordinated Universal Time),4,4.4,9.771,Do not suspend,41253,0.25,ai,5,6d700d,20f7025c-e5c6-4a55-95d1-23945085367d
1,round 1,Alireza,20f7025c-e5c6-4a55-95d1-23945085367d::4,"I chose not to suspend Account 1 because, while some messages were strong in tone, they did not contain language that directly posed a threat, except for Message 3. Message 3 is offensive and would require further act.",Patterns of behavior,One-off offensive,span,143,218,except for Message 3. Message 3 is offensive and would require further act.,,Mon Sep 07 2026 19:06:16 GMT+0000 (Coordinated Universal Time),4,4.4,9.771,Do not suspend,41253,0.25,ai,5,6d700d,20f7025c-e5c6-4a55-95d1-23945085367d
1,round 1,Alireza,22e5ece5-b743-45c4-972e-77b1ae4b37e9::3,"I went through 5 different messages for this account and the person insulted multiple people for their sexuality, looks, and race. The things said in these messages are unacceptable and the account would deserve to be suspended.",Patterns of behavior,Consistent offensive behavior,span,0,130,"I went through 5 different messages for this account and the person insulted multiple people for their sexuality, looks, and race.",,Sun Sep 06 2026 19:14:29 GMT+0000 (Coordinated Universal Time),3,5,9.309,Suspend,32541,0.5,control,5,13a429,22e5ece5-b743-45c4-972e-77b1ae4b37e9
1,round 1,Alireza,22e5ece5-b743-45c4-972e-77b1ae4b37e9::3,"I went through 5 different messages for this account and the person insulted multiple people for their sexuality, looks, and race. The things said in these messages are unacceptable and the account would deserve to be suspended.",Type of offensiveness,Hate speech and offensive language,span,77,130,"multiple people for their sexuality, looks, and race.",,Sun Sep 06 2026 19:14:34 GMT+0000 (Coordinated Universal Time),3,5,9.309,Suspend,32541,0.5,control,5,13a429,22e5ece5-b743-45c4-972e-77b1ae4b37e9
1,round 1,Alireza,246aa216-be21-4efa-9eff-7f1a95d1d02d::2,It's a death threat.,Type of offensiveness,Death wish,span,1,20,t's a death threat.,,Tue Sep 01 2026 01:36:33 GMT+0000 (Coordinated Universal Time),2,4.98,3.512,Suspend,42153,0.75,control,1,89104e,246aa216-be21-4efa-9eff-7f1a95d1d02d
1,round 1,Alireza,246aa216-be21-4efa-9eff-7f1a95d1d02d::4,It's a death threat.,Type of offensiveness,Death wish,unit,,,,,Tue Sep 01 2026 01:25:02 GMT+0000 (Coordinated Universal Time),4,5,4.194,Suspend,42153,0.25,control,3,89104e,246aa216-be21-4efa-9eff-7f1a95d1d02d
1,round 1,Alireza,2470478f-1b93-4fdd-8841-0a9b0fdde878::2,"Threats of murder, repeated use of the f-slur with genuine hatred.",Type of offensiveness,Threats of violence,span,0,17,Threats of murder,,Tue Sep 01 2026 00:55:47 GMT+0000 (Coordinated Universal Time),2,5,6.113,Suspend,23154,0.75,ai,4,1982a1,2470478f-1b93-4fdd-8841-0a9b0fdde878
1,round 1,Alireza,2470478f-1b93-4fdd-8841-0a9b0fdde878::2,"Threats of murder, repeated use of the f-slur with genuine hatred.",Type of offensiveness,Hate speech and offensive language,span,19,65,repeated use of the f-slur with genuine hatred,,Tue Sep 01 2026 00:55:55 GMT+0000 (Coordinated Universal Time),2,5,6.113,Suspend,23154,0.75,ai,4,1982a1,2470478f-1b93-4fdd-8841-0a9b0fdde878
1,round 1,Alireza,2470478f-1b93-4fdd-8841-0a9b0fdde878::2,"Threats of murder, repeated use of the f-slur with genuine hatred.",Patterns of behavior,Consistent offensive behavior,span,19,27,repeated,,Tue Sep 01 2026 00:56:01 GMT+0000 (Coordinated Universal Time),2,5,6.113,Suspend,23154,0.75,ai,4,1982a1,2470478f-1b93-4fdd-8841-0a9b0fdde878
1,round 1,Alireza,2470478f-1b93-4fdd-8841-0a9b0fdde878::4,You don't just let people make threats of murder on your platform. Period.,Type of offensiveness,Threats of violence,unit,,,,,Sun Sep 06 2026 19:10:21 GMT+0000 (Coordinated Universal Time),4,4.03,5.516,Suspend,23154,0.25,ai,7,1982a1,2470478f-1b93-4fdd-8841-0a9b0fdde878
1,round 1,Alireza,2470478f-1b93-4fdd-8841-0a9b0fdde878::4,You don't just let people make threats of murder on your platform. Period.,Type of offensiveness,Death wish,span,42,66,murder on your platform.,,Sun Sep 06 2026 19:10:25 GMT+0000 (Coordinated Universal Time),4,4.03,5.516,Suspend,23154,0.25,ai,7,1982a1,2470478f-1b93-4fdd-8841-0a9b0fdde878
1,round 1,Alireza,2470478f-1b93-4fdd-8841-0a9b0fdde878::5,"Just seems like a normal person's account, or at least an account that isn't wildly against every TOS known to man.",Patterns of behavior,Normal behavior,span,0,42,"Just seems like a normal person's account,",,Tue Sep 01 2026 02:27:43 GMT+0000 (Coordinated Universal Time),5,5,4.044,Do not suspend,23154,0,ai,7,1982a1,2470478f-1b93-4fdd-8841-0a9b0fdde878
1,round 1,Alireza,26429584-a1a5-43df-9b5c-38d0072a4730::1,i suspended this account because it had nothing but bad messages one after the next and they were very vulgar and offensive,Patterns of behavior,Consistent offensive behavior,span,36,83,had nothing but bad messages one after the next,,Sun Sep 06 2026 17:18:13 GMT+0000 (Coordinated Universal Time),1,4.97,4.403,Suspend,32415,1,crowd,4,07a00c,26429584-a1a5-43df-9b5c-38d0072a4730
1,round 1,Alireza,26429584-a1a5-43df-9b5c-38d0072a4730::1,i suspended this account because it had nothing but bad messages one after the next and they were very vulgar and offensive,Type of offensiveness,Hate speech and offensive language,span,88,123,they were very vulgar and offensive,,Sun Sep 06 2026 17:18:16 GMT+0000 (Coordinated Universal Time),1,4.97,4.403,Suspend,32415,1,crowd,4,07a00c,26429584-a1a5-43df-9b5c-38d0072a4730
1,round 1,Alireza,2be1ec5b-fc34-4c58-91e3-6fa95cc81391::5,Messages had no offensive content,Type of offensiveness,No offensive content,span,0,33,Messages had no offensive content,,Tue Sep 01 2026 23:36:22 GMT+0000 (Coordinated Universal Time),5,4.01,3.91,Do not suspend,53421,0,ai,5,57ca00,2be1ec5b-fc34-4c58-91e3-6fa95cc81391
1,round 1,Alireza,2db60c1d-59e3-4a2d-96e2-2d364f090249::2,"PLAIN AND SIMPLE OFFENSIVE, COMMON SENSE AND ADDITIONALLY YOU ARE LUCKY i DO NOT RETURN THIS NOW ON PRINCIPLE ALONE AS IT IS YOUR 2ND OMISSION NOT CITED AS BEING REQUIRED IN PROLIFIC TASK PREVIEW MATERIAL SHOWN ON PROLIFIC BEFORE WORKERS CLICK START",Type of offensiveness,Hate speech and offensive language,span,0,27,"PLAIN AND SIMPLE OFFENSIVE,",,Sun Sep 06 2026 19:04:45 GMT+0000 (Coordinated Universal Time),2,5,5.637,Suspend,51432,0.75,crowd,1,69e18c,2db60c1d-59e3-4a2d-96e2-2d364f090249
1,round 1,Alireza,2db60c1d-59e3-4a2d-96e2-2d364f090249::5,"PLAIN AND SIMPLE NOT OFFENSIVE, AND ADDITIONALLY YOU ARE LUCKY i DO NOT RETURN THIS NOW ON PRINCIPLE ALONE AS IT IS YOUR 2ND OMISSION NOT CITED AS BEING REQUIRED IN PROLIFIC TASK PREVIEW MATERIAL SHOWN ON PROLIFIC BEFORE WORKERS CLICK START",Type of offensiveness,Hate speech and offensive language,span,0,30,PLAIN AND SIMPLE NOT OFFENSIVE,,Sun Sep 06 2026 19:14:00 GMT+0000 (Coordinated Universal Time),5,5,5.745,Do not suspend,51432,0,crowd,5,69e18c,2db60c1d-59e3-4a2d-96e2-2d364f090249
1,round 1,Alireza,2e60f023-d4ef-460f-a8b5-31164eb105f3::3,account 1 uses hate speech and derogatory terms. They have said offensive things multiple times. They should not get a pass.,Type of offensiveness,Hate speech and offensive language,span,0,48,account 1 uses hate speech and derogatory terms.,,Mon Sep 07 2026 19:03:17 GMT+0000 (Coordinated Universal Time),3,5,9.31,Suspend,35142,0.5,crowd,3,56a98f,2e60f023-d4ef-460f-a8b5-31164eb105f3
1,round 1,Alireza,2e60f023-d4ef-460f-a8b5-31164eb105f3::3,account 1 uses hate speech and derogatory terms. They have said offensive things multiple times. They should not get a pass.,Type of offensiveness,Hate speech and offensive language,span,49,124,They have said offensive things multiple times. They should not get a pass.,,Mon Sep 07 2026 19:03:22 GMT+0000 (Coordinated Universal Time),3,5,9.31,Suspend,35142,0.5,crowd,3,56a98f,2e60f023-d4ef-460f-a8b5-31164eb105f3
1,round 1,Alireza,2e81601f-453c-4d49-baa2-208a30e95b69::3,th message was insulting and bad language was used,Type of offensiveness,Hate speech and offensive language,span,0,24,th message was insulting,,Mon Sep 07 2026 18:43:32 GMT+0000 (Coordinated Universal Time),3,5,4.504,Suspend,23154,0.5,crowd,1,00841f,2e81601f-453c-4d49-baa2-208a30e95b69
1,round 1,Alireza,2e81601f-453c-4d49-baa2-208a30e95b69::3,th message was insulting and bad language was used,Type of offensiveness,Hate speech and offensive language,span,29,50,bad language was used,,Mon Sep 07 2026 18:43:36 GMT+0000 (Coordinated Universal Time),3,5,4.504,Suspend,23154,0.5,crowd,1,00841f,2e81601f-453c-4d49-baa2-208a30e95b69
1,round 1,Alireza,2ee6b9be-6ea5-4dbf-8780-7e22df0d7db7::1,All of their messages are extremely offensive which includes not only death threats but also derogatory terms,Type of offensiveness,Extreme offensive,unit,,,,,Sun Sep 06 2026 17:30:02 GMT+0000 (Coordinated Universal Time),1,5,4.698,Suspend,42315,1,ai,3,73800e,2ee6b9be-6ea5-4dbf-8780-7e22df0d7db7
1,round 1,Alireza,2ee6b9be-6ea5-4dbf-8780-7e22df0d7db7::1,All of their messages are extremely offensive which includes not only death threats but also derogatory terms,Patterns of behavior,Consistent offensive behavior,span,0,21,All of their messages,,Sun Sep 06 2026 17:30:15 GMT+0000 (Coordinated Universal Time),1,5,4.698,Suspend,42315,1,ai,3,73800e,2ee6b9be-6ea5-4dbf-8780-7e22df0d7db7
1,round 1,Alireza,2ee6b9be-6ea5-4dbf-8780-7e22df0d7db7::1,All of their messages are extremely offensive which includes not only death threats but also derogatory terms,Type of offensiveness,Hate speech and offensive language,span,0,45,All of their messages are extremely offensive,,Sun Sep 06 2026 17:29:59 GMT+0000 (Coordinated Universal Time),1,5,4.698,Suspend,42315,1,ai,3,73800e,2ee6b9be-6ea5-4dbf-8780-7e22df0d7db7
1,round 1,Alireza,2ee6b9be-6ea5-4dbf-8780-7e22df0d7db7::1,All of their messages are extremely offensive which includes not only death threats but also derogatory terms,Type of offensiveness,Death wish,span,70,83,death threats,,Sun Sep 06 2026 17:30:09 GMT+0000 (Coordinated Universal Time),1,5,4.698,Suspend,42315,1,ai,3,73800e,2ee6b9be-6ea5-4dbf-8780-7e22df0d7db7
1,round 1,Alireza,2ee6b9be-6ea5-4dbf-8780-7e22df0d7db7::1,All of their messages are extremely offensive which includes not only death threats but also derogatory terms,Type of offensiveness,Hate speech and offensive language,span,93,109,derogatory terms,,Sun Sep 06 2026 17:30:12 GMT+0000 (Coordinated Universal Time),1,5,4.698,Suspend,42315,1,ai,3,73800e,2ee6b9be-6ea5-4dbf-8780-7e22df0d7db7
1,round 1,Alireza,304298ef-5fc6-4f7c-b744-61b877e0cee7::1,It is extremely hateful,Type of offensiveness,Hate speech and offensive language,span,1,23,t is extremely hateful,,Tue Sep 01 2026 02:14:32 GMT+0000 (Coordinated Universal Time),1,4.98,6.75,Suspend,21354,1,crowd,1,93c6d3,304298ef-5fc6-4f7c-b744-61b877e0cee7
1,round 1,Alireza,30e22309-754e-4431-897d-e433d6a81eb9::2,Uses vulgar and offensive language to denigrate and insult individuals.  States clearly threatening action.,Type of offensiveness,Hate speech and offensive language,span,0,70,Uses vulgar and offensive language to denigrate and insult individuals,,Mon Sep 07 2026 19:06:47 GMT+0000 (Coordinated Universal Time),2,4.97,6.312,Suspend,23154,0.75,control,2,800376,30e22309-754e-4431-897d-e433d6a81eb9
1,round 1,Alireza,30e22309-754e-4431-897d-e433d6a81eb9::2,Uses vulgar and offensive language to denigrate and insult individuals.  States clearly threatening action.,Type of offensiveness,Threats of violence,span,73,107,States clearly threatening action.,,Mon Sep 07 2026 19:06:53 GMT+0000 (Coordinated Universal Time),2,4.97,6.312,Suspend,23154,0.75,control,2,800376,30e22309-754e-4431-897d-e433d6a81eb9
1,round 1,Alireza,3246c910-edc5-4a19-a587-0cbcced72c21::1,"Just clear slurs and pure hatred, zero reason to not suspend this account, this is literally indefensible.",Type of offensiveness,Hate speech and offensive language,span,0,32,Just clear slurs and pure hatred,,Tue Sep 01 2026 02:47:15 GMT+0000 (Coordinated Universal Time),1,5,2.869,Suspend,43512,1,crowd,3,e660af,3246c910-edc5-4a19-a587-0cbcced72c21
1,round 1,Alireza,3246c910-edc5-4a19-a587-0cbcced72c21::1,"Just clear slurs and pure hatred, zero reason to not suspend this account, this is literally indefensible.",Patterns of behavior,Consistent offensive behavior,span,34,106,"zero reason to not suspend this account, this is literally indefensible.",,Tue Sep 01 2026 02:47:24 GMT+0000 (Coordinated Universal Time),1,5,2.869,Suspend,43512,1,crowd,3,e660af,3246c910-edc5-4a19-a587-0cbcced72c21
1,round 1,Alireza,3246c910-edc5-4a19-a587-0cbcced72c21::5,"Nothing said here deserved a suspension, just seemed like a normal person updating on normal things.",Type of offensiveness,No offensive content,span,0,39,Nothing said here deserved a suspension,,Tue Sep 01 2026 02:46:50 GMT+0000 (Coordinated Universal Time),5,4.5,14.104,Do not suspend,43512,0,crowd,5,e660af,3246c910-edc5-4a19-a587-0cbcced72c21
1,round 1,Alireza,3246c910-edc5-4a19-a587-0cbcced72c21::5,"Nothing said here deserved a suspension, just seemed like a normal person updating on normal things.",Patterns of behavior,Normal behavior,span,41,100,just seemed like a normal person updating on normal things.,,Tue Sep 01 2026 02:46:44 GMT+0000 (Coordinated Universal Time),5,4.5,14.104,Do not suspend,43512,0,crowd,5,e660af,3246c910-edc5-4a19-a587-0cbcced72c21
1,round 1,Alireza,32be39db-f881-4abe-8804-3ca4460756e8::1,"A horrible hateful person, full of slurs and rude words",Justifications,Poster is a bad person,span,0,25,A horrible hateful person,,Sun Sep 06 2026 17:25:17 GMT+0000 (Coordinated Universal Time),1,5,4.662,Suspend,35241,1,control,3,054a45,32be39db-f881-4abe-8804-3ca4460756e8
1,round 1,Alireza,32be39db-f881-4abe-8804-3ca4460756e8::1,"A horrible hateful person, full of slurs and rude words",Type of offensiveness,Hate speech and offensive language,span,27,55,full of slurs and rude words,,Sun Sep 06 2026 17:24:09 GMT+0000 (Coordinated Universal Time),1,5,4.662,Suspend,35241,1,control,3,054a45,32be39db-f881-4abe-8804-3ca4460756e8
1,round 1,Alireza,32be39db-f881-4abe-8804-3ca4460756e8::2,"Everything about their posts is bad and wrong. Slurs, rude language, insults, nothing good !",Patterns of behavior,Consistent offensive behavior,span,0,45,Everything about their posts is bad and wrong,,Mon Sep 07 2026 18:41:01 GMT+0000 (Coordinated Universal Time),2,5,4.662,Suspend,35241,0.75,control,2,054a45,32be39db-f881-4abe-8804-3ca4460756e8
1,round 1,Alireza,32be39db-f881-4abe-8804-3ca4460756e8::2,"Everything about their posts is bad and wrong. Slurs, rude language, insults, nothing good !",Type of offensiveness,Hate speech and offensive language,span,47,92,"Slurs, rude language, insults, nothing good !",,Mon Sep 07 2026 18:41:06 GMT+0000 (Coordinated Universal Time),2,5,4.662,Suspend,35241,0.75,control,2,054a45,32be39db-f881-4abe-8804-3ca4460756e8
1,round 1,Alireza,33a7ec32-7245-4843-9294-2caeb54be5c0::1,Derogatory terms and the wishes of death of humans/animals.,Type of offensiveness,Hate speech and offensive language,span,0,16,Derogatory terms,,Sun Sep 06 2026 19:00:02 GMT+0000 (Coordinated Universal Time),1,5,7.467,Suspend,13254,1,control,2,469184,33a7ec32-7245-4843-9294-2caeb54be5c0
1,round 1,Alireza,33a7ec32-7245-4843-9294-2caeb54be5c0::1,Derogatory terms and the wishes of death of humans/animals.,Type of offensiveness,Death wish,span,25,59,wishes of death of humans/animals.,,Sun Sep 06 2026 19:00:06 GMT+0000 (Coordinated Universal Time),1,5,7.467,Suspend,13254,1,control,2,469184,33a7ec32-7245-4843-9294-2caeb54be5c0
1,round 1,Alireza,33a7ec32-7245-4843-9294-2caeb54be5c0::3,Derogatory remarks.,Type of offensiveness,Hate speech and offensive language,unit,,,,,Tue Sep 01 2026 00:51:29 GMT+0000 (Coordinated Universal Time),3,5,11.086,Suspend,13254,0.5,control,3,469184,33a7ec32-7245-4843-9294-2caeb54be5c0
1,round 1,Alireza,33a7ec32-7245-4843-9294-2caeb54be5c0::5,"No offensive remarks seen in any of the 4 messages, only positive or inquisitive ones.",Type of offensiveness,No offensive content,span,0,86,"No offensive remarks seen in any of the 4 messages, only positive or inquisitive ones.",,Sun Sep 06 2026 19:13:08 GMT+0000 (Coordinated Universal Time),5,5,4.817,Do not suspend,13254,0,control,4,469184,33a7ec32-7245-4843-9294-2caeb54be5c0
1,round 1,Alireza,3820a2cf-9127-4286-8f06-13a8111285e8::3,causes there is the usage of informal language,,comment too short and not sure what needs to be done,span,0,46,causes there is the usage of informal language,,Mon Sep 07 2026 19:02:40 GMT+0000 (Coordinated Universal Time),3,3.99,14.275,Suspend,25341,0.5,control,1,452a02,3820a2cf-9127-4286-8f06-13a8111285e8
1,round 1,Alireza,3820a2cf-9127-4286-8f06-13a8111285e8::4,cause the user use a formal language and there is no threats in the message,Patterns of behavior,Normal behavior,span,21,36,formal language,,Mon Sep 07 2026 14:49:01 GMT+0000 (Coordinated Universal Time),4,2.29,6.34,Do not suspend,25341,0.25,control,1,452a02,3820a2cf-9127-4286-8f06-13a8111285e8
1,round 1,Alireza,3820a2cf-9127-4286-8f06-13a8111285e8::4,cause the user use a formal language and there is no threats in the message,Type of offensiveness,No offensive content,span,41,75,there is no threats in the message,,Mon Sep 07 2026 14:49:05 GMT+0000 (Coordinated Universal Time),4,2.29,6.34,Do not suspend,25341,0.25,control,1,452a02,3820a2cf-9127-4286-8f06-13a8111285e8
1,round 1,Alireza,3820a2cf-9127-4286-8f06-13a8111285e8::5,cause the user use a formal language and there is no threats in the message,Type of offensiveness,No offensive content,span,41,75,there is no threats in the message,,Tue Sep 01 2026 01:00:00 GMT+0000 (Coordinated Universal Time),5,4.64,14.05,Do not suspend,25341,0,control,1,452a02,3820a2cf-9127-4286-8f06-13a8111285e8
1,round 1,Alireza,3887d13a-2522-48e4-930f-24545d0aeb9e::3,user is commentating about their experience and advising,Positive content,Personal opinions and thoughts,span,0,56,user is commentating about their experience and advising,,Tue Sep 01 2026 02:39:29 GMT+0000 (Coordinated Universal Time),3,4.03,7.387,Do not suspend,15432,0.5,control,2,a2e107,3887d13a-2522-48e4-930f-24545d0aeb9e
1,round 1,Alireza,39ab5a4c-c7ab-4268-8f50-8b8122d844ab::5,I did not find anything that a reasonable person would be offended by.,Type of offensiveness,No offensive content,span,0,70,I did not find anything that a reasonable person would be offended by.,,Tue Sep 01 2026 02:28:12 GMT+0000 (Coordinated Universal Time),5,3.98,4.096,Do not suspend,52431,0,crowd,4,732194,39ab5a4c-c7ab-4268-8f50-8b8122d844ab
1,round 1,Alireza,3a71a704-c4b8-415f-bd4d-ce52c8458a98::1,Ya this just didn't seem like it was going to get any better,,positive content,span,0,60,Ya this just didn't seem like it was going to get any better,,Sun Sep 06 2026 19:00:45 GMT+0000 (Coordinated Universal Time),1,5,2.866,Suspend,53241,1,crowd,1,937abe,3a71a704-c4b8-415f-bd4d-ce52c8458a98
1,round 1,Alireza,3a71a704-c4b8-415f-bd4d-ce52c8458a98::5,"This account has posts that seem genuine and supportive, probably indicative of someone who is level, civil, and not angry",Positive content,Calm and thoughtful,span,0,55,This account has posts that seem genuine and supportive,,Tue Sep 01 2026 02:40:48 GMT+0000 (Coordinated Universal Time),5,4.98,7.015,Do not suspend,53241,0,crowd,2,937abe,3a71a704-c4b8-415f-bd4d-ce52c8458a98
1,round 1,Alireza,3a71a704-c4b8-415f-bd4d-ce52c8458a98::5,"This account has posts that seem genuine and supportive, probably indicative of someone who is level, civil, and not angry",Justifications,Contextual understanding,span,57,122,"probably indicative of someone who is level, civil, and not angry",,Tue Sep 01 2026 02:41:07 GMT+0000 (Coordinated Universal Time),5,4.98,7.015,Do not suspend,53241,0,crowd,2,937abe,3a71a704-c4b8-415f-bd4d-ce52c8458a98
1,round 1,Alireza,3d2ab706-ff3e-4b33-b082-b66817a2dbef::1,The hatred and death wish expressed warrnat a suspension.,Type of offensiveness,Hate speech and offensive language,span,0,10,The hatred,,Tue Sep 01 2026 00:53:20 GMT+0000 (Coordinated Universal Time),1,4.84,3.713,Suspend,54312,1,control,2,102c7c,3d2ab706-ff3e-4b33-b082-b66817a2dbef
1,round 1,Alireza,3d2ab706-ff3e-4b33-b082-b66817a2dbef::1,The hatred and death wish expressed warrnat a suspension.,Type of offensiveness,Threats of violence,span,15,25,death wish,,Tue Sep 01 2026 00:53:00 GMT+0000 (Coordinated Universal Time),1,4.84,3.713,Suspend,54312,1,control,2,102c7c,3d2ab706-ff3e-4b33-b082-b66817a2dbef
1,round 1,Alireza,4087dea3-9032-4482-962a-3976a83c5ad7::4,Message 3 uses violent language and threats against another person.,Type of offensiveness,Hate speech and offensive language,span,0,31,Message 3 uses violent language,,Sun Sep 06 2026 18:57:43 GMT+0000 (Coordinated Universal Time),4,5,3.924,Suspend,24531,0.25,crowd,3,c23f5d,4087dea3-9032-4482-962a-3976a83c5ad7
1,round 1,Alireza,4087dea3-9032-4482-962a-3976a83c5ad7::4,Message 3 uses violent language and threats against another person.,Type of offensiveness,Threats of violence,span,32,67,and threats against another person.,,Sun Sep 06 2026 18:57:46 GMT+0000 (Coordinated Universal Time),4,5,3.924,Suspend,24531,0.25,crowd,3,c23f5d,4087dea3-9032-4482-962a-3976a83c5ad7
1,round 1,Alireza,4403b5d3-138f-46fd-8120-8fafc7639941::2,physical threat,Type of offensiveness,Threats of violence,span,0,15,physical threat,,Tue Sep 01 2026 01:48:13 GMT+0000 (Coordinated Universal Time),2,5,5.877,Suspend,43251,0.75,ai,1,ce86b5,4403b5d3-138f-46fd-8120-8fafc7639941
1,round 1,Alireza,4403b5d3-138f-46fd-8120-8fafc7639941::5,uplifting,Positive content,Calm and thoughtful,span,0,9,uplifting,,Tue Sep 01 2026 01:40:14 GMT+0000 (Coordinated Universal Time),5,5,5.035,Do not suspend,43251,0,ai,1,ce86b5,4403b5d3-138f-46fd-8120-8fafc7639941
1,round 1,Alireza,44c5e862-bfc8-45a3-921f-1ca8b6805aab::4,Contained several harmful messages,Type of offensiveness,Hate speech and offensive language,span,0,34,Contained several harmful messages,,Tue Sep 01 2026 01:26:13 GMT+0000 (Coordinated Universal Time),4,3.03,12.614,Suspend,43125,0.25,control,11,0964f8,44c5e862-bfc8-45a3-921f-1ca8b6805aab
1,round 1,Alireza,45cf4ff1-2f10-412c-9cc6-c6af7b830e2e::4,One message they are threatening to murder someone.,Type of offensiveness,Threats of violence,span,0,51,One message they are threatening to murder someone.,,Mon Sep 07 2026 19:08:49 GMT+0000 (Coordinated Universal Time),4,5,6.139,Suspend,34152,0.25,crowd,5,9fb5fb,45cf4ff1-2f10-412c-9cc6-c6af7b830e2e
1,round 1,Alireza,46f6bb91-10f9-48c8-aa76-72cd972429f8::1,The same type of offensive language as other accounts I would suspend,Type of offensiveness,Hate speech and offensive language,span,0,69,The same type of offensive language as other accounts I would suspend,,Sun Sep 06 2026 19:00:33 GMT+0000 (Coordinated Universal Time),1,5,4.318,Suspend,32145,1,control,3,0a5e9e,46f6bb91-10f9-48c8-aa76-72cd972429f8
1,round 1,Alireza,4984471b-9109-4812-8748-9c8e6fc829c0::2,This is so offensive like saying going to shoot.,Type of offensiveness,Hate speech and offensive language,span,0,48,This is so offensive like saying going to shoot.,,Sun Sep 06 2026 17:26:10 GMT+0000 (Coordinated Universal Time),2,5,2.582,Suspend,13452,0.75,control,1,f2cca1,4984471b-9109-4812-8748-9c8e6fc829c0
1,round 1,Alireza,4984471b-9109-4812-8748-9c8e6fc829c0::2,This is so offensive like saying going to shoot.,Type of offensiveness,Threats of violence,span,26,48,saying going to shoot.,,Sun Sep 06 2026 17:26:14 GMT+0000 (Coordinated Universal Time),2,5,2.582,Suspend,13452,0.75,control,1,f2cca1,4984471b-9109-4812-8748-9c8e6fc829c0
1,round 1,Alireza,4b65d56f-9409-4e89-8d59-32f2f92bf399::3,I don't think that negative comments specifically aimed at sexually are grounds for suspension.,Type of offensiveness,Hate speech and offensive language,span,2,67,don't think that negative comments specifically aimed at sexually,,Tue Sep 01 2026 02:28:28 GMT+0000 (Coordinated Universal Time),3,3.93,5.386,Do not suspend,23154,0.5,crowd,3,d5eb43,4b65d56f-9409-4e89-8d59-32f2f92bf399
1,round 1,Alireza,4b65d56f-9409-4e89-8d59-32f2f92bf399::3,I don't think that negative comments specifically aimed at sexually are grounds for suspension.,Justifications,Not too offensive,span,72,95,grounds for suspension.,,Tue Sep 01 2026 02:28:37 GMT+0000 (Coordinated Universal Time),3,3.93,5.386,Do not suspend,23154,0.5,crowd,3,d5eb43,4b65d56f-9409-4e89-8d59-32f2f92bf399
1,round 1,Alireza,4e3a6cce-8e2f-4408-96e1-71048af70adb::5,The messages in this account was sharing thoughts on issues and was not being offensive,Positive content,Personal opinions and thoughts,span,0,59,The messages in this account was sharing thoughts on issues,,Sun Sep 06 2026 17:17:28 GMT+0000 (Coordinated Universal Time),5,4.96,5.157,Do not suspend,35124,0,crowd,3,ad187b,4e3a6cce-8e2f-4408-96e1-71048af70adb
1,round 1,Alireza,4e3a6cce-8e2f-4408-96e1-71048af70adb::5,The messages in this account was sharing thoughts on issues and was not being offensive,Type of offensiveness,No offensive content,span,64,87,was not being offensive,,Sun Sep 06 2026 17:17:23 GMT+0000 (Coordinated Universal Time),5,4.96,5.157,Do not suspend,35124,0,crowd,3,ad187b,4e3a6cce-8e2f-4408-96e1-71048af70adb
1,round 1,Alireza,4e526fc5-8352-4bd3-93c1-c9e4a8d8e59c::1,they want everyone to die. very mean and cold hearted.,Type of offensiveness,Hate speech and offensive language,span,0,54,they want everyone to die. very mean and cold hearted.,,Sun Sep 06 2026 18:52:45 GMT+0000 (Coordinated Universal Time),1,5,8.233,Suspend,12534,1,crowd,2,9b2853,4e526fc5-8352-4bd3-93c1-c9e4a8d8e59c
1,round 1,Alireza,4e926ade-dd83-4dd9-8c60-ef3b6f8f5c0e::4,Although the offensive message was quite graphic it was unique among the other messages. While unfortunate it just wasn't enough to fully suspend the account.,Patterns of behavior,One-off offensive,span,0,88,Although the offensive message was quite graphic it was unique among the other messages.,,Sun Sep 06 2026 19:09:42 GMT+0000 (Coordinated Universal Time),4,3.06,5.718,Do not suspend,41253,0.25,control,6,561ba3,4e926ade-dd83-4dd9-8c60-ef3b6f8f5c0e
1,round 1,Alireza,4e926ade-dd83-4dd9-8c60-ef3b6f8f5c0e::4,Although the offensive message was quite graphic it was unique among the other messages. While unfortunate it just wasn't enough to fully suspend the account.,Justifications,Not too offensive,span,89,157,While unfortunate it just wasn't enough to fully suspend the account,,Sun Sep 06 2026 19:09:51 GMT+0000 (Coordinated Universal Time),4,3.06,5.718,Do not suspend,41253,0.25,control,6,561ba3,4e926ade-dd83-4dd9-8c60-ef3b6f8f5c0e
1,round 1,Alireza,4e926ade-dd83-4dd9-8c60-ef3b6f8f5c0e::5,"This account has a lot of everyday life observations and sharing, any interaction is stated in a respectable but direct way. Personal opinions are shared very openly but not in an aggressive or ""I'm right, you're wrong"" kind of way.",Patterns of behavior,Normal behavior,span,0,124,"This account has a lot of everyday life observations and sharing, any interaction is stated in a respectable but direct way.",,Tue Sep 01 2026 01:51:42 GMT+0000 (Coordinated Universal Time),5,5,4.154,Do not suspend,41253,0,control,6,561ba3,4e926ade-dd83-4dd9-8c60-ef3b6f8f5c0e
1,round 1,Alireza,4e926ade-dd83-4dd9-8c60-ef3b6f8f5c0e::5,"This account has a lot of everyday life observations and sharing, any interaction is stated in a respectable but direct way. Personal opinions are shared very openly but not in an aggressive or ""I'm right, you're wrong"" kind of way.",Positive content,Personal opinions and thoughts,span,125,142,Personal opinions,,Tue Sep 01 2026 01:51:58 GMT+0000 (Coordinated Universal Time),5,5,4.154,Do not suspend,41253,0,control,6,561ba3,4e926ade-dd83-4dd9-8c60-ef3b6f8f5c0e
1,round 1,Alireza,4ed5e9b1-5022-4acc-8c91-77a3a602831a::4,"I reviewed 8 messages, and only 2 were offensive. In those 2 messages they kept saying that they were going to kill whoever they were talking to. I should have reviewed more to see if that type of communication continued. If so, a definite suspend.",Type of offensiveness,Death wish,span,80,144,saying that they were going to kill whoever they were talking to,,Tue Sep 01 2026 01:31:24 GMT+0000 (Coordinated Universal Time),4,3.27,10.086,Do not suspend,25314,0.25,ai,8,b39042,4ed5e9b1-5022-4acc-8c91-77a3a602831a
1,round 1,Alireza,4ed5e9b1-5022-4acc-8c91-77a3a602831a::4,"I reviewed 8 messages, and only 2 were offensive. In those 2 messages they kept saying that they were going to kill whoever they were talking to. I should have reviewed more to see if that type of communication continued. If so, a definite suspend.",Decision outcomes,Ban if behavior continues,span,146,248,"I should have reviewed more to see if that type of communication continued. If so, a definite suspend.",,Tue Sep 01 2026 01:32:22 GMT+0000 (Coordinated Universal Time),4,3.27,10.086,Do not suspend,25314,0.25,ai,8,b39042,4ed5e9b1-5022-4acc-8c91-77a3a602831a
1,round 1,Alireza,4ed5e9b1-5022-4acc-8c91-77a3a602831a::5,None of their conversations were offensive. No reason to suspend account.,Type of offensiveness,No offensive content,unit,,,,,Sun Sep 06 2026 19:03:57 GMT+0000 (Coordinated Universal Time),5,4.64,5.885,Do not suspend,25314,0,ai,4,b39042,4ed5e9b1-5022-4acc-8c91-77a3a602831a
1,round 1,Alireza,4f735381-9724-44b2-9342-ac59dc98703b::4,I was really unsure whether to suspend or not with this account. I don't feel confident I made the right decision so I would lower my confidence rereading these messages. It was hard to understand the context.,Reflection on the decision,Expressed uncertainty,span,0,64,I was really unsure whether to suspend or not with this account.,,Sun Sep 06 2026 19:14:49 GMT+0000 (Coordinated Universal Time),4,2.5,9.285,Do not suspend,51342,0.25,crowd,8,8769ae,4f735381-9724-44b2-9342-ac59dc98703b
1,round 1,Alireza,4f735381-9724-44b2-9342-ac59dc98703b::4,I was really unsure whether to suspend or not with this account. I don't feel confident I made the right decision so I would lower my confidence rereading these messages. It was hard to understand the context.,Reflection on the decision,Would revise the decision,span,65,170,I don't feel confident I made the right decision so I would lower my confidence rereading these messages.,,Sun Sep 06 2026 19:15:00 GMT+0000 (Coordinated Universal Time),4,2.5,9.285,Do not suspend,51342,0.25,crowd,8,8769ae,4f735381-9724-44b2-9342-ac59dc98703b
1,round 1,Alireza,4f735381-9724-44b2-9342-ac59dc98703b::4,I was really unsure whether to suspend or not with this account. I don't feel confident I made the right decision so I would lower my confidence rereading these messages. It was hard to understand the context.,Justifications,Contextual understanding,span,172,209,t was hard to understand the context.,,Sun Sep 06 2026 19:15:04 GMT+0000 (Coordinated Universal Time),4,2.5,9.285,Do not suspend,51342,0.25,crowd,8,8769ae,4f735381-9724-44b2-9342-ac59dc98703b
1,round 1,Alireza,50b6bc56-df8e-42b4-abb9-bec6b425670e::3,"Account 5 had mixed offensive and non-offensive messages, however, the severity of the offensive ones greatly outweigh the non-offensive ones. This is because the messages contain homophobic slurs, brutally insulting someone's family, and racism.",Patterns of behavior,Mix of offensive and non-offensive,span,0,56,Account 5 had mixed offensive and non-offensive messages,,Sun Sep 06 2026 18:55:01 GMT+0000 (Coordinated Universal Time),3,4.62,4.628,Suspend,12453,0.5,ai,5,d9dcab,50b6bc56-df8e-42b4-abb9-bec6b425670e
1,round 1,Alireza,50b6bc56-df8e-42b4-abb9-bec6b425670e::3,"Account 5 had mixed offensive and non-offensive messages, however, the severity of the offensive ones greatly outweigh the non-offensive ones. This is because the messages contain homophobic slurs, brutally insulting someone's family, and racism.",Type of offensiveness,Extreme offensive,span,58,141,"however, the severity of the offensive ones greatly outweigh the non-offensive ones",,Sun Sep 06 2026 18:55:10 GMT+0000 (Coordinated Universal Time),3,4.62,4.628,Suspend,12453,0.5,ai,5,d9dcab,50b6bc56-df8e-42b4-abb9-bec6b425670e
1,round 1,Alireza,50b6bc56-df8e-42b4-abb9-bec6b425670e::3,"Account 5 had mixed offensive and non-offensive messages, however, the severity of the offensive ones greatly outweigh the non-offensive ones. This is because the messages contain homophobic slurs, brutally insulting someone's family, and racism.",Type of offensiveness,Hate speech and offensive language,span,143,246,"This is because the messages contain homophobic slurs, brutally insulting someone's family, and racism.",,Sun Sep 06 2026 18:55:15 GMT+0000 (Coordinated Universal Time),3,4.62,4.628,Suspend,12453,0.5,ai,5,d9dcab,50b6bc56-df8e-42b4-abb9-bec6b425670e
1,round 1,Alireza,50b6bc56-df8e-42b4-abb9-bec6b425670e::5,Account 4 did not contain any offensive messages from the 5 messages that were shown. Each message was also given a high confidence level above 4.5 for non-offensive.,Type of offensiveness,No offensive content,span,0,85,Account 4 did not contain any offensive messages from the 5 messages that were shown.,,Tue Sep 01 2026 01:52:13 GMT+0000 (Coordinated Universal Time),5,4.8,4.759,Do not suspend,12453,0,ai,5,d9dcab,50b6bc56-df8e-42b4-abb9-bec6b425670e
1,round 1,Alireza,524a640d-323a-46ab-8efd-9af2c6c29d5b::4,"Message three threatened to murder someone. And ""retard"" is a derogatory word.",Type of offensiveness,Threats of violence,span,0,42,Message three threatened to murder someone,,Sun Sep 06 2026 19:01:55 GMT+0000 (Coordinated Universal Time),4,5,7.076,Suspend,41253,0.25,crowd,3,fb5350,524a640d-323a-46ab-8efd-9af2c6c29d5b
1,round 1,Alireza,524a640d-323a-46ab-8efd-9af2c6c29d5b::4,"Message three threatened to murder someone. And ""retard"" is a derogatory word.",Type of offensiveness,Hate speech and offensive language,span,44,78,"And ""retard"" is a derogatory word.",,Sun Sep 06 2026 19:01:59 GMT+0000 (Coordinated Universal Time),4,5,7.076,Suspend,41253,0.25,crowd,3,fb5350,524a640d-323a-46ab-8efd-9af2c6c29d5b
1,round 1,Alireza,529595bf-86c8-4a2d-9ffb-8cc14acc2958::1,Multiple offensive posts in a row.,Patterns of behavior,Consistent offensive behavior,span,0,34,Multiple offensive posts in a row.,,Tue Sep 01 2026 01:28:40 GMT+0000 (Coordinated Universal Time),1,4.92,3.491,Suspend,25134,1,ai,3,8f4166,529595bf-86c8-4a2d-9ffb-8cc14acc2958
1,round 1,Alireza,53e65e49-04a3-4a91-be60-32e26d65f88c::5,I read a sample of 5 messages from this account and none were offensive.,Type of offensiveness,No offensive content,span,52,72,none were offensive.,,Tue Sep 01 2026 01:26:21 GMT+0000 (Coordinated Universal Time),5,5,3.906,Do not suspend,15423,0,crowd,5,216a19,53e65e49-04a3-4a91-be60-32e26d65f88c
1,round 1,Alireza,563c29ae-5957-43e7-8456-64668a5f47c8::2,I should have just clicked suspend after the first message. But violence in message 1 plus slurs in message 2 is more than enough for me.,Patterns of behavior,Consistent offensive behavior,span,0,137,I should have just clicked suspend after the first message. But violence in message 1 plus slurs in message 2 is more than enough for me.,,Tue Sep 01 2026 01:51:19 GMT+0000 (Coordinated Universal Time),2,5,11.639,Suspend,54132,0.75,crowd,2,c4c32d,563c29ae-5957-43e7-8456-64668a5f47c8
1,round 1,Alireza,563c29ae-5957-43e7-8456-64668a5f47c8::2,I should have just clicked suspend after the first message. But violence in message 1 plus slurs in message 2 is more than enough for me.,Type of offensiveness,Threats of violence,span,60,72,But violence,,Tue Sep 01 2026 01:51:12 GMT+0000 (Coordinated Universal Time),2,5,11.639,Suspend,54132,0.75,crowd,2,c4c32d,563c29ae-5957-43e7-8456-64668a5f47c8
1,round 1,Alireza,563c29ae-5957-43e7-8456-64668a5f47c8::2,I should have just clicked suspend after the first message. But violence in message 1 plus slurs in message 2 is more than enough for me.,Type of offensiveness,Hate speech and offensive language,span,91,96,slurs,,Tue Sep 01 2026 01:51:16 GMT+0000 (Coordinated Universal Time),2,5,11.639,Suspend,54132,0.75,crowd,2,c4c32d,563c29ae-5957-43e7-8456-64668a5f47c8
1,round 1,Alireza,563c29ae-5957-43e7-8456-64668a5f47c8::3,"Double slur on the very first message, easy call for suspension. No need to see more.",Type of offensiveness,Hate speech and offensive language,span,0,63,"Double slur on the very first message, easy call for suspension",,Tue Sep 01 2026 01:29:09 GMT+0000 (Coordinated Universal Time),3,5,3.629,Suspend,54132,0.5,crowd,1,c4c32d,563c29ae-5957-43e7-8456-64668a5f47c8
1,round 1,Alireza,56d821b6-60da-437e-b2c3-f1b67d769d39::3,"The user made comments toward another user, berating them and using slurs against the LGBTQ+ community.",Type of offensiveness,Hate speech and offensive language,span,0,103,"The user made comments toward another user, berating them and using slurs against the LGBTQ+ community.",,Sun Sep 06 2026 17:25:42 GMT+0000 (Coordinated Universal Time),3,5,5.569,Suspend,43215,0.5,ai,1,d7c93f,56d821b6-60da-437e-b2c3-f1b67d769d39
1,round 1,Alireza,58d77f08-39c7-454e-b6da-eb275ae18302::3,Bullying behavior. Derogatory hate speech (f**got). Racism.,Type of offensiveness,Hate speech and offensive language,span,0,17,Bullying behavior,,Tue Sep 01 2026 02:38:47 GMT+0000 (Coordinated Universal Time),3,4.5,7.718,Suspend,24153,0.5,crowd,5,6df083,58d77f08-39c7-454e-b6da-eb275ae18302
1,round 1,Alireza,5ae2ec2f-6040-40ee-95d6-7d6476f4878e::3,"5 of 9 comments were offensive, which is way too many.  I might have let it slide with 1 or 2 tops, but this user was suspended as they clearly show a repeat pattern for offensive messages.",Patterns of behavior,Majority offesnive,span,0,30,5 of 9 comments were offensive,,Mon Sep 07 2026 19:05:20 GMT+0000 (Coordinated Universal Time),3,5,11.911,Suspend,35421,0.5,crowd,9,521dcb,5ae2ec2f-6040-40ee-95d6-7d6476f4878e
1,round 1,Alireza,5ae2ec2f-6040-40ee-95d6-7d6476f4878e::3,"5 of 9 comments were offensive, which is way too many.  I might have let it slide with 1 or 2 tops, but this user was suspended as they clearly show a repeat pattern for offensive messages.",Patterns of behavior,Consistent offensive behavior,span,100,189,but this user was suspended as they clearly show a repeat pattern for offensive messages.,,Mon Sep 07 2026 19:05:31 GMT+0000 (Coordinated Universal Time),3,5,11.911,Suspend,35421,0.5,crowd,9,521dcb,5ae2ec2f-6040-40ee-95d6-7d6476f4878e
1,round 1,Alireza,5bcd81ba-db12-4a52-b9f6-16e94d8405ad::1,does not contribute to positive environment i'd like to see in an online community. use of highly derogatory and discriminatory language.,Type of offensiveness,Hate speech and offensive language,unit,,,,,Sun Sep 06 2026 19:07:56 GMT+0000 (Coordinated Universal Time),1,4.07,8.389,Suspend,21435,1,crowd,4,a8e902,5bcd81ba-db12-4a52-b9f6-16e94d8405ad
1,round 1,Alireza,5bcd81ba-db12-4a52-b9f6-16e94d8405ad::1,does not contribute to positive environment i'd like to see in an online community. use of highly derogatory and discriminatory language.,Decision outcomes,Consequences beyond suspencion,span,0,83,does not contribute to positive environment i'd like to see in an online community.,,Sun Sep 06 2026 19:08:07 GMT+0000 (Coordinated Universal Time),1,4.07,8.389,Suspend,21435,1,crowd,4,a8e902,5bcd81ba-db12-4a52-b9f6-16e94d8405ad
1,round 1,Alireza,5bcd81ba-db12-4a52-b9f6-16e94d8405ad::4,I think the comments about blocking is acceptable but death threats are certainly not. I would give this person a warning or tempororary ban as this is a one-off occurrence but I see their future posts are less offensive.,Type of offensiveness,Threats of violence,span,54,85,death threats are certainly not,,Tue Sep 01 2026 01:00:13 GMT+0000 (Coordinated Universal Time),4,2.11,10.687,Do not suspend,21435,0.25,crowd,5,a8e902,5bcd81ba-db12-4a52-b9f6-16e94d8405ad
1,round 1,Alireza,5bcd81ba-db12-4a52-b9f6-16e94d8405ad::4,I think the comments about blocking is acceptable but death threats are certainly not. I would give this person a warning or tempororary ban as this is a one-off occurrence but I see their future posts are less offensive.,Decision outcomes,Temporary suspension,span,114,121,warning,,Tue Sep 01 2026 01:14:47 GMT+0000 (Coordinated Universal Time),4,2.11,10.687,Do not suspend,21435,0.25,crowd,5,a8e902,5bcd81ba-db12-4a52-b9f6-16e94d8405ad
1,round 1,Alireza,5bcd81ba-db12-4a52-b9f6-16e94d8405ad::4,I think the comments about blocking is acceptable but death threats are certainly not. I would give this person a warning or tempororary ban as this is a one-off occurrence but I see their future posts are less offensive.,Decision outcomes,Temporary suspension,span,125,140,tempororary ban,,Tue Sep 01 2026 01:14:54 GMT+0000 (Coordinated Universal Time),4,2.11,10.687,Do not suspend,21435,0.25,crowd,5,a8e902,5bcd81ba-db12-4a52-b9f6-16e94d8405ad
1,round 1,Alireza,5bcd81ba-db12-4a52-b9f6-16e94d8405ad::4,I think the comments about blocking is acceptable but death threats are certainly not. I would give this person a warning or tempororary ban as this is a one-off occurrence but I see their future posts are less offensive.,Patterns of behavior,One-off offensive,span,144,172,this is a one-off occurrence,,Tue Sep 01 2026 01:00:30 GMT+0000 (Coordinated Universal Time),4,2.11,10.687,Do not suspend,21435,0.25,crowd,5,a8e902,5bcd81ba-db12-4a52-b9f6-16e94d8405ad
1,round 1,Alireza,5cc4bd9f-bb5f-4846-bd05-fdd182058a61::4,There is only one suspicious message. I would let him off with a warning instead of suspension. That is why i am not confident with the suspension.,Patterns of behavior,One-off offensive,span,0,37,There is only one suspicious message.,,Sun Sep 06 2026 19:06:23 GMT+0000 (Coordinated Universal Time),4,2.02,3.285,Suspend,53124,0.25,control,6,4.38E+40,5cc4bd9f-bb5f-4846-bd05-fdd182058a61
1,round 1,Alireza,5cc4bd9f-bb5f-4846-bd05-fdd182058a61::4,There is only one suspicious message. I would let him off with a warning instead of suspension. That is why i am not confident with the suspension.,Decision outcomes,Ban if behavior continues,span,38,95,I would let him off with a warning instead of suspension.,,Sun Sep 06 2026 19:06:40 GMT+0000 (Coordinated Universal Time),4,2.02,3.285,Suspend,53124,0.25,control,6,4.38E+40,5cc4bd9f-bb5f-4846-bd05-fdd182058a61
1,round 1,Alireza,5cc4bd9f-bb5f-4846-bd05-fdd182058a61::4,There is only one suspicious message. I would let him off with a warning instead of suspension. That is why i am not confident with the suspension.,Reflection on the decision,Expressed uncertainty,span,96,147,That is why i am not confident with the suspension.,,Sun Sep 06 2026 19:06:31 GMT+0000 (Coordinated Universal Time),4,2.02,3.285,Suspend,53124,0.25,control,6,4.38E+40,5cc4bd9f-bb5f-4846-bd05-fdd182058a61
1,round 1,Alireza,5cc4bd9f-bb5f-4846-bd05-fdd182058a61::5,Looks like someone expressing their thoughts online. No reason to suspend them.,Positive content,Personal opinions and thoughts,span,0,52,Looks like someone expressing their thoughts online.,,Mon Sep 07 2026 19:03:06 GMT+0000 (Coordinated Universal Time),5,4.39,5.579,Do not suspend,53124,0,control,2,4.38E+40,5cc4bd9f-bb5f-4846-bd05-fdd182058a61
1,round 1,Alireza,5d63ec35-004a-47d7-8b6a-cab773657401::2,Account 4 used offensive language and threatened to shoot someone.,Type of offensiveness,Hate speech and offensive language,span,10,33,used offensive language,,Tue Sep 01 2026 01:29:23 GMT+0000 (Coordinated Universal Time),2,4,3.889,Suspend,41523,0.75,ai,2,d12f38,5d63ec35-004a-47d7-8b6a-cab773657401
1,round 1,Alireza,5d63ec35-004a-47d7-8b6a-cab773657401::2,Account 4 used offensive language and threatened to shoot someone.,Type of offensiveness,Threats of violence,span,38,66,threatened to shoot someone.,,Tue Sep 01 2026 01:29:19 GMT+0000 (Coordinated Universal Time),2,4,3.889,Suspend,41523,0.75,ai,2,d12f38,5d63ec35-004a-47d7-8b6a-cab773657401
1,round 1,Alireza,5da998f3-ab70-4dbb-9b1e-1d1008e85512::1,This is mean spirited and contains a slur against one's sexual preference--it's not ok to post and should be suspended.,Type of offensiveness,Hate speech and offensive language,span,0,73,This is mean spirited and contains a slur against one's sexual preference,,Tue Sep 01 2026 02:11:58 GMT+0000 (Coordinated Universal Time),1,4.01,7.168,Suspend,45132,1,control,1,18974,5da998f3-ab70-4dbb-9b1e-1d1008e85512
1,round 1,Alireza,5da998f3-ab70-4dbb-9b1e-1d1008e85512::4,"The first two messages were fine, but the third included a threat of violence, which is not ok.",Type of offensiveness,No offensive content,span,0,32,The first two messages were fine,,Tue Sep 01 2026 00:50:41 GMT+0000 (Coordinated Universal Time),4,4.62,8.95,Suspend,45132,0.25,control,3,18974,5da998f3-ab70-4dbb-9b1e-1d1008e85512
1,round 1,Alireza,5da998f3-ab70-4dbb-9b1e-1d1008e85512::4,"The first two messages were fine, but the third included a threat of violence, which is not ok.",Type of offensiveness,Threats of violence,span,59,77,threat of violence,,Tue Sep 01 2026 00:50:47 GMT+0000 (Coordinated Universal Time),4,4.62,8.95,Suspend,45132,0.25,control,3,18974,5da998f3-ab70-4dbb-9b1e-1d1008e85512
1,round 1,Alireza,5fa0a5ae-8e5c-43ae-947c-848d3b281fe9::4,None,Type of offensiveness,No offensive content,span,0,4,None,,Sun Sep 06 2026 19:11:19 GMT+0000 (Coordinated Universal Time),4,3.97,4.932,Do not suspend,34521,0.25,control,1,3b85e4,5fa0a5ae-8e5c-43ae-947c-848d3b281fe9
1,round 1,Alireza,6345c27e-67b9-40fa-984f-23f888d18b3a::3,"Using the r and f slur to talk about other people, calling a group of people terrorists based on ethnicity.",Type of offensiveness,Hate speech and offensive language,span,0,49,Using the r and f slur to talk about other people,,Sun Sep 06 2026 18:51:58 GMT+0000 (Coordinated Universal Time),3,5,2.774,Suspend,45123,0.5,crowd,5,bbb741,6345c27e-67b9-40fa-984f-23f888d18b3a
1,round 1,Alireza,6345c27e-67b9-40fa-984f-23f888d18b3a::3,"Using the r and f slur to talk about other people, calling a group of people terrorists based on ethnicity.",Type of offensiveness,Hate speech and offensive language,span,51,107,calling a group of people terrorists based on ethnicity.,,Sun Sep 06 2026 18:52:01 GMT+0000 (Coordinated Universal Time),3,5,2.774,Suspend,45123,0.5,crowd,5,bbb741,6345c27e-67b9-40fa-984f-23f888d18b3a
1,round 1,Alireza,64706c0b-1c60-483f-994b-a6f8c2f511f7::5,There was nothing offensive in the messages at all so for me it was pretty much a no brainer not to suspend this one,Type of offensiveness,No offensive content,span,0,116,There was nothing offensive in the messages at all so for me it was pretty much a no brainer not to suspend this one,,Mon Sep 07 2026 19:11:50 GMT+0000 (Coordinated Universal Time),5,4.84,10.829,Do not suspend,14352,0,control,2,925597,64706c0b-1c60-483f-994b-a6f8c2f511f7
1,round 1,Alireza,65faf6c6-8d8a-469e-9226-d40798608971::2,"Account explicitly made death threats, which should probably not be tolerated.",Type of offensiveness,Death wish,span,0,38,"Account explicitly made death threats,",,Tue Sep 01 2026 01:31:03 GMT+0000 (Coordinated Universal Time),2,1.97,6.326,Suspend,53214,0.75,control,4,09a182,65faf6c6-8d8a-469e-9226-d40798608971
1,round 1,Alireza,66cbbbc9-3a65-4a6b-920e-f98a52b29a72::1,The account used multiple slurs and told someone to die. This is offensive.,Type of offensiveness,Hate speech and offensive language,span,4,31,account used multiple slurs,,Sun Sep 06 2026 19:00:57 GMT+0000 (Coordinated Universal Time),1,3.51,15.903,Suspend,15342,1,control,5,3be8ed,66cbbbc9-3a65-4a6b-920e-f98a52b29a72
1,round 1,Alireza,66cbbbc9-3a65-4a6b-920e-f98a52b29a72::1,The account used multiple slurs and told someone to die. This is offensive.,Type of offensiveness,Death wish,span,36,55,told someone to die,,Sun Sep 06 2026 19:01:04 GMT+0000 (Coordinated Universal Time),1,3.51,15.903,Suspend,15342,1,control,5,3be8ed,66cbbbc9-3a65-4a6b-920e-f98a52b29a72
1,round 1,Alireza,67f32881-9a20-4c5a-839b-3e62b21f5f3f::1,this is an offensive statement regardless of whatever you have against homosexuals you're not in any position to say this,Type of offensiveness,Hate speech and offensive language,span,0,30,this is an offensive statement,,Mon Sep 07 2026 18:41:27 GMT+0000 (Coordinated Universal Time),1,5,5.837,Suspend,52143,1,control,1,ecf477,67f32881-9a20-4c5a-839b-3e62b21f5f3f
1,round 1,Alireza,67f32881-9a20-4c5a-839b-3e62b21f5f3f::1,this is an offensive statement regardless of whatever you have against homosexuals you're not in any position to say this,Type of offensiveness,Hate speech and offensive language,span,45,121,whatever you have against homosexuals you're not in any position to say this,,Mon Sep 07 2026 18:41:34 GMT+0000 (Coordinated Universal Time),1,5,5.837,Suspend,52143,1,control,1,ecf477,67f32881-9a20-4c5a-839b-3e62b21f5f3f
1,round 1,Alireza,67f32881-9a20-4c5a-839b-3e62b21f5f3f::2,this is absolutely offensive hateful speech and extremely graphic talk. account should be suspended immediately.,Type of offensiveness,Hate speech and offensive language,span,0,43,this is absolutely offensive hateful speech,,Sun Sep 06 2026 19:11:11 GMT+0000 (Coordinated Universal Time),2,5,5.758,Suspend,52143,0.75,control,1,ecf477,67f32881-9a20-4c5a-839b-3e62b21f5f3f
1,round 1,Alireza,67f32881-9a20-4c5a-839b-3e62b21f5f3f::2,this is absolutely offensive hateful speech and extremely graphic talk. account should be suspended immediately.,Type of offensiveness,Extreme offensive,span,48,70,extremely graphic talk,,Sun Sep 06 2026 19:11:14 GMT+0000 (Coordinated Universal Time),2,5,5.758,Suspend,52143,0.75,control,1,ecf477,67f32881-9a20-4c5a-839b-3e62b21f5f3f
1,round 1,Alireza,688b4ffc-e168-4496-bcf5-d42b90f45df5::1,This is another case of immaturity at its best. This should be banned by that fact alone. Too young to have an account.,Justifications,Contextual understanding,span,0,47,This is another case of immaturity at its best.,,Sun Sep 06 2026 17:20:45 GMT+0000 (Coordinated Universal Time),1,4.99,5.247,Suspend,21435,1,ai,3,5c5165,688b4ffc-e168-4496-bcf5-d42b90f45df5
1,round 1,Alireza,688b4ffc-e168-4496-bcf5-d42b90f45df5::1,This is another case of immaturity at its best. This should be banned by that fact alone. Too young to have an account.,Justifications,Contextual understanding,span,90,119,Too young to have an account.,,Sun Sep 06 2026 17:20:06 GMT+0000 (Coordinated Universal Time),1,4.99,5.247,Suspend,21435,1,ai,3,5c5165,688b4ffc-e168-4496-bcf5-d42b90f45df5
1,round 1,Alireza,688b4ffc-e168-4496-bcf5-d42b90f45df5::5,Seems like the information is being shared freely and without being bragadocious in the least. Refreshing to read.,Positive content,Calm and thoughtful,span,0,94,Seems like the information is being shared freely and without being bragadocious in the least.,,Tue Sep 01 2026 02:47:03 GMT+0000 (Coordinated Universal Time),5,4.97,6.091,Do not suspend,21435,0,ai,7,5c5165,688b4ffc-e168-4496-bcf5-d42b90f45df5
1,round 1,Alireza,6a764ff8-ce26-423a-991a-3f0441334cb2::3,Racist person using derogatory terms to others.,Type of offensiveness,Hate speech and offensive language,span,0,46,Racist person using derogatory terms to others,,Tue Sep 01 2026 01:36:07 GMT+0000 (Coordinated Universal Time),3,4.28,3.103,Suspend,54213,0.5,control,5,57a13d,6a764ff8-ce26-423a-991a-3f0441334cb2
1,round 1,Alireza,6bc4283c-9cd6-4957-9328-c93dc190f7db::4,They made a direct threat to kill someone. That's never acceptable.,Type of offensiveness,Threats of violence,span,0,42,They made a direct threat to kill someone.,,Sun Sep 06 2026 19:13:14 GMT+0000 (Coordinated Universal Time),4,5,5.006,Suspend,43152,0.25,crowd,3,06776a,6bc4283c-9cd6-4957-9328-c93dc190f7db
1,round 1,Alireza,6e5edcdb-3654-47f7-a499-a7e6271837d1::1,its rude,Type of offensiveness,Hate speech and offensive language,unit,,,,,Tue Sep 01 2026 01:28:36 GMT+0000 (Coordinated Universal Time),1,4.98,9.194,Suspend,12453,1,crowd,2,b9df69,6e5edcdb-3654-47f7-a499-a7e6271837d1
1,round 1,Alireza,6e7a7057-f148-4953-84be-d55e7efdcaee::2,I decided to suspend this account because this user consistently sent offensive messages.,Patterns of behavior,Consistent offensive behavior,span,42,88,this user consistently sent offensive messages,,Tue Sep 01 2026 00:53:40 GMT+0000 (Coordinated Universal Time),2,4.99,4.514,Suspend,15342,0.75,ai,2,c28f49,6e7a7057-f148-4953-84be-d55e7efdcaee
1,round 1,Alireza,704459ee-5e8c-4586-8ecf-f919a325043f::3,The owner of this account was extremely homophobic and racist. I'm no stranger to content moderation online and operate with a three strike policy. This guy had those strikes and then some probably.,Type of offensiveness,Hate speech and offensive language,span,0,62,The owner of this account was extremely homophobic and racist.,,Mon Sep 07 2026 19:10:40 GMT+0000 (Coordinated Universal Time),3,3.99,5.911,Suspend,53214,0.5,ai,5,5f17ec,704459ee-5e8c-4586-8ecf-f919a325043f
1,round 1,Alireza,704459ee-5e8c-4586-8ecf-f919a325043f::3,The owner of this account was extremely homophobic and racist. I'm no stranger to content moderation online and operate with a three strike policy. This guy had those strikes and then some probably.,Patterns of behavior,Consistent offensive behavior,span,63,147,I'm no stranger to content moderation online and operate with a three strike policy.,,Mon Sep 07 2026 19:10:53 GMT+0000 (Coordinated Universal Time),3,3.99,5.911,Suspend,53214,0.5,ai,5,5f17ec,704459ee-5e8c-4586-8ecf-f919a325043f
1,round 1,Alireza,704459ee-5e8c-4586-8ecf-f919a325043f::3,The owner of this account was extremely homophobic and racist. I'm no stranger to content moderation online and operate with a three strike policy. This guy had those strikes and then some probably.,Patterns of behavior,Consistent offensive behavior,span,148,198,This guy had those strikes and then some probably.,,Mon Sep 07 2026 19:10:51 GMT+0000 (Coordinated Universal Time),3,3.99,5.911,Suspend,53214,0.5,ai,5,5f17ec,704459ee-5e8c-4586-8ecf-f919a325043f
1,round 1,Alireza,709e0d0c-1354-43ff-a628-ef4a2981b0c8::1,They were calling other people offensive names and wishing/threatening death.,Type of offensiveness,Hate speech and offensive language,span,0,46,They were calling other people offensive names,,Sun Sep 06 2026 19:01:14 GMT+0000 (Coordinated Universal Time),1,5,4.023,Suspend,51243,1,crowd,2,c5d1c3,709e0d0c-1354-43ff-a628-ef4a2981b0c8
1,round 1,Alireza,709e0d0c-1354-43ff-a628-ef4a2981b0c8::1,They were calling other people offensive names and wishing/threatening death.,Type of offensiveness,Death wish,span,51,77,wishing/threatening death.,,Sun Sep 06 2026 19:01:30 GMT+0000 (Coordinated Universal Time),1,5,4.023,Suspend,51243,1,crowd,2,c5d1c3,709e0d0c-1354-43ff-a628-ef4a2981b0c8
1,round 1,Alireza,7342e424-a70e-4456-b4b2-ca7f432c785c::4,"Severity of the Message: The language used is highly derogatory and threatening. Such messages are not only offensive but also potentially harmful, and they create a hostile environment. The intent behind the message is clear: to insult and threaten,",Type of offensiveness,Hate speech and offensive language,span,25,63,The language used is highly derogatory,,Tue Sep 01 2026 02:12:48 GMT+0000 (Coordinated Universal Time),4,2.44,3.17,Do not suspend,51432,0.25,control,1,7095f7,7342e424-a70e-4456-b4b2-ca7f432c785c
1,round 1,Alireza,7342e424-a70e-4456-b4b2-ca7f432c785c::4,"Severity of the Message: The language used is highly derogatory and threatening. Such messages are not only offensive but also potentially harmful, and they create a hostile environment. The intent behind the message is clear: to insult and threaten,",Type of offensiveness,Threats of violence,span,68,79,threatening,,Tue Sep 01 2026 02:12:50 GMT+0000 (Coordinated Universal Time),4,2.44,3.17,Do not suspend,51432,0.25,control,1,7095f7,7342e424-a70e-4456-b4b2-ca7f432c785c
1,round 1,Alireza,7342e424-a70e-4456-b4b2-ca7f432c785c::4,"Severity of the Message: The language used is highly derogatory and threatening. Such messages are not only offensive but also potentially harmful, and they create a hostile environment. The intent behind the message is clear: to insult and threaten,",Justifications,negative consequences,span,82,115,uch messages are not only offensi,,Tue Sep 01 2026 02:14:23 GMT+0000 (Coordinated Universal Time),4,2.44,3.17,Do not suspend,51432,0.25,control,1,7095f7,7342e424-a70e-4456-b4b2-ca7f432c785c
1,round 1,Alireza,7342e424-a70e-4456-b4b2-ca7f432c785c::4,"Severity of the Message: The language used is highly derogatory and threatening. Such messages are not only offensive but also potentially harmful, and they create a hostile environment. The intent behind the message is clear: to insult and threaten,",Justifications,Appeal to intent,span,227,250,"to insult and threaten,",,Tue Sep 01 2026 02:13:10 GMT+0000 (Coordinated Universal Time),4,2.44,3.17,Do not suspend,51432,0.25,control,1,7095f7,7342e424-a70e-4456-b4b2-ca7f432c785c
1,round 1,Alireza,74c2860f-3890-49ed-b664-ddd539d694f1::4,"actionable threat, hate speech",Type of offensiveness,Threats of violence,span,0,17,actionable threat,,Tue Sep 01 2026 01:25:16 GMT+0000 (Coordinated Universal Time),4,5,5.557,Suspend,12435,0.25,ai,3,211461,74c2860f-3890-49ed-b664-ddd539d694f1
1,round 1,Alireza,74c2860f-3890-49ed-b664-ddd539d694f1::4,"actionable threat, hate speech",Type of offensiveness,Hate speech and offensive language,span,19,30,hate speech,,Tue Sep 01 2026 01:25:20 GMT+0000 (Coordinated Universal Time),4,5,5.557,Suspend,12435,0.25,ai,3,211461,74c2860f-3890-49ed-b664-ddd539d694f1
1,round 1,Alireza,75169725-d0a0-4a40-a918-b8af4a8fc42b::4,"The third message contained a death threat, and was violent and offensive enough to result in suspension.",Type of offensiveness,Death wish,span,0,42,The third message contained a death threat,,Mon Sep 07 2026 19:04:20 GMT+0000 (Coordinated Universal Time),4,5,5.065,Suspend,54231,0.25,crowd,3,37d96b,75169725-d0a0-4a40-a918-b8af4a8fc42b
1,round 1,Alireza,75169725-d0a0-4a40-a918-b8af4a8fc42b::4,"The third message contained a death threat, and was violent and offensive enough to result in suspension.",Type of offensiveness,Threats of violence,span,44,105,and was violent and offensive enough to result in suspension.,,Mon Sep 07 2026 19:04:12 GMT+0000 (Coordinated Universal Time),4,5,5.065,Suspend,54231,0.25,crowd,3,37d96b,75169725-d0a0-4a40-a918-b8af4a8fc42b
1,round 1,Alireza,754e3ee2-77d3-41ba-821e-3d16646e9e1e::2,This person's offensive messages were threatening violence and hateful. Awful.,Type of offensiveness,Hate speech and offensive language,span,0,32,This person's offensive messages,,Tue Sep 01 2026 02:38:55 GMT+0000 (Coordinated Universal Time),2,5,3.143,Suspend,34125,0.75,crowd,6,e89abf,754e3ee2-77d3-41ba-821e-3d16646e9e1e
1,round 1,Alireza,754e3ee2-77d3-41ba-821e-3d16646e9e1e::2,This person's offensive messages were threatening violence and hateful. Awful.,Type of offensiveness,Threats of violence,span,38,58,threatening violence,,Tue Sep 01 2026 02:38:59 GMT+0000 (Coordinated Universal Time),2,5,3.143,Suspend,34125,0.75,crowd,6,e89abf,754e3ee2-77d3-41ba-821e-3d16646e9e1e
1,round 1,Alireza,754e3ee2-77d3-41ba-821e-3d16646e9e1e::2,This person's offensive messages were threatening violence and hateful. Awful.,Type of offensiveness,Hate speech and offensive language,span,63,70,hateful,,Tue Sep 01 2026 02:39:01 GMT+0000 (Coordinated Universal Time),2,5,3.143,Suspend,34125,0.75,crowd,6,e89abf,754e3ee2-77d3-41ba-821e-3d16646e9e1e
1,round 1,Alireza,755f40f0-0c47-4dd3-b052-786bdc1d050f::3,"Again, the use of slurs and offensive language is frequent. They also do some racial profiling",Type of offensiveness,Hate speech and offensive language,span,28,46,offensive language,,Sun Sep 06 2026 17:26:35 GMT+0000 (Coordinated Universal Time),3,4.9,8.002,Suspend,24315,0.5,crowd,5,87fe20,755f40f0-0c47-4dd3-b052-786bdc1d050f
1,round 1,Alireza,755f40f0-0c47-4dd3-b052-786bdc1d050f::3,"Again, the use of slurs and offensive language is frequent. They also do some racial profiling",Patterns of behavior,Consistent offensive behavior,span,50,58,frequent,,Sun Sep 06 2026 17:26:37 GMT+0000 (Coordinated Universal Time),3,4.9,8.002,Suspend,24315,0.5,crowd,5,87fe20,755f40f0-0c47-4dd3-b052-786bdc1d050f
1,round 1,Alireza,755f40f0-0c47-4dd3-b052-786bdc1d050f::3,"Again, the use of slurs and offensive language is frequent. They also do some racial profiling",Type of offensiveness,racial remark,span,60,94,They also do some racial profiling,,Sun Sep 06 2026 17:26:41 GMT+0000 (Coordinated Universal Time),3,4.9,8.002,Suspend,24315,0.5,crowd,5,87fe20,755f40f0-0c47-4dd3-b052-786bdc1d050f
1,round 1,Alireza,77473516-5965-4985-8200-c95319c9d827::2,Message 1 was inappropriate and threatening,Type of offensiveness,Hate speech and offensive language,span,14,27,inappropriate,,Mon Sep 07 2026 19:06:01 GMT+0000 (Coordinated Universal Time),2,5,3.837,Suspend,35142,0.75,control,1,a30ac5,77473516-5965-4985-8200-c95319c9d827
1,round 1,Alireza,77473516-5965-4985-8200-c95319c9d827::2,Message 1 was inappropriate and threatening,Type of offensiveness,Threats of violence,span,32,43,threatening,,Mon Sep 07 2026 19:05:57 GMT+0000 (Coordinated Universal Time),2,5,3.837,Suspend,35142,0.75,control,1,a30ac5,77473516-5965-4985-8200-c95319c9d827
1,round 1,Alireza,782fbcf9-8a0c-449e-aa3c-b0107a40661f::3,There was a mix of offensive and not offensive messages but the offensive ones were worthy of suspension. Sending slurs to other users should not be tolerated,Patterns of behavior,Mix of offensive and non-offensive,span,0,104,There was a mix of offensive and not offensive messages but the offensive ones were worthy of suspension,,Tue Sep 01 2026 01:33:08 GMT+0000 (Coordinated Universal Time),3,3.84,5.178,Suspend,32541,0.5,control,7,09b4d5,782fbcf9-8a0c-449e-aa3c-b0107a40661f
1,round 1,Alireza,782fbcf9-8a0c-449e-aa3c-b0107a40661f::3,There was a mix of offensive and not offensive messages but the offensive ones were worthy of suspension. Sending slurs to other users should not be tolerated,Type of offensiveness,Hate speech and offensive language,span,106,158,Sending slurs to other users should not be tolerated,,Tue Sep 01 2026 01:32:33 GMT+0000 (Coordinated Universal Time),3,3.84,5.178,Suspend,32541,0.5,control,7,09b4d5,782fbcf9-8a0c-449e-aa3c-b0107a40661f
1,round 1,Alireza,7a345fe0-e245-4e5c-a2fc-b725eed72fa1::4,"They had a slip up on message 3 which could be taken as a threat, but I do not know the situation. I have had conversations where people would say this jokingly. I think this person gets one more chance.",Justifications,Could be joking,unit,,,,,Sun Sep 06 2026 17:29:38 GMT+0000 (Coordinated Universal Time),4,2.5,6.47,Do not suspend,35124,0.25,control,6,e12d0f,7a345fe0-e245-4e5c-a2fc-b725eed72fa1
1,round 1,Alireza,7a345fe0-e245-4e5c-a2fc-b725eed72fa1::4,"They had a slip up on message 3 which could be taken as a threat, but I do not know the situation. I have had conversations where people would say this jokingly. I think this person gets one more chance.",Patterns of behavior,One-off offensive,span,11,15,slip,,Sun Sep 06 2026 17:28:36 GMT+0000 (Coordinated Universal Time),4,2.5,6.47,Do not suspend,35124,0.25,control,6,e12d0f,7a345fe0-e245-4e5c-a2fc-b725eed72fa1
1,round 1,Alireza,7a345fe0-e245-4e5c-a2fc-b725eed72fa1::4,"They had a slip up on message 3 which could be taken as a threat, but I do not know the situation. I have had conversations where people would say this jokingly. I think this person gets one more chance.",Type of offensiveness,Threats of violence,span,22,64,message 3 which could be taken as a threat,,Sun Sep 06 2026 17:28:31 GMT+0000 (Coordinated Universal Time),4,2.5,6.47,Do not suspend,35124,0.25,control,6,e12d0f,7a345fe0-e245-4e5c-a2fc-b725eed72fa1
1,round 1,Alireza,7a345fe0-e245-4e5c-a2fc-b725eed72fa1::4,"They had a slip up on message 3 which could be taken as a threat, but I do not know the situation. I have had conversations where people would say this jokingly. I think this person gets one more chance.",Reflection on the decision,Expressed uncertainty,span,66,98,but I do not know the situation.,,Sun Sep 06 2026 17:29:07 GMT+0000 (Coordinated Universal Time),4,2.5,6.47,Do not suspend,35124,0.25,control,6,e12d0f,7a345fe0-e245-4e5c-a2fc-b725eed72fa1
1,round 1,Alireza,7a345fe0-e245-4e5c-a2fc-b725eed72fa1::4,"They had a slip up on message 3 which could be taken as a threat, but I do not know the situation. I have had conversations where people would say this jokingly. I think this person gets one more chance.",Justifications,Appeal to intent,span,99,161,I have had conversations where people would say this jokingly.,,Sun Sep 06 2026 17:29:18 GMT+0000 (Coordinated Universal Time),4,2.5,6.47,Do not suspend,35124,0.25,control,6,e12d0f,7a345fe0-e245-4e5c-a2fc-b725eed72fa1
1,round 1,Alireza,7a345fe0-e245-4e5c-a2fc-b725eed72fa1::4,"They had a slip up on message 3 which could be taken as a threat, but I do not know the situation. I have had conversations where people would say this jokingly. I think this person gets one more chance.",Decision outcomes,Ban if behavior continues,span,162,203,I think this person gets one more chance.,,Sun Sep 06 2026 17:29:52 GMT+0000 (Coordinated Universal Time),4,2.5,6.47,Do not suspend,35124,0.25,control,6,e12d0f,7a345fe0-e245-4e5c-a2fc-b725eed72fa1
1,round 1,Alireza,7a345fe0-e245-4e5c-a2fc-b725eed72fa1::5,"I should have kept going to see more messages, but I felt as though 3 messages with no clear signs of any wrong doing would put this person in the clear.",Reflection on the decision,Needed to look at more messages,unit,,,,,Tue Sep 01 2026 02:46:28 GMT+0000 (Coordinated Universal Time),5,4,4.196,Do not suspend,35124,0,control,3,e12d0f,7a345fe0-e245-4e5c-a2fc-b725eed72fa1
1,round 1,Alireza,7a345fe0-e245-4e5c-a2fc-b725eed72fa1::5,"I should have kept going to see more messages, but I felt as though 3 messages with no clear signs of any wrong doing would put this person in the clear.",Type of offensiveness,No offensive content,span,47,153,but I felt as though 3 messages with no clear signs of any wrong doing would put this person in the clear.,,Tue Sep 01 2026 02:45:53 GMT+0000 (Coordinated Universal Time),5,4,4.196,Do not suspend,35124,0,control,3,e12d0f,7a345fe0-e245-4e5c-a2fc-b725eed72fa1
1,round 1,Alireza,7a9499d4-4226-4ddf-a907-8b178f09dd4f::5,I see nothing wrong with the two posts I viewed. Seems legit and fair to me.,Type of offensiveness,No offensive content,span,2,76,see nothing wrong with the two posts I viewed. Seems legit and fair to me.,,Sun Sep 06 2026 19:10:15 GMT+0000 (Coordinated Universal Time),5,4.99,2.571,Do not suspend,15243,0,ai,2,d94ce8,7a9499d4-4226-4ddf-a907-8b178f09dd4f
1,round 1,Alireza,7cfda785-98a2-472e-a1e6-6a8ed3097a46::1,"They should be suspended based on the 3 messages, all 3 are highly offensive and down right rude and disrespectful.",Patterns of behavior,Consistent offensive behavior,span,50,115,all 3 are highly offensive and down right rude and disrespectful.,,Sun Sep 06 2026 17:19:12 GMT+0000 (Coordinated Universal Time),1,4.99,6.429,Suspend,14325,1,control,3,26bc4f,7cfda785-98a2-472e-a1e6-6a8ed3097a46
1,round 1,Alireza,7cfda785-98a2-472e-a1e6-6a8ed3097a46::1,"They should be suspended based on the 3 messages, all 3 are highly offensive and down right rude and disrespectful.",Type of offensiveness,Hate speech and offensive language,span,67,76,offensive,,Sun Sep 06 2026 17:19:19 GMT+0000 (Coordinated Universal Time),1,4.99,6.429,Suspend,14325,1,control,3,26bc4f,7cfda785-98a2-472e-a1e6-6a8ed3097a46
1,round 1,Alireza,7cfda785-98a2-472e-a1e6-6a8ed3097a46::4,"The first 2 messages do not seem offensive until the 3rd one. The 3rd message is highly offensive and threatening, I would suspend based on that.",Type of offensiveness,Hate speech and offensive language,unit,,,,,Tue Sep 01 2026 02:11:45 GMT+0000 (Coordinated Universal Time),4,4.07,4.774,Suspend,14325,0.25,control,3,26bc4f,7cfda785-98a2-472e-a1e6-6a8ed3097a46
1,round 1,Alireza,7cfda785-98a2-472e-a1e6-6a8ed3097a46::4,"The first 2 messages do not seem offensive until the 3rd one. The 3rd message is highly offensive and threatening, I would suspend based on that.",Type of offensiveness,Threats of violence,span,62,113,The 3rd message is highly offensive and threatening,,Tue Sep 01 2026 02:11:44 GMT+0000 (Coordinated Universal Time),4,4.07,4.774,Suspend,14325,0.25,control,3,26bc4f,7cfda785-98a2-472e-a1e6-6a8ed3097a46
1,round 1,Alireza,7cfda785-98a2-472e-a1e6-6a8ed3097a46::5,"All 3 messages are not offensive at all, do not contain offensive language. I would not suspend based on that.",Type of offensiveness,No offensive content,span,41,74,do not contain offensive language,,Tue Sep 01 2026 01:29:30 GMT+0000 (Coordinated Universal Time),5,4.66,5.196,Do not suspend,14325,0,control,3,26bc4f,7cfda785-98a2-472e-a1e6-6a8ed3097a46
1,round 1,Alireza,8085fe6b-72b3-494a-8081-5a0752f8c1c0::5,"After analyzing a few comments, I have come to the conclusion that this person has not made any comments that are harmful or offensive to anyone.",Type of offensiveness,No offensive content,span,32,145,I have come to the conclusion that this person has not made any comments that are harmful or offensive to anyone.,,Sun Sep 06 2026 19:04:08 GMT+0000 (Coordinated Universal Time),5,5,4.855,Do not suspend,51423,0,crowd,5,ee46c1,8085fe6b-72b3-494a-8081-5a0752f8c1c0
1,round 1,Alireza,842a4faf-29b2-430f-bdb5-cc6e156237d1::3,This individual was saying mean and rude offensive things. I felt it was best to suspend this account.,Type of offensiveness,Hate speech and offensive language,span,0,58,This individual was saying mean and rude offensive things.,,Sun Sep 06 2026 19:02:05 GMT+0000 (Coordinated Universal Time),3,5,6.324,Suspend,21453,0.5,crowd,5,9ae537,842a4faf-29b2-430f-bdb5-cc6e156237d1
1,round 1,Alireza,87f87d7b-4b52-467a-93ed-face4ab8ccb4::3,"The first message was suspension-worthy in my opinion.  I just wanted to see if the next message followed in the same vein.  I don't know the policies for this presumed platform, so I have to go by what I think is no good.  Homophobia is a no-go.",Type of offensiveness,Hate speech and offensive language,span,0,54,The first message was suspension-worthy in my opinion.,,Tue Sep 01 2026 02:41:49 GMT+0000 (Coordinated Universal Time),3,5,5.749,Suspend,32514,0.5,ai,2,863384,87f87d7b-4b52-467a-93ed-face4ab8ccb4
1,round 1,Alireza,87f87d7b-4b52-467a-93ed-face4ab8ccb4::3,"The first message was suspension-worthy in my opinion.  I just wanted to see if the next message followed in the same vein.  I don't know the policies for this presumed platform, so I have to go by what I think is no good.  Homophobia is a no-go.",Reflection on the decision,Need to know policy and TOS,span,125,222,"I don't know the policies for this presumed platform, so I have to go by what I think is no good.",,Tue Sep 01 2026 02:43:08 GMT+0000 (Coordinated Universal Time),3,5,5.749,Suspend,32514,0.5,ai,2,863384,87f87d7b-4b52-467a-93ed-face4ab8ccb4
1,round 1,Alireza,87f87d7b-4b52-467a-93ed-face4ab8ccb4::3,"The first message was suspension-worthy in my opinion.  I just wanted to see if the next message followed in the same vein.  I don't know the policies for this presumed platform, so I have to go by what I think is no good.  Homophobia is a no-go.",Type of offensiveness,Hate speech and offensive language,span,224,246,Homophobia is a no-go.,,Tue Sep 01 2026 02:41:44 GMT+0000 (Coordinated Universal Time),3,5,5.749,Suspend,32514,0.5,ai,2,863384,87f87d7b-4b52-467a-93ed-face4ab8ccb4
1,round 1,Alireza,883c6d7a-83ce-420e-b187-3128a56e1616::4,There was no messages that reviewed here that seemed to be offensive. Also there was no verbal attack on any individuals.,Type of offensiveness,No offensive content,span,0,68,There was no messages that reviewed here that seemed to be offensive,,Tue Sep 01 2026 01:25:56 GMT+0000 (Coordinated Universal Time),4,4.97,5.104,Do not suspend,41325,0.25,ai,2,0caff4,883c6d7a-83ce-420e-b187-3128a56e1616
1,round 1,Alireza,88600857-d80d-4c7a-a5b9-212efa837b2b::1,"Not only did Account 3 use hate speech against others, but they also wished for the ""painful"" deaths of not only the users that they were harassing, but also their dog too.",Type of offensiveness,Hate speech and offensive language,span,27,53,hate speech against others,,Sun Sep 06 2026 17:17:37 GMT+0000 (Coordinated Universal Time),1,4.99,6.4,Suspend,24153,1,ai,2,5b2a93,88600857-d80d-4c7a-a5b9-212efa837b2b
1,round 1,Alireza,88600857-d80d-4c7a-a5b9-212efa837b2b::1,"Not only did Account 3 use hate speech against others, but they also wished for the ""painful"" deaths of not only the users that they were harassing, but also their dog too.",Type of offensiveness,Death wish,span,69,100,"wished for the ""painful"" deaths",,Sun Sep 06 2026 17:17:46 GMT+0000 (Coordinated Universal Time),1,4.99,6.4,Suspend,24153,1,ai,2,5b2a93,88600857-d80d-4c7a-a5b9-212efa837b2b
1,round 1,Alireza,88600857-d80d-4c7a-a5b9-212efa837b2b::2,"On multiple occasions, Account 1 not only threatened other users, but also used hate speech against them as well. This was not just a single isolated incident.",Patterns of behavior,Consistent offensive behavior,span,0,22,"On multiple occasions,",,Sun Sep 06 2026 19:03:31 GMT+0000 (Coordinated Universal Time),2,5,5.537,Suspend,24153,0.75,ai,2,5b2a93,88600857-d80d-4c7a-a5b9-212efa837b2b
1,round 1,Alireza,88600857-d80d-4c7a-a5b9-212efa837b2b::2,"On multiple occasions, Account 1 not only threatened other users, but also used hate speech against them as well. This was not just a single isolated incident.",Type of offensiveness,Threats of violence,span,23,65,"Account 1 not only threatened other users,",,Sun Sep 06 2026 19:03:28 GMT+0000 (Coordinated Universal Time),2,5,5.537,Suspend,24153,0.75,ai,2,5b2a93,88600857-d80d-4c7a-a5b9-212efa837b2b
1,round 1,Alireza,88600857-d80d-4c7a-a5b9-212efa837b2b::2,"On multiple occasions, Account 1 not only threatened other users, but also used hate speech against them as well. This was not just a single isolated incident.",Type of offensiveness,Hate speech and offensive language,span,66,113,but also used hate speech against them as well.,,Sun Sep 06 2026 19:03:37 GMT+0000 (Coordinated Universal Time),2,5,5.537,Suspend,24153,0.75,ai,2,5b2a93,88600857-d80d-4c7a-a5b9-212efa837b2b
1,round 1,Alireza,88600857-d80d-4c7a-a5b9-212efa837b2b::2,"On multiple occasions, Account 1 not only threatened other users, but also used hate speech against them as well. This was not just a single isolated incident.",Patterns of behavior,Consistent offensive behavior,span,114,159,This was not just a single isolated incident.,,Sun Sep 06 2026 19:03:40 GMT+0000 (Coordinated Universal Time),2,5,5.537,Suspend,24153,0.75,ai,2,5b2a93,88600857-d80d-4c7a-a5b9-212efa837b2b
1,round 1,Alireza,88600857-d80d-4c7a-a5b9-212efa837b2b::4,"On at least three separate occasions Account 2 threatened to physically harm, and potentially even murder, other users.",Type of offensiveness,Threats of violence,span,0,76,On at least three separate occasions Account 2 threatened to physically harm,,Mon Sep 07 2026 19:04:52 GMT+0000 (Coordinated Universal Time),4,3.97,5.055,Suspend,24153,0.25,ai,11,5b2a93,88600857-d80d-4c7a-a5b9-212efa837b2b
1,round 1,Alireza,88600857-d80d-4c7a-a5b9-212efa837b2b::4,"On at least three separate occasions Account 2 threatened to physically harm, and potentially even murder, other users.",Type of offensiveness,Death wish,span,82,119,"potentially even murder, other users.",,Mon Sep 07 2026 19:04:56 GMT+0000 (Coordinated Universal Time),4,3.97,5.055,Suspend,24153,0.25,ai,11,5b2a93,88600857-d80d-4c7a-a5b9-212efa837b2b
1,round 1,Alireza,88879a30-8734-4993-8d03-16a361feecef::1,"This person uses inappropriate language and is speaking in a hateful, threatening manner. Their account should be suspended.",Type of offensiveness,Hate speech and offensive language,span,0,69,"This person uses inappropriate language and is speaking in a hateful,",,Mon Sep 07 2026 19:11:04 GMT+0000 (Coordinated Universal Time),1,5,4.843,Suspend,34521,1,ai,2,249679,88879a30-8734-4993-8d03-16a361feecef
1,round 1,Alireza,88879a30-8734-4993-8d03-16a361feecef::1,"This person uses inappropriate language and is speaking in a hateful, threatening manner. Their account should be suspended.",Type of offensiveness,Threats of violence,span,70,89,threatening manner.,,Mon Sep 07 2026 19:11:09 GMT+0000 (Coordinated Universal Time),1,5,4.843,Suspend,34521,1,ai,2,249679,88879a30-8734-4993-8d03-16a361feecef
1,round 1,Alireza,88879a30-8734-4993-8d03-16a361feecef::5,"There's nothing but positive content in these posts, and there's no reason to suspend this person's account.",Type of offensiveness,No offensive content,span,0,51,There's nothing but positive content in these posts,,Tue Sep 01 2026 00:51:11 GMT+0000 (Coordinated Universal Time),5,5,5.903,Do not suspend,34521,0,ai,2,249679,88879a30-8734-4993-8d03-16a361feecef
1,round 1,Alireza,8a2bd6fd-9a54-4ba0-86bb-4fcf5797b655::1,Threats of violence and hopes of inflicting cancer on someone. They are a bad poster.,Type of offensiveness,Threats of violence,span,0,61,Threats of violence and hopes of inflicting cancer on someone,,Sun Sep 06 2026 19:14:12 GMT+0000 (Coordinated Universal Time),1,5,5.629,Suspend,14235,1,ai,1,99fa92,8a2bd6fd-9a54-4ba0-86bb-4fcf5797b655
1,round 1,Alireza,8acbc9ac-0680-40ce-bab6-a1f49c28c3fb::3,offensive language,Type of offensiveness,Hate speech and offensive language,span,0,18,offensive language,,Sun Sep 06 2026 19:12:42 GMT+0000 (Coordinated Universal Time),3,5,3.558,Suspend,15234,0.5,control,3,b8e1c1,8acbc9ac-0680-40ce-bab6-a1f49c28c3fb
1,round 1,Alireza,8dcdc361-034c-4c7b-b798-06a03e4c59a3::4,The majority of the messages from this account are not offensive and are random pieces of conversation. I gave this a low confidence score because it could still be suspended from the small amount of offensive death threat tweets given.,Patterns of behavior,Normal behavior,span,0,103,The majority of the messages from this account are not offensive and are random pieces of conversation.,,Mon Sep 07 2026 19:09:50 GMT+0000 (Coordinated Universal Time),4,2.03,5.823,Do not suspend,34125,0.25,control,9,0cc23b,8dcdc361-034c-4c7b-b798-06a03e4c59a3
1,round 1,Alireza,8dcdc361-034c-4c7b-b798-06a03e4c59a3::4,The majority of the messages from this account are not offensive and are random pieces of conversation. I gave this a low confidence score because it could still be suspended from the small amount of offensive death threat tweets given.,Patterns of behavior,one message is enough (offensive),span,104,236,I gave this a low confidence score because it could still be suspended from the small amount of offensive death threat tweets given.,,Mon Sep 07 2026 19:09:41 GMT+0000 (Coordinated Universal Time),4,2.03,5.823,Do not suspend,34125,0.25,control,9,0cc23b,8dcdc361-034c-4c7b-b798-06a03e4c59a3
1,round 1,Alireza,8dcdc361-034c-4c7b-b798-06a03e4c59a3::4,The majority of the messages from this account are not offensive and are random pieces of conversation. I gave this a low confidence score because it could still be suspended from the small amount of offensive death threat tweets given.,Reflection on the decision,Expressed uncertainty,span,118,132,low confidence,,Mon Sep 07 2026 19:09:58 GMT+0000 (Coordinated Universal Time),4,2.03,5.823,Do not suspend,34125,0.25,control,9,0cc23b,8dcdc361-034c-4c7b-b798-06a03e4c59a3
1,round 1,Alireza,8e151216-ec8a-4720-a022-a3bfa261bf2a::1,Is provoking death threats towards someone,Type of offensiveness,Death wish,span,0,42,Is provoking death threats towards someone,,Sun Sep 06 2026 17:26:19 GMT+0000 (Coordinated Universal Time),1,5,3.16,Suspend,52413,1,ai,3,870b90,8e151216-ec8a-4720-a022-a3bfa261bf2a
1,round 1,Alireza,8e151216-ec8a-4720-a022-a3bfa261bf2a::1,Is provoking death threats towards someone,Type of offensiveness,Threats of violence,span,0,42,Is provoking death threats towards someone,,Sun Sep 06 2026 17:26:24 GMT+0000 (Coordinated Universal Time),1,5,3.16,Suspend,52413,1,ai,3,870b90,8e151216-ec8a-4720-a022-a3bfa261bf2a
1,round 1,Alireza,8e151216-ec8a-4720-a022-a3bfa261bf2a::3,Rude remarks and being homophobic towards someone.,Type of offensiveness,Hate speech and offensive language,span,0,50,Rude remarks and being homophobic towards someone.,,Sun Sep 06 2026 19:13:26 GMT+0000 (Coordinated Universal Time),3,4.58,6.928,Suspend,52413,0.5,ai,3,870b90,8e151216-ec8a-4720-a022-a3bfa261bf2a
1,round 1,Alireza,8e151216-ec8a-4720-a022-a3bfa261bf2a::4,Isn't displaying any violence or threatening comments .,Type of offensiveness,No offensive content,unit,,,,,Mon Sep 07 2026 19:05:35 GMT+0000 (Coordinated Universal Time),4,4.53,7.227,Do not suspend,52413,0.25,ai,2,870b90,8e151216-ec8a-4720-a022-a3bfa261bf2a
1,round 1,Alireza,90121a24-2838-4a22-8025-6eed89550f46::5,I did not see any offensive language,Type of offensiveness,No offensive content,unit,,,,,Tue Sep 01 2026 02:47:08 GMT+0000 (Coordinated Universal Time),5,4.98,3.021,Do not suspend,34512,0,crowd,3,38b891,90121a24-2838-4a22-8025-6eed89550f46
1,round 1,Alireza,90216bd3-8134-452d-a40c-7c9f38c1f0f1::2,"This accounts messages that I reviewed are almost all offensive and bullying people. When the content being posted is more offensive than not, it seems solid grounds for suspension.",Patterns of behavior,Consistent offensive behavior,span,43,63,almost all offensive,,Tue Sep 01 2026 23:36:31 GMT+0000 (Coordinated Universal Time),2,4,6.238,Suspend,51423,0.75,control,9,5280d5,90216bd3-8134-452d-a40c-7c9f38c1f0f1
1,round 1,Alireza,90216bd3-8134-452d-a40c-7c9f38c1f0f1::2,"This accounts messages that I reviewed are almost all offensive and bullying people. When the content being posted is more offensive than not, it seems solid grounds for suspension.",Type of offensiveness,Hate speech and offensive language,span,68,83,bullying people,,Tue Sep 01 2026 23:36:37 GMT+0000 (Coordinated Universal Time),2,4,6.238,Suspend,51423,0.75,control,9,5280d5,90216bd3-8134-452d-a40c-7c9f38c1f0f1
1,round 1,Alireza,90216bd3-8134-452d-a40c-7c9f38c1f0f1::2,"This accounts messages that I reviewed are almost all offensive and bullying people. When the content being posted is more offensive than not, it seems solid grounds for suspension.",Patterns of behavior,Majority offesnive,span,85,181,"When the content being posted is more offensive than not, it seems solid grounds for suspension.",,Tue Sep 01 2026 23:36:47 GMT+0000 (Coordinated Universal Time),2,4,6.238,Suspend,51423,0.75,control,9,5280d5,90216bd3-8134-452d-a40c-7c9f38c1f0f1
1,round 1,Alireza,904fefab-d1fe-4c81-a4c7-a1b91737087f::3,"Even though there are some very calm and eloquent messages, there are still hurtful ones.  If a person is being demeaning and homophobic there is no place for them, even if some of their messages are thoughtful.",Positive content,Calm and thoughtful,span,0,58,Even though there are some very calm and eloquent messages,,Tue Sep 01 2026 01:39:50 GMT+0000 (Coordinated Universal Time),3,4.02,7.961,Suspend,13452,0.5,crowd,7,4001f1,904fefab-d1fe-4c81-a4c7-a1b91737087f
1,round 1,Alireza,904fefab-d1fe-4c81-a4c7-a1b91737087f::3,"Even though there are some very calm and eloquent messages, there are still hurtful ones.  If a person is being demeaning and homophobic there is no place for them, even if some of their messages are thoughtful.",Type of offensiveness,Hate speech and offensive language,span,60,89,there are still hurtful ones.,,Tue Sep 01 2026 01:37:45 GMT+0000 (Coordinated Universal Time),3,4.02,7.961,Suspend,13452,0.5,crowd,7,4001f1,904fefab-d1fe-4c81-a4c7-a1b91737087f
1,round 1,Alireza,904fefab-d1fe-4c81-a4c7-a1b91737087f::3,"Even though there are some very calm and eloquent messages, there are still hurtful ones.  If a person is being demeaning and homophobic there is no place for them, even if some of their messages are thoughtful.",Type of offensiveness,Hate speech and offensive language,span,96,136,person is being demeaning and homophobic,,Tue Sep 01 2026 01:37:51 GMT+0000 (Coordinated Universal Time),3,4.02,7.961,Suspend,13452,0.5,crowd,7,4001f1,904fefab-d1fe-4c81-a4c7-a1b91737087f
1,round 1,Alireza,90613436-e890-4ab2-9863-e7e49eb7122d::5,This person didnt have any offensive postings. I think they are a good user. No reason to suspend.,Type of offensiveness,No offensive content,unit,,,,,Tue Sep 01 2026 02:11:16 GMT+0000 (Coordinated Universal Time),5,5,4.514,Do not suspend,21534,0,ai,3,b57cc5,90613436-e890-4ab2-9863-e7e49eb7122d
1,round 1,Alireza,91d9b5dd-39c8-48bf-8720-abe1ee727444::4,This message suggests frustration with lack of evidence in someone's tweet and explains the decision to block the person. It has a harsh word but it doesn't pose to commit harm.,Justifications,Not too offensive,span,0,123,This message suggests frustration with lack of evidence in someone's tweet and explains the decision to block the person. I,,Sun Sep 06 2026 19:06:04 GMT+0000 (Coordinated Universal Time),4,5,14.373,Do not suspend,12543,0.25,crowd,1,dccf4b,91d9b5dd-39c8-48bf-8720-abe1ee727444
1,round 1,Alireza,91d9b5dd-39c8-48bf-8720-abe1ee727444::4,This message suggests frustration with lack of evidence in someone's tweet and explains the decision to block the person. It has a harsh word but it doesn't pose to commit harm.,Type of offensiveness,No offensive content,span,122,177,It has a harsh word but it doesn't pose to commit harm.,,Sun Sep 06 2026 19:06:08 GMT+0000 (Coordinated Universal Time),4,5,14.373,Do not suspend,12543,0.25,crowd,1,dccf4b,91d9b5dd-39c8-48bf-8720-abe1ee727444
1,round 1,Alireza,947c2dec-32b7-465b-a682-2751391d78e4::2,"I only needed to see one message to suspend this account, this is a threat and a graphic one. Threats against life should be suspended all the time. I believe in free speech but there's a difference between being a troll and being a danger.",Patterns of behavior,one message is enough (offensive),span,2,56,only needed to see one message to suspend this account,,Sun Sep 06 2026 19:11:56 GMT+0000 (Coordinated Universal Time),2,5,4.08,Suspend,14532,0.75,ai,1,f1c13d,947c2dec-32b7-465b-a682-2751391d78e4
1,round 1,Alireza,947c2dec-32b7-465b-a682-2751391d78e4::2,"I only needed to see one message to suspend this account, this is a threat and a graphic one. Threats against life should be suspended all the time. I believe in free speech but there's a difference between being a troll and being a danger.",Type of offensiveness,Threats of violence,span,58,93,this is a threat and a graphic one.,,Sun Sep 06 2026 19:12:04 GMT+0000 (Coordinated Universal Time),2,5,4.08,Suspend,14532,0.75,ai,1,f1c13d,947c2dec-32b7-465b-a682-2751391d78e4
1,round 1,Alireza,947c2dec-32b7-465b-a682-2751391d78e4::2,"I only needed to see one message to suspend this account, this is a threat and a graphic one. Threats against life should be suspended all the time. I believe in free speech but there's a difference between being a troll and being a danger.",Justifications,Moral reasoning,span,151,173,believe in free speech,,Sun Sep 06 2026 19:12:30 GMT+0000 (Coordinated Universal Time),2,5,4.08,Suspend,14532,0.75,ai,1,f1c13d,947c2dec-32b7-465b-a682-2751391d78e4
1,round 1,Alireza,947c2dec-32b7-465b-a682-2751391d78e4::2,"I only needed to see one message to suspend this account, this is a threat and a graphic one. Threats against life should be suspended all the time. I believe in free speech but there's a difference between being a troll and being a danger.",Type of offensiveness,Harm other person,span,178,240,there's a difference between being a troll and being a danger.,,Sun Sep 06 2026 19:12:38 GMT+0000 (Coordinated Universal Time),2,5,4.08,Suspend,14532,0.75,ai,1,f1c13d,947c2dec-32b7-465b-a682-2751391d78e4
1,round 1,Alireza,94d90d90-65c3-49e7-a62d-e1b7738e20c8::1,the first 3 messages were offensive and i didnt think i needed to see anymore messages from this person,Patterns of behavior,Consistent offensive behavior,span,0,103,the first 3 messages were offensive and i didnt think i needed to see anymore messages from this person,,Tue Sep 01 2026 01:49:38 GMT+0000 (Coordinated Universal Time),1,5,10.168,Suspend,53124,1,control,3,43fa8a,94d90d90-65c3-49e7-a62d-e1b7738e20c8
1,round 1,Alireza,94d90d90-65c3-49e7-a62d-e1b7738e20c8::2,3 out of 4 messages were offensive,Patterns of behavior,Majority offesnive,span,0,10,3 out of 4,,Tue Sep 01 2026 00:56:37 GMT+0000 (Coordinated Universal Time),2,5,15.98,Suspend,53124,0.75,control,4,43fa8a,94d90d90-65c3-49e7-a62d-e1b7738e20c8
1,round 1,Alireza,96f40625-0960-4ef9-87b2-4679ffaaf9ec::5,nothing harmful,Type of offensiveness,No offensive content,span,0,15,nothing harmful,,Tue Sep 01 2026 01:28:55 GMT+0000 (Coordinated Universal Time),5,4.26,3.224,Do not suspend,24315,0,ai,2,6d2849,96f40625-0960-4ef9-87b2-4679ffaaf9ec
1,round 1,Alireza,97fb2b3d-ee3d-4506-b148-a71f386b05a9::5,None of this posters comments were deemed to be offensive.,Type of offensiveness,No offensive content,unit,,,,,Tue Sep 01 2026 01:22:11 GMT+0000 (Coordinated Universal Time),5,3.99,8.602,Do not suspend,21345,0,ai,7,a37c32,97fb2b3d-ee3d-4506-b148-a71f386b05a9
1,round 1,Alireza,9845df85-7df4-4cd8-a37e-019423611a3f::1,"Here is the word again that should be removed from our vocabulary. Not only the author called the person a very harsh, demeaning, and offensive name. The author also pray that they will die a painful death. Very crude and uncalled for",Type of offensiveness,Hate speech and offensive language,span,0,65,Here is the word again that should be removed from our vocabulary,,Tue Sep 01 2026 01:15:59 GMT+0000 (Coordinated Universal Time),1,5,6.486,Suspend,45321,1,crowd,1,bb95e4,9845df85-7df4-4cd8-a37e-019423611a3f
1,round 1,Alireza,9845df85-7df4-4cd8-a37e-019423611a3f::1,"Here is the word again that should be removed from our vocabulary. Not only the author called the person a very harsh, demeaning, and offensive name. The author also pray that they will die a painful death. Very crude and uncalled for",Type of offensiveness,Hate speech and offensive language,span,105,148,"a very harsh, demeaning, and offensive name",,Tue Sep 01 2026 01:15:49 GMT+0000 (Coordinated Universal Time),1,5,6.486,Suspend,45321,1,crowd,1,bb95e4,9845df85-7df4-4cd8-a37e-019423611a3f
1,round 1,Alireza,9845df85-7df4-4cd8-a37e-019423611a3f::1,"Here is the word again that should be removed from our vocabulary. Not only the author called the person a very harsh, demeaning, and offensive name. The author also pray that they will die a painful death. Very crude and uncalled for",Type of offensiveness,Death wish,span,154,205,author also pray that they will die a painful death,,Tue Sep 01 2026 01:20:37 GMT+0000 (Coordinated Universal Time),1,5,6.486,Suspend,45321,1,crowd,1,bb95e4,9845df85-7df4-4cd8-a37e-019423611a3f
1,round 1,Alireza,9845df85-7df4-4cd8-a37e-019423611a3f::5,This is a very positive message. Tha author is complementing the people in her life that was an influence to them in a positive way. She/He was able to start the venture because of the great people around Him/Her,Positive content,Calm and thoughtful,span,0,32,This is a very positive message.,,Tue Sep 01 2026 02:39:42 GMT+0000 (Coordinated Universal Time),5,5,6.094,Do not suspend,45321,0,crowd,1,bb95e4,9845df85-7df4-4cd8-a37e-019423611a3f
1,round 1,Alireza,9845df85-7df4-4cd8-a37e-019423611a3f::5,This is a very positive message. Tha author is complementing the people in her life that was an influence to them in a positive way. She/He was able to start the venture because of the great people around Him/Her,Positive content,Personal opinions and thoughts,span,33,132,Tha author is complementing the people in her life that was an influence to them in a positive way.,,Tue Sep 01 2026 02:39:54 GMT+0000 (Coordinated Universal Time),5,5,6.094,Do not suspend,45321,0,crowd,1,bb95e4,9845df85-7df4-4cd8-a37e-019423611a3f
1,round 1,Alireza,9968ac18-8d60-46f2-8a6a-a521303c3583::3,bad verbiage and mean statements were directed at an individual.,Type of offensiveness,Hate speech and offensive language,span,0,64,bad verbiage and mean statements were directed at an individual.,,Mon Sep 07 2026 19:08:39 GMT+0000 (Coordinated Universal Time),3,5,3.297,Suspend,45123,0.5,control,1,17a700,9968ac18-8d60-46f2-8a6a-a521303c3583
1,round 1,Alireza,9c1df86e-e2b6-4eb6-ab15-180374fa91bc::1,this is justifiable of online harassment,Type of offensiveness,Threats of violence,span,0,40,this is justifiable of online harassment,,Sun Sep 06 2026 19:07:10 GMT+0000 (Coordinated Universal Time),1,5,3.606,Suspend,32514,1,ai,1,588f2b,9c1df86e-e2b6-4eb6-ab15-180374fa91bc
1,round 1,Alireza,9c1df86e-e2b6-4eb6-ab15-180374fa91bc::2,this is a sign of violence and someone may be serious about this,Type of offensiveness,Threats of violence,span,1,26,his is a sign of violence,,Sun Sep 06 2026 18:52:26 GMT+0000 (Coordinated Universal Time),2,4.95,3.443,Suspend,32514,0.75,ai,1,588f2b,9c1df86e-e2b6-4eb6-ab15-180374fa91bc
1,round 1,Alireza,9c1df86e-e2b6-4eb6-ab15-180374fa91bc::2,this is a sign of violence and someone may be serious about this,Decision outcomes,Consequences beyond suspencion,span,31,64,someone may be serious about this,,Sun Sep 06 2026 18:52:38 GMT+0000 (Coordinated Universal Time),2,4.95,3.443,Suspend,32514,0.75,ai,1,588f2b,9c1df86e-e2b6-4eb6-ab15-180374fa91bc
1,round 1,Alireza,9c759a8c-5afc-41ad-adb6-e453251c9f4d::1,"Very offensive, hateful, and biased behavior and account needs to be suspended",Type of offensiveness,Hate speech and offensive language,span,0,14,Very offensive,,Sun Sep 06 2026 19:01:43 GMT+0000 (Coordinated Universal Time),1,5,7.568,Suspend,35241,1,crowd,3,0ad92c,9c759a8c-5afc-41ad-adb6-e453251c9f4d
1,round 1,Alireza,9c759a8c-5afc-41ad-adb6-e453251c9f4d::1,"Very offensive, hateful, and biased behavior and account needs to be suspended",Type of offensiveness,Hate speech and offensive language,span,16,23,hateful,,Sun Sep 06 2026 19:01:45 GMT+0000 (Coordinated Universal Time),1,5,7.568,Suspend,35241,1,crowd,3,0ad92c,9c759a8c-5afc-41ad-adb6-e453251c9f4d
1,round 1,Alireza,9c759a8c-5afc-41ad-adb6-e453251c9f4d::4,There is nothinf offesive in this post.,Type of offensiveness,No offensive content,span,0,39,There is nothinf offesive in this post.,,Sun Sep 06 2026 17:26:54 GMT+0000 (Coordinated Universal Time),4,5,5.888,Do not suspend,35241,0.25,crowd,2,0ad92c,9c759a8c-5afc-41ad-adb6-e453251c9f4d
1,round 1,Alireza,9ca241ab-e7b0-4e11-abf1-0baf9d8a1026::4,"Although sometimes this account can use some heated language and become aggressive, the majority of the posts I saw were very tame.",Patterns of behavior,One-off offensive,span,0,82,Although sometimes this account can use some heated language and become aggressive,,Tue Sep 01 2026 01:25:35 GMT+0000 (Coordinated Universal Time),4,2.45,4.458,Do not suspend,32415,0.25,ai,5,5.28E+09,9ca241ab-e7b0-4e11-abf1-0baf9d8a1026
1,round 1,Alireza,9ca241ab-e7b0-4e11-abf1-0baf9d8a1026::4,"Although sometimes this account can use some heated language and become aggressive, the majority of the posts I saw were very tame.",Patterns of behavior,Normal behavior,span,84,130,the majority of the posts I saw were very tame,,Tue Sep 01 2026 01:25:41 GMT+0000 (Coordinated Universal Time),4,2.45,4.458,Do not suspend,32415,0.25,ai,5,5.28E+09,9ca241ab-e7b0-4e11-abf1-0baf9d8a1026
1,round 1,Alireza,9fb262f0-c5b4-4b87-a678-6dda4d838ea2::1,"The messages from Account 2 contained offensive language and personal attacks, including derogatory comments about someone's sexuality, intelligence, and personal life. However, they varied in their degree of severity and the context in which they we",Type of offensiveness,Hate speech and offensive language,span,28,56,contained offensive language,,Tue Sep 01 2026 23:35:12 GMT+0000 (Coordinated Universal Time),1,4,14.146,Do not suspend,31542,1,ai,4,801dfa,9fb262f0-c5b4-4b87-a678-6dda4d838ea2
1,round 1,Alireza,9fb262f0-c5b4-4b87-a678-6dda4d838ea2::1,"The messages from Account 2 contained offensive language and personal attacks, including derogatory comments about someone's sexuality, intelligence, and personal life. However, they varied in their degree of severity and the context in which they we",Type of offensiveness,Threats of violence,span,61,77,personal attacks,,Tue Sep 01 2026 23:35:20 GMT+0000 (Coordinated Universal Time),1,4,14.146,Do not suspend,31542,1,ai,4,801dfa,9fb262f0-c5b4-4b87-a678-6dda4d838ea2
1,round 1,Alireza,9fb262f0-c5b4-4b87-a678-6dda4d838ea2::1,"The messages from Account 2 contained offensive language and personal attacks, including derogatory comments about someone's sexuality, intelligence, and personal life. However, they varied in their degree of severity and the context in which they we",Type of offensiveness,Hate speech and offensive language,span,89,167,"derogatory comments about someone's sexuality, intelligence, and personal life",,Tue Sep 01 2026 23:35:26 GMT+0000 (Coordinated Universal Time),1,4,14.146,Do not suspend,31542,1,ai,4,801dfa,9fb262f0-c5b4-4b87-a678-6dda4d838ea2
1,round 1,Alireza,9fb262f0-c5b4-4b87-a678-6dda4d838ea2::1,"The messages from Account 2 contained offensive language and personal attacks, including derogatory comments about someone's sexuality, intelligence, and personal life. However, they varied in their degree of severity and the context in which they we",Patterns of behavior,Mix of offensive and non-offensive,span,169,250,"However, they varied in their degree of severity and the context in which they we",,Tue Sep 01 2026 23:35:37 GMT+0000 (Coordinated Universal Time),1,4,14.146,Do not suspend,31542,1,ai,4,801dfa,9fb262f0-c5b4-4b87-a678-6dda4d838ea2
1,round 1,Alireza,9fb262f0-c5b4-4b87-a678-6dda4d838ea2::5,"The message from Account 3 reads: ""If I wasn't surrounded by such great people, there's no way I'd be able to get this thing off the ground."" This statement is positive and expresses appreciation for support from others. It does not contain offensive",,positive content,span,147,220,statement is positive and expresses appreciation for support from others.,,Sun Sep 06 2026 17:17:09 GMT+0000 (Coordinated Universal Time),5,4,7.755,Do not suspend,31542,0,ai,1,801dfa,9fb262f0-c5b4-4b87-a678-6dda4d838ea2
1,round 1,Alireza,9fb262f0-c5b4-4b87-a678-6dda4d838ea2::5,"The message from Account 3 reads: ""If I wasn't surrounded by such great people, there's no way I'd be able to get this thing off the ground."" This statement is positive and expresses appreciation for support from others. It does not contain offensive",Type of offensiveness,No offensive content,span,221,250,It does not contain offensive,,Sun Sep 06 2026 17:17:13 GMT+0000 (Coordinated Universal Time),5,4,7.755,Do not suspend,31542,0,ai,1,801dfa,9fb262f0-c5b4-4b87-a678-6dda4d838ea2
1,round 1,Alireza,a19f544e-7e34-42f0-b9b1-0675b9689d29::1,"The user is using harmful language. Saying things like ""I hope you die"" should not be allowed on any platform. He is also using homophobic rhetoric which can be greatly offensive to those in the LGBT community.",Type of offensiveness,Hate speech and offensive language,unit,,,,,Tue Sep 01 2026 02:43:17 GMT+0000 (Coordinated Universal Time),1,5,5.674,Suspend,14352,1,control,1,adc623,a19f544e-7e34-42f0-b9b1-0675b9689d29
1,round 1,Alireza,a19f544e-7e34-42f0-b9b1-0675b9689d29::1,"The user is using harmful language. Saying things like ""I hope you die"" should not be allowed on any platform. He is also using homophobic rhetoric which can be greatly offensive to those in the LGBT community.",Type of offensiveness,Death wish,span,36,110,"Saying things like ""I hope you die"" should not be allowed on any platform.",,Tue Sep 01 2026 02:43:23 GMT+0000 (Coordinated Universal Time),1,5,5.674,Suspend,14352,1,control,1,adc623,a19f544e-7e34-42f0-b9b1-0675b9689d29
1,round 1,Alireza,a19f544e-7e34-42f0-b9b1-0675b9689d29::1,"The user is using harmful language. Saying things like ""I hope you die"" should not be allowed on any platform. He is also using homophobic rhetoric which can be greatly offensive to those in the LGBT community.",Type of offensiveness,Hate speech and offensive language,span,111,210,He is also using homophobic rhetoric which can be greatly offensive to those in the LGBT community.,,Tue Sep 01 2026 02:43:29 GMT+0000 (Coordinated Universal Time),1,5,5.674,Suspend,14352,1,control,1,adc623,a19f544e-7e34-42f0-b9b1-0675b9689d29
1,round 1,Alireza,a19f544e-7e34-42f0-b9b1-0675b9689d29::3,This user is using homophobic language which is offensive to the LGBT community. The user is also spreading false information by saying that being gay is a sexual dysfunction and corruption of the brain.,Type of offensiveness,Hate speech and offensive language,span,0,80,This user is using homophobic language which is offensive to the LGBT community.,,Sun Sep 06 2026 19:10:40 GMT+0000 (Coordinated Universal Time),3,5,4.517,Suspend,14352,0.5,control,1,adc623,a19f544e-7e34-42f0-b9b1-0675b9689d29
1,round 1,Alireza,a19f544e-7e34-42f0-b9b1-0675b9689d29::3,This user is using homophobic language which is offensive to the LGBT community. The user is also spreading false information by saying that being gay is a sexual dysfunction and corruption of the brain.,Type of offensiveness,misinformation,span,108,125,false information,,Sun Sep 06 2026 19:10:55 GMT+0000 (Coordinated Universal Time),3,5,4.517,Suspend,14352,0.5,control,1,adc623,a19f544e-7e34-42f0-b9b1-0675b9689d29
1,round 1,Alireza,a19f544e-7e34-42f0-b9b1-0675b9689d29::5,"After going through a few of the user's messages nothing seemed harmful in any way. There was no threatening language, no offensive language, all of the messages were normal.",Type of offensiveness,No offensive content,span,49,83,nothing seemed harmful in any way.,,Tue Sep 01 2026 00:59:34 GMT+0000 (Coordinated Universal Time),5,4.64,6.891,Do not suspend,14352,0,control,7,adc623,a19f544e-7e34-42f0-b9b1-0675b9689d29
1,round 1,Alireza,a19f544e-7e34-42f0-b9b1-0675b9689d29::5,"After going through a few of the user's messages nothing seemed harmful in any way. There was no threatening language, no offensive language, all of the messages were normal.",Type of offensiveness,No offensive content,span,85,141,"here was no threatening language, no offensive language,",,Tue Sep 01 2026 00:59:46 GMT+0000 (Coordinated Universal Time),5,4.64,6.891,Do not suspend,14352,0,control,7,adc623,a19f544e-7e34-42f0-b9b1-0675b9689d29
1,round 1,Alireza,a19f544e-7e34-42f0-b9b1-0675b9689d29::5,"After going through a few of the user's messages nothing seemed harmful in any way. There was no threatening language, no offensive language, all of the messages were normal.",Patterns of behavior,Normal behavior,span,142,174,all of the messages were normal.,,Tue Sep 01 2026 00:59:51 GMT+0000 (Coordinated Universal Time),5,4.64,6.891,Do not suspend,14352,0,control,7,adc623,a19f544e-7e34-42f0-b9b1-0675b9689d29
1,round 1,Alireza,a266df2c-6c45-4c88-b6db-d7dc3d62275c::2,The messages contain offensive words.  The message is offensive as well.,Type of offensiveness,Hate speech and offensive language,span,0,37,The messages contain offensive words.,,Sun Sep 06 2026 19:08:58 GMT+0000 (Coordinated Universal Time),2,4.34,5.672,Suspend,12354,0.75,ai,2,258f56,a266df2c-6c45-4c88-b6db-d7dc3d62275c
1,round 1,Alireza,a266df2c-6c45-4c88-b6db-d7dc3d62275c::2,The messages contain offensive words.  The message is offensive as well.,Type of offensiveness,Hate speech and offensive language,span,39,72,The message is offensive as well.,,Sun Sep 06 2026 19:09:02 GMT+0000 (Coordinated Universal Time),2,4.34,5.672,Suspend,12354,0.75,ai,2,258f56,a266df2c-6c45-4c88-b6db-d7dc3d62275c
1,round 1,Alireza,a37571ff-8f28-4459-935f-08b72087e111::3,This person message was very offensive and I needed to go no further than reviewing three of the messages which proved my point.  The last message was extremely offensive,Type of offensiveness,Hate speech and offensive language,span,0,38,This person message was very offensive,,Tue Sep 01 2026 01:35:35 GMT+0000 (Coordinated Universal Time),3,5,7.495,Suspend,43152,0.5,ai,3,3b6045,a37571ff-8f28-4459-935f-08b72087e111
1,round 1,Alireza,a37571ff-8f28-4459-935f-08b72087e111::3,This person message was very offensive and I needed to go no further than reviewing three of the messages which proved my point.  The last message was extremely offensive,Patterns of behavior,Consistent offensive behavior,span,43,170,I needed to go no further than reviewing three of the messages which proved my point.  The last message was extremely offensive,,Tue Sep 01 2026 01:35:53 GMT+0000 (Coordinated Universal Time),3,5,7.495,Suspend,43152,0.5,ai,3,3b6045,a37571ff-8f28-4459-935f-08b72087e111
1,round 1,Alireza,a37571ff-8f28-4459-935f-08b72087e111::4,I did not detect anything offensive although I only rolled through two messages it seemed the person was coming from a good place,Type of offensiveness,No offensive content,span,2,129,did not detect anything offensive although I only rolled through two messages it seemed the person was coming from a good place,,Sun Sep 06 2026 19:09:14 GMT+0000 (Coordinated Universal Time),4,4.03,8.789,Do not suspend,43152,0.25,ai,2,3b6045,a37571ff-8f28-4459-935f-08b72087e111
1,round 1,Alireza,a49a0d6f-ac15-4e67-a8ed-1d0a155bf7cc::2,Death threats and harmful language,Type of offensiveness,Death wish,span,0,13,Death threats,,Tue Sep 01 2026 02:12:24 GMT+0000 (Coordinated Universal Time),2,5,3.466,Suspend,31452,0.75,ai,5,5b7732,a49a0d6f-ac15-4e67-a8ed-1d0a155bf7cc
1,round 1,Alireza,a49a0d6f-ac15-4e67-a8ed-1d0a155bf7cc::2,Death threats and harmful language,Type of offensiveness,Hate speech and offensive language,span,18,34,harmful language,,Tue Sep 01 2026 02:12:34 GMT+0000 (Coordinated Universal Time),2,5,3.466,Suspend,31452,0.75,ai,5,5b7732,a49a0d6f-ac15-4e67-a8ed-1d0a155bf7cc
1,round 1,Alireza,a49a0d6f-ac15-4e67-a8ed-1d0a155bf7cc::3,Hate speech and harmful language,Type of offensiveness,Hate speech and offensive language,span,0,32,Hate speech and harmful language,,Sun Sep 06 2026 19:03:50 GMT+0000 (Coordinated Universal Time),3,3.03,7.666,Suspend,31452,0.5,ai,3,5b7732,a49a0d6f-ac15-4e67-a8ed-1d0a155bf7cc
1,round 1,Alireza,a5ac73fc-5886-46ff-9721-5919ae1bd1ea::5,Looks like ordinary messages. Nothing wrong here.,Patterns of behavior,Normal behavior,span,0,28,Looks like ordinary messages,,Tue Sep 01 2026 00:58:09 GMT+0000 (Coordinated Universal Time),5,5,2.929,Do not suspend,23514,0,crowd,8,85059f,a5ac73fc-5886-46ff-9721-5919ae1bd1ea
1,round 1,Alireza,a5ac73fc-5886-46ff-9721-5919ae1bd1ea::5,Looks like ordinary messages. Nothing wrong here.,Type of offensiveness,No offensive content,span,30,49,Nothing wrong here.,,Tue Sep 01 2026 00:57:14 GMT+0000 (Coordinated Universal Time),5,5,2.929,Do not suspend,23514,0,crowd,8,85059f,a5ac73fc-5886-46ff-9721-5919ae1bd1ea
1,round 1,Alireza,a69e967a-c238-4245-8091-e518ed2326f6::2,More inflammatory remarks about someone's orientation plus threats of violence should be automatically suspended or a permanent ban. The one off random inoffensive comment doesn't undo all of the vitriol this person is presenting,Decision outcomes,Permanent ban,span,89,131,automatically suspended or a permanent ban,,Tue Sep 01 2026 01:21:35 GMT+0000 (Coordinated Universal Time),2,3.76,10.693,Suspend,43512,0.75,control,4,b23175,a69e967a-c238-4245-8091-e518ed2326f6
1,round 1,Alireza,a69e967a-c238-4245-8091-e518ed2326f6::2,More inflammatory remarks about someone's orientation plus threats of violence should be automatically suspended or a permanent ban. The one off random inoffensive comment doesn't undo all of the vitriol this person is presenting,Patterns of behavior,Majority offesnive,span,133,229,The one off random inoffensive comment doesn't undo all of the vitriol this person is presenting,,Tue Sep 01 2026 01:21:01 GMT+0000 (Coordinated Universal Time),2,3.76,10.693,Suspend,43512,0.75,control,4,b23175,a69e967a-c238-4245-8091-e518ed2326f6
1,round 1,Alireza,a7cbb72d-1707-41a6-b769-68c7df9643df::1,They wished death upon people and pets and also used foul and offensive language in nearly every message.,Type of offensiveness,Death wish,span,0,29,They wished death upon people,,Tue Sep 01 2026 02:40:00 GMT+0000 (Coordinated Universal Time),1,5,4.018,Suspend,42513,1,control,7,345608,a7cbb72d-1707-41a6-b769-68c7df9643df
1,round 1,Alireza,a7cbb72d-1707-41a6-b769-68c7df9643df::1,They wished death upon people and pets and also used foul and offensive language in nearly every message.,Type of offensiveness,Hate speech and offensive language,span,48,105,used foul and offensive language in nearly every message.,,Tue Sep 01 2026 02:40:08 GMT+0000 (Coordinated Universal Time),1,5,4.018,Suspend,42513,1,control,7,345608,a7cbb72d-1707-41a6-b769-68c7df9643df
1,round 1,Alireza,a7cbb72d-1707-41a6-b769-68c7df9643df::3,They are bullying people by making rude and derogatory remarks. Foul and offensive language.,Type of offensiveness,Hate speech and offensive language,span,0,62,They are bullying people by making rude and derogatory remarks,,Mon Sep 07 2026 19:04:40 GMT+0000 (Coordinated Universal Time),3,5,2.586,Suspend,42513,0.5,control,7,345608,a7cbb72d-1707-41a6-b769-68c7df9643df
1,round 1,Alireza,a7cbb72d-1707-41a6-b769-68c7df9643df::3,They are bullying people by making rude and derogatory remarks. Foul and offensive language.,Type of offensiveness,Hate speech and offensive language,span,64,92,Foul and offensive language.,,Mon Sep 07 2026 19:04:43 GMT+0000 (Coordinated Universal Time),3,5,2.586,Suspend,42513,0.5,control,7,345608,a7cbb72d-1707-41a6-b769-68c7df9643df
1,round 1,Alireza,ad582db9-01fb-46c2-af45-c5eb21b93152::3,Hate speech.,Type of offensiveness,Hate speech and offensive language,span,0,12,Hate speech.,,Mon Sep 07 2026 19:13:07 GMT+0000 (Coordinated Universal Time),3,4.96,4.198,Suspend,43512,0.5,crowd,1,787c08,ad582db9-01fb-46c2-af45-c5eb21b93152
1,round 1,Alireza,ad582db9-01fb-46c2-af45-c5eb21b93152::4,Threatened to kill someone and very violent manner.,Type of offensiveness,Threats of violence,span,0,26,Threatened to kill someone,,Mon Sep 07 2026 18:45:15 GMT+0000 (Coordinated Universal Time),4,4.49,6.736,Suspend,43512,0.25,crowd,4,787c08,ad582db9-01fb-46c2-af45-c5eb21b93152
1,round 1,Alireza,ad582db9-01fb-46c2-af45-c5eb21b93152::4,Threatened to kill someone and very violent manner.,Type of offensiveness,Threats of violence,span,31,51,very violent manner.,,Mon Sep 07 2026 18:45:18 GMT+0000 (Coordinated Universal Time),4,4.49,6.736,Suspend,43512,0.25,crowd,4,787c08,ad582db9-01fb-46c2-af45-c5eb21b93152
1,round 1,Alireza,aeef090c-83b3-4673-94f4-430f07296bf8::2,Because message was offensive,Type of offensiveness,Hate speech and offensive language,span,0,29,Because message was offensive,,Tue Sep 01 2026 02:39:12 GMT+0000 (Coordinated Universal Time),2,3.62,5.222,Suspend,53241,0.75,ai,1,72cb99,aeef090c-83b3-4673-94f4-430f07296bf8
1,round 1,Alireza,aeef090c-83b3-4673-94f4-430f07296bf8::5,Because message was not offensive,Type of offensiveness,No offensive content,span,0,33,Because message was not offensive,,Sun Sep 06 2026 19:14:18 GMT+0000 (Coordinated Universal Time),5,3.52,32.666,Do not suspend,53241,0,ai,5,72cb99,aeef090c-83b3-4673-94f4-430f07296bf8
1,round 1,Alireza,af5c7eb6-219e-440f-8cbe-ddd5c7ac14d0::4,This is just normal social media activity for a normal user. Message one is just somebody calling someone out for not having proof of something. Message 2 is just happy.,Patterns of behavior,Normal behavior,span,0,41,This is just normal social media activity,,Tue Sep 01 2026 00:58:18 GMT+0000 (Coordinated Universal Time),4,5,5.556,Do not suspend,45132,0.25,crowd,2,84c51d,af5c7eb6-219e-440f-8cbe-ddd5c7ac14d0
1,round 1,Alireza,af5c7eb6-219e-440f-8cbe-ddd5c7ac14d0::4,This is just normal social media activity for a normal user. Message one is just somebody calling someone out for not having proof of something. Message 2 is just happy.,Type of offensiveness,No offensive content,span,145,169,Message 2 is just happy.,,Tue Sep 01 2026 00:58:57 GMT+0000 (Coordinated Universal Time),4,5,5.556,Do not suspend,45132,0.25,crowd,2,84c51d,af5c7eb6-219e-440f-8cbe-ddd5c7ac14d0
1,round 1,Alireza,af7150ce-c2f5-4d7b-bf72-be3e6e8524b7::5,None of the language used is harmful or offensive. Normal messages.,Type of offensiveness,No offensive content,span,0,67,None of the language used is harmful or offensive. Normal messages.,,Sun Sep 06 2026 18:51:52 GMT+0000 (Coordinated Universal Time),5,4.82,3.947,Do not suspend,43521,0,crowd,6,b29ddd,af7150ce-c2f5-4d7b-bf72-be3e6e8524b7
1,round 1,Alireza,b205e39f-34b8-463f-9bcc-9f92f68fad67::4,Tow death threats out of seven posts.  I have a strict policy of not threatening death any more than once every tenth comment. (Common sense here.),Type of offensiveness,Threats of violence,span,0,36,Tow death threats out of seven posts,,Sun Sep 06 2026 18:42:07 GMT+0000 (Coordinated Universal Time),4,5,5.322,Suspend,25143,0.25,ai,7,adc481,b205e39f-34b8-463f-9bcc-9f92f68fad67
1,round 1,Alireza,b205e39f-34b8-463f-9bcc-9f92f68fad67::4,Tow death threats out of seven posts.  I have a strict policy of not threatening death any more than once every tenth comment. (Common sense here.),Patterns of behavior,Majority offesnive,span,39,147,I have a strict policy of not threatening death any more than once every tenth comment. (Common sense here.),,Sun Sep 06 2026 18:42:52 GMT+0000 (Coordinated Universal Time),4,5,5.322,Suspend,25143,0.25,ai,7,adc481,b205e39f-34b8-463f-9bcc-9f92f68fad67
1,round 1,Alireza,b2e75f28-ca12-40c6-b543-ceff670730e1::2,This person should not only be banned but arrested for making threats as well. This is scary and this person is dangerous.,Decision outcomes,Consequences beyond suspencion,span,0,78,This person should not only be banned but arrested for making threats as well.,,Tue Sep 01 2026 02:45:26 GMT+0000 (Coordinated Universal Time),2,5,4.04,Suspend,13524,0.75,ai,1,af299e,b2e75f28-ca12-40c6-b543-ceff670730e1
1,round 1,Alireza,b2e75f28-ca12-40c6-b543-ceff670730e1::2,This person should not only be banned but arrested for making threats as well. This is scary and this person is dangerous.,Decision outcomes,Consequences beyond suspencion,span,80,121,his is scary and this person is dangerous,,Tue Sep 01 2026 02:45:38 GMT+0000 (Coordinated Universal Time),2,5,4.04,Suspend,13524,0.75,ai,1,af299e,b2e75f28-ca12-40c6-b543-ceff670730e1
1,round 1,Alireza,b4f2aceb-f109-4ece-8c52-516dff26824f::2,The user threatened to kill people and used homophobic language; pretty clear suspend situation.,Type of offensiveness,Threats of violence,span,9,27,threatened to kill,,Sun Sep 06 2026 19:10:01 GMT+0000 (Coordinated Universal Time),2,5,1.929,Suspend,13542,0.75,control,2,258265,b4f2aceb-f109-4ece-8c52-516dff26824f
1,round 1,Alireza,b4f2aceb-f109-4ece-8c52-516dff26824f::2,The user threatened to kill people and used homophobic language; pretty clear suspend situation.,Type of offensiveness,Hate speech and offensive language,span,44,63,homophobic language,,Sun Sep 06 2026 19:10:08 GMT+0000 (Coordinated Universal Time),2,5,1.929,Suspend,13542,0.75,control,2,258265,b4f2aceb-f109-4ece-8c52-516dff26824f
1,round 1,Alireza,b4f2aceb-f109-4ece-8c52-516dff26824f::4,Looked fine at first but then the user threatened to kill people which obviously would go against all social media TOS...,Type of offensiveness,Death wish,span,34,64,user threatened to kill people,,Tue Sep 01 2026 02:12:12 GMT+0000 (Coordinated Universal Time),4,5,2.503,Suspend,13542,0.25,control,7,258265,b4f2aceb-f109-4ece-8c52-516dff26824f
1,round 1,Alireza,b63113e4-de0c-4278-a1df-c8c49b7f45ce::3,A whole bunch of nasty words. It all seemed like an attack.,Patterns of behavior,Consistent offensive behavior,span,0,28,A whole bunch of nasty words,,Sun Sep 06 2026 17:18:48 GMT+0000 (Coordinated Universal Time),3,4.92,3.86,Suspend,43521,0.5,control,3,ac1eae,b63113e4-de0c-4278-a1df-c8c49b7f45ce
1,round 1,Alireza,b63113e4-de0c-4278-a1df-c8c49b7f45ce::3,A whole bunch of nasty words. It all seemed like an attack.,Type of offensiveness,Threats of violence,span,30,59,It all seemed like an attack.,,Sun Sep 06 2026 17:18:55 GMT+0000 (Coordinated Universal Time),3,4.92,3.86,Suspend,43521,0.5,control,3,ac1eae,b63113e4-de0c-4278-a1df-c8c49b7f45ce
1,round 1,Alireza,b63113e4-de0c-4278-a1df-c8c49b7f45ce::5,Nothing that was said was rude or an attack.,Type of offensiveness,No offensive content,span,0,44,Nothing that was said was rude or an attack.,,Mon Sep 07 2026 19:03:28 GMT+0000 (Coordinated Universal Time),5,4.93,2.544,Do not suspend,43521,0,control,2,ac1eae,b63113e4-de0c-4278-a1df-c8c49b7f45ce
1,round 1,Alireza,b6b0dd0d-1f6d-4ee0-810f-69707200d1b6::1,This is extremely offensive and targeted towards the message receiver.,Type of offensiveness,Hate speech and offensive language,span,0,70,This is extremely offensive and targeted towards the message receiver.,,Tue Sep 01 2026 01:50:48 GMT+0000 (Coordinated Universal Time),1,5,4.811,Suspend,43125,1,ai,1,615c31,b6b0dd0d-1f6d-4ee0-810f-69707200d1b6
1,round 1,Alireza,b6b0dd0d-1f6d-4ee0-810f-69707200d1b6::3,The message contained very offensive language that was targeted towards someone else.,Type of offensiveness,Hate speech and offensive language,span,0,85,The message contained very offensive language that was targeted towards someone else.,,Tue Sep 01 2026 01:25:11 GMT+0000 (Coordinated Universal Time),3,5,7.134,Suspend,43125,0.5,ai,1,615c31,b6b0dd0d-1f6d-4ee0-810f-69707200d1b6
1,round 1,Alireza,bca2b95f-7226-4f43-82f4-830afcaac965::4,"The first was negative but hardly offensive. The second seems innocent, but following the first it was hard to be sure. The third and seventh should have been enough on their own - looking at them all together and even the non-offensive ones seem off",Justifications,Not too offensive,span,23,44,but hardly offensive.,,Tue Sep 01 2026 01:30:10 GMT+0000 (Coordinated Universal Time),4,3.48,5.818,Suspend,35241,0.25,ai,11,c26fc4,bca2b95f-7226-4f43-82f4-830afcaac965
1,round 1,Alireza,bca2b95f-7226-4f43-82f4-830afcaac965::4,"The first was negative but hardly offensive. The second seems innocent, but following the first it was hard to be sure. The third and seventh should have been enough on their own - looking at them all together and even the non-offensive ones seem off",Patterns of behavior,Consistent offensive behavior,span,120,250,The third and seventh should have been enough on their own - looking at them all together and even the non-offensive ones seem off,,Tue Sep 01 2026 01:30:34 GMT+0000 (Coordinated Universal Time),4,3.48,5.818,Suspend,35241,0.25,ai,11,c26fc4,bca2b95f-7226-4f43-82f4-830afcaac965
1,round 1,Alireza,bd79c313-854a-41ba-9ec5-9258e4002f4c::3,"Again, the name calling is highly derogatory.",Type of offensiveness,Hate speech and offensive language,span,7,45,the name calling is highly derogatory.,,Tue Sep 01 2026 02:39:36 GMT+0000 (Coordinated Universal Time),3,4.01,3.456,Suspend,45132,0.5,control,5,6e910b,bd79c313-854a-41ba-9ec5-9258e4002f4c
1,round 1,Alireza,bd79c313-854a-41ba-9ec5-9258e4002f4c::5,The messages were not offensive in nature and targeted no one.,Type of offensiveness,No offensive content,span,1,62,he messages were not offensive in nature and targeted no one.,,Sun Sep 06 2026 19:01:35 GMT+0000 (Coordinated Universal Time),5,3.97,3.651,Do not suspend,45132,0,control,4,6e910b,bd79c313-854a-41ba-9ec5-9258e4002f4c
1,round 1,Alireza,bedc9a1a-10e3-44c7-bb4d-39124442903c::2,This is a case where someone is being threatened,Type of offensiveness,Threats of violence,unit,,,,,Sun Sep 06 2026 17:26:49 GMT+0000 (Coordinated Universal Time),2,3.99,6.243,Suspend,45213,0.75,crowd,1,4.41E+03,bedc9a1a-10e3-44c7-bb4d-39124442903c
1,round 1,Alireza,bef3e651-f359-42d6-8fe2-4f5d8679094b::3,The phrase 'dysfunction sexual' indicates to me this person is a troll or a bot from another country that doesn't speak English.,Type of offensiveness,Hate speech and offensive language,span,0,31,The phrase 'dysfunction sexual',,Mon Aug 31 2026 23:30:16 GMT+0000 (Coordinated Universal Time),3,3.28,5.152,Suspend,13425,0.5,ai,11,5a86f9,bef3e651-f359-42d6-8fe2-4f5d8679094b
1,round 1,Alireza,bef3e651-f359-42d6-8fe2-4f5d8679094b::3,The phrase 'dysfunction sexual' indicates to me this person is a troll or a bot from another country that doesn't speak English.,Patterns of behavior,Troll or bot,span,53,128,person is a troll or a bot from another country that doesn't speak English.,,Mon Aug 31 2026 23:31:50 GMT+0000 (Coordinated Universal Time),3,3.28,5.152,Suspend,13425,0.5,ai,11,5a86f9,bef3e651-f359-42d6-8fe2-4f5d8679094b
1,round 1,Alireza,c1c49268-65da-4292-9bf1-aee628702e30::5,positive and thoughtful messages,,positive content,span,0,8,positive,,Sun Sep 06 2026 17:19:34 GMT+0000 (Coordinated Universal Time),5,5,5.954,Do not suspend,34251,0,crowd,2,e73c41,c1c49268-65da-4292-9bf1-aee628702e30
1,round 1,Alireza,c1c49268-65da-4292-9bf1-aee628702e30::5,positive and thoughtful messages,Positive content,Calm and thoughtful,span,13,32,thoughtful messages,,Sun Sep 06 2026 17:19:48 GMT+0000 (Coordinated Universal Time),5,5,5.954,Do not suspend,34251,0,crowd,2,e73c41,c1c49268-65da-4292-9bf1-aee628702e30
1,round 1,Alireza,c24f2390-4cb5-45d7-85ee-2263bbf61e7c::1,This messages that were presented were all extremely offensive and full of hate. Bigotry and telling someone that they wished they and their dog would die should not be allowed.,Patterns of behavior,Consistent offensive behavior,span,0,62,This messages that were presented were all extremely offensive,,Tue Sep 01 2026 01:19:10 GMT+0000 (Coordinated Universal Time),1,5,7.404,Suspend,13254,1,control,3,73b2ff,c24f2390-4cb5-45d7-85ee-2263bbf61e7c
1,round 1,Alireza,c24f2390-4cb5-45d7-85ee-2263bbf61e7c::1,This messages that were presented were all extremely offensive and full of hate. Bigotry and telling someone that they wished they and their dog would die should not be allowed.,Type of offensiveness,Hate speech and offensive language,span,67,79,full of hate,,Tue Sep 01 2026 01:19:14 GMT+0000 (Coordinated Universal Time),1,5,7.404,Suspend,13254,1,control,3,73b2ff,c24f2390-4cb5-45d7-85ee-2263bbf61e7c
1,round 1,Alireza,c24f2390-4cb5-45d7-85ee-2263bbf61e7c::1,This messages that were presented were all extremely offensive and full of hate. Bigotry and telling someone that they wished they and their dog would die should not be allowed.,Type of offensiveness,Hate speech and offensive language,span,81,108,Bigotry and telling someone,,Tue Sep 01 2026 01:19:24 GMT+0000 (Coordinated Universal Time),1,5,7.404,Suspend,13254,1,control,3,73b2ff,c24f2390-4cb5-45d7-85ee-2263bbf61e7c
1,round 1,Alireza,c24f2390-4cb5-45d7-85ee-2263bbf61e7c::1,This messages that were presented were all extremely offensive and full of hate. Bigotry and telling someone that they wished they and their dog would die should not be allowed.,Type of offensiveness,Death wish,span,114,154,they wished they and their dog would die,,Tue Sep 01 2026 01:20:07 GMT+0000 (Coordinated Universal Time),1,5,7.404,Suspend,13254,1,control,3,73b2ff,c24f2390-4cb5-45d7-85ee-2263bbf61e7c
1,round 1,Alireza,c44e69cf-f4f8-49b8-b6bd-dd591e275204::1,Account 3 made offensive and homophobic remarks and should not be able to message or use their acccount.,Type of offensiveness,Hate speech and offensive language,span,15,47,offensive and homophobic remarks,,Sun Sep 06 2026 17:17:59 GMT+0000 (Coordinated Universal Time),1,5,3.203,Suspend,34152,1,ai,1,71209e,c44e69cf-f4f8-49b8-b6bd-dd591e275204
1,round 1,Alireza,c44e69cf-f4f8-49b8-b6bd-dd591e275204::3,Account 1 made extremely offensive remarks that would be classified as verbal assault if said face-to-face in real life.,Type of offensiveness,Hate speech and offensive language,span,10,120,made extremely offensive remarks that would be classified as verbal assault if said face-to-face in real life.,,Tue Sep 01 2026 01:36:44 GMT+0000 (Coordinated Universal Time),3,4,4.721,Suspend,34152,0.5,ai,1,71209e,c44e69cf-f4f8-49b8-b6bd-dd591e275204
1,round 1,Alireza,c527f981-4f55-4b7c-a648-27d8a79facb1::2,"Not only did account 3 use slurs, but they also threaten another user with lethal violence and admit to committing a crime.",Type of offensiveness,Hate speech and offensive language,unit,,,,,Sun Sep 06 2026 18:56:42 GMT+0000 (Coordinated Universal Time),2,5,3.318,Suspend,53214,0.75,ai,2,fedb6a,c527f981-4f55-4b7c-a648-27d8a79facb1
1,round 1,Alireza,c527f981-4f55-4b7c-a648-27d8a79facb1::2,"Not only did account 3 use slurs, but they also threaten another user with lethal violence and admit to committing a crime.",Type of offensiveness,Threats of violence,span,34,123,but they also threaten another user with lethal violence and admit to committing a crime.,,Sun Sep 06 2026 18:56:48 GMT+0000 (Coordinated Universal Time),2,5,3.318,Suspend,53214,0.75,ai,2,fedb6a,c527f981-4f55-4b7c-a648-27d8a79facb1
1,round 1,Alireza,c5c9cae2-2617-48fa-adb7-c0e822b8b5ff::1,"Account 5 contains nothing but hurtful and suicidal comments that have only the intent to harm someone's psyche.

Message 2: ""Your dog deserves to die like the stupid dog he is. Where is the death when we need it?"" Is the most hurtful of them all.",Patterns of behavior,Consistent offensive behavior,span,19,111,nothing but hurtful and suicidal comments that have only the intent to harm someone's psyche,,Tue Sep 01 2026 01:26:33 GMT+0000 (Coordinated Universal Time),1,5,6.383,Suspend,35241,1,control,5,cda2dd,c5c9cae2-2617-48fa-adb7-c0e822b8b5ff
1,round 1,Alireza,c5c9cae2-2617-48fa-adb7-c0e822b8b5ff::1,"Account 5 contains nothing but hurtful and suicidal comments that have only the intent to harm someone's psyche.

Message 2: ""Your dog deserves to die like the stupid dog he is. Where is the death when we need it?"" Is the most hurtful of them all.",Type of offensiveness,Death wish,span,127,176,our dog deserves to die like the stupid dog he is,,Tue Sep 01 2026 01:26:40 GMT+0000 (Coordinated Universal Time),1,5,6.383,Suspend,35241,1,control,5,cda2dd,c5c9cae2-2617-48fa-adb7-c0e822b8b5ff
1,round 1,Alireza,c5c9cae2-2617-48fa-adb7-c0e822b8b5ff::1,"Account 5 contains nothing but hurtful and suicidal comments that have only the intent to harm someone's psyche.

Message 2: ""Your dog deserves to die like the stupid dog he is. Where is the death when we need it?"" Is the most hurtful of them all.",Type of offensiveness,Death wish,span,178,213,Where is the death when we need it?,,Tue Sep 01 2026 01:26:48 GMT+0000 (Coordinated Universal Time),1,5,6.383,Suspend,35241,1,control,5,cda2dd,c5c9cae2-2617-48fa-adb7-c0e822b8b5ff
1,round 1,Alireza,c5c9cae2-2617-48fa-adb7-c0e822b8b5ff::3,"Account 1 has a history of insulting others with profanity and vulgar slurs. In message 1, the account calls someone a faggot and writes their opinion in the most unprofessional manner.

In Message 3, the account insults and bullies someone's family.",Patterns of behavior,Consistent offensive behavior,span,0,76,Account 1 has a history of insulting others with profanity and vulgar slurs.,,Mon Sep 07 2026 14:51:39 GMT+0000 (Coordinated Universal Time),3,5,7.336,Suspend,35241,0.5,control,3,cda2dd,c5c9cae2-2617-48fa-adb7-c0e822b8b5ff
1,round 1,Alireza,c5c9cae2-2617-48fa-adb7-c0e822b8b5ff::3,"Account 1 has a history of insulting others with profanity and vulgar slurs. In message 1, the account calls someone a faggot and writes their opinion in the most unprofessional manner.

In Message 3, the account insults and bullies someone's family.",Type of offensiveness,Hate speech and offensive language,span,91,184,the account calls someone a faggot and writes their opinion in the most unprofessional manner,,Mon Sep 07 2026 18:39:28 GMT+0000 (Coordinated Universal Time),3,5,7.336,Suspend,35241,0.5,control,3,cda2dd,c5c9cae2-2617-48fa-adb7-c0e822b8b5ff
1,round 1,Alireza,c5c9cae2-2617-48fa-adb7-c0e822b8b5ff::3,"Account 1 has a history of insulting others with profanity and vulgar slurs. In message 1, the account calls someone a faggot and writes their opinion in the most unprofessional manner.

In Message 3, the account insults and bullies someone's family.",Type of offensiveness,Hate speech and offensive language,span,187,250,"In Message 3, the account insults and bullies someone's family.",,Mon Sep 07 2026 18:39:20 GMT+0000 (Coordinated Universal Time),3,5,7.336,Suspend,35241,0.5,control,3,cda2dd,c5c9cae2-2617-48fa-adb7-c0e822b8b5ff
1,round 1,Alireza,c6eef4ea-2f4a-40a5-9dc1-5aed7039ab2d::1,I decided to suspend because the F word is really a hate crime word and wishing death on someone is not a very nice thing to do. the tongue is a powerful tool,Type of offensiveness,Hate speech and offensive language,span,0,67,I decided to suspend because the F word is really a hate crime word,,Mon Sep 07 2026 19:02:18 GMT+0000 (Coordinated Universal Time),1,4.01,4.782,Suspend,23541,1,ai,1,9a6580,c6eef4ea-2f4a-40a5-9dc1-5aed7039ab2d
1,round 1,Alireza,c6eef4ea-2f4a-40a5-9dc1-5aed7039ab2d::1,I decided to suspend because the F word is really a hate crime word and wishing death on someone is not a very nice thing to do. the tongue is a powerful tool,Type of offensiveness,Death wish,span,72,128,wishing death on someone is not a very nice thing to do.,,Mon Sep 07 2026 19:02:23 GMT+0000 (Coordinated Universal Time),1,4.01,4.782,Suspend,23541,1,ai,1,9a6580,c6eef4ea-2f4a-40a5-9dc1-5aed7039ab2d
1,round 1,Alireza,c6eef4ea-2f4a-40a5-9dc1-5aed7039ab2d::5,don't recommend to suspend because basically the message is saying that if it wasnt for these great people they idea wouldnt be where it is today,Positive content,Personal opinions and thoughts,span,0,145,don't recommend to suspend because basically the message is saying that if it wasnt for these great people they idea wouldnt be where it is today,,Sun Sep 06 2026 17:23:53 GMT+0000 (Coordinated Universal Time),5,4.98,4.509,Do not suspend,23541,0,ai,1,9a6580,c6eef4ea-2f4a-40a5-9dc1-5aed7039ab2d
1,round 1,Alireza,c6f200db-4b69-4f98-9f7e-6233387c570b::4,Anyone who puts into print that they will kill is unstable and scary.  The other 5 messages don't erase this,Type of offensiveness,Threats of violence,span,0,46,Anyone who puts into print that they will kill,,Mon Sep 07 2026 19:00:15 GMT+0000 (Coordinated Universal Time),4,5,5.135,Suspend,52143,0.25,crowd,7,6ec826,c6f200db-4b69-4f98-9f7e-6233387c570b
1,round 1,Alireza,c6f200db-4b69-4f98-9f7e-6233387c570b::4,Anyone who puts into print that they will kill is unstable and scary.  The other 5 messages don't erase this,Justifications,Poster is a bad person,span,50,69,unstable and scary.,,Mon Sep 07 2026 19:00:27 GMT+0000 (Coordinated Universal Time),4,5,5.135,Suspend,52143,0.25,crowd,7,6ec826,c6f200db-4b69-4f98-9f7e-6233387c570b
1,round 1,Alireza,c6f200db-4b69-4f98-9f7e-6233387c570b::4,Anyone who puts into print that they will kill is unstable and scary.  The other 5 messages don't erase this,Patterns of behavior,one message is enough (offensive),span,71,108,The other 5 messages don't erase this,,Mon Sep 07 2026 19:00:33 GMT+0000 (Coordinated Universal Time),4,5,5.135,Suspend,52143,0.25,crowd,7,6ec826,c6f200db-4b69-4f98-9f7e-6233387c570b
1,round 1,Alireza,cb472703-21d2-478b-9176-6c5e4e3609cc::4,Potential of causing online harassment with the way the account owner writes.,Type of offensiveness,Harm other person,span,0,77,Potential of causing online harassment with the way the account owner writes.,,Sun Sep 06 2026 17:22:13 GMT+0000 (Coordinated Universal Time),4,5,5.177,Suspend,35421,0.25,control,3,a0fe49,cb472703-21d2-478b-9176-6c5e4e3609cc
1,round 1,Alireza,cd5ebfe6-0aa8-4fb0-a702-45fb61be1ae2::3,majority of comments were offensive,Patterns of behavior,Majority offesnive,span,0,35,majority of comments were offensive,,Mon Sep 07 2026 18:43:42 GMT+0000 (Coordinated Universal Time),3,5,3.672,Suspend,45132,0.5,crowd,5,6a2b0c,cd5ebfe6-0aa8-4fb0-a702-45fb61be1ae2
1,round 1,Alireza,cf6112f1-e280-46e9-acf6-00f7d2f5077f::3,My vote on this was because the hate and threats were more than other non offensive talks in the account,Type of offensiveness,Hate speech and offensive language,span,0,36,My vote on this was because the hate,,Sun Sep 06 2026 19:07:25 GMT+0000 (Coordinated Universal Time),3,4.06,7.096,Suspend,21354,0.5,ai,5,3a1bee,cf6112f1-e280-46e9-acf6-00f7d2f5077f
1,round 1,Alireza,cf6112f1-e280-46e9-acf6-00f7d2f5077f::3,My vote on this was because the hate and threats were more than other non offensive talks in the account,Type of offensiveness,Threats of violence,span,41,48,threats,,Sun Sep 06 2026 19:07:27 GMT+0000 (Coordinated Universal Time),3,4.06,7.096,Suspend,21354,0.5,ai,5,3a1bee,cf6112f1-e280-46e9-acf6-00f7d2f5077f
1,round 1,Alireza,cf6112f1-e280-46e9-acf6-00f7d2f5077f::3,My vote on this was because the hate and threats were more than other non offensive talks in the account,Patterns of behavior,Majority offesnive,span,49,104,were more than other non offensive talks in the account,,Sun Sep 06 2026 19:07:39 GMT+0000 (Coordinated Universal Time),3,4.06,7.096,Suspend,21354,0.5,ai,5,3a1bee,cf6112f1-e280-46e9-acf6-00f7d2f5077f
1,round 1,Alireza,cf6112f1-e280-46e9-acf6-00f7d2f5077f::5,There was nothing offensive about this account,Type of offensiveness,No offensive content,span,10,46,nothing offensive about this account,,Tue Sep 01 2026 01:29:38 GMT+0000 (Coordinated Universal Time),5,5,3.894,Do not suspend,21354,0,ai,2,3a1bee,cf6112f1-e280-46e9-acf6-00f7d2f5077f
1,round 1,Alireza,d00d109f-0e94-4f8a-90d8-42ef0a3a705d::3,It was not all that harsh,Type of offensiveness,No offensive content,span,1,25,t was not all that harsh,,Sun Sep 06 2026 19:00:12 GMT+0000 (Coordinated Universal Time),3,3.25,7.729,Do not suspend,54231,0.5,ai,1,e124c5,d00d109f-0e94-4f8a-90d8-42ef0a3a705d
1,round 1,Alireza,d779ac11-4118-4ccc-b842-051b96c6e4f7::3,Homophobic and offensive language,Type of offensiveness,Hate speech and offensive language,span,0,33,Homophobic and offensive language,,Tue Sep 01 2026 02:12:39 GMT+0000 (Coordinated Universal Time),3,5,2.742,Suspend,41235,0.5,ai,3,9da821,d779ac11-4118-4ccc-b842-051b96c6e4f7
1,round 1,Alireza,d7a57288-ab65-46bf-a376-66f7eb2be30b::5,There is no evidence of anything offensive or harmful in meaning that I could see.,Type of offensiveness,No offensive content,span,0,42,There is no evidence of anything offensive,,Tue Sep 01 2026 01:22:23 GMT+0000 (Coordinated Universal Time),5,4.9,3.476,Do not suspend,41523,0,crowd,4,bcde7e,d7a57288-ab65-46bf-a376-66f7eb2be30b
1,round 1,Alireza,d7a83ebf-ff90-45ee-946f-bf3053a6cda0::5,"I went through 6 messages and none were offensive. However, I wish I had chosen to not suspend the account with a confidence of 4 because I don't know what other potential messages could've said.",Type of offensiveness,No offensive content,span,0,49,I went through 6 messages and none were offensive,,Tue Sep 01 2026 01:17:06 GMT+0000 (Coordinated Universal Time),5,5,5.286,Do not suspend,45321,0,control,6,cd2ce0,d7a83ebf-ff90-45ee-946f-bf3053a6cda0
1,round 1,Alireza,d7a83ebf-ff90-45ee-946f-bf3053a6cda0::5,"I went through 6 messages and none were offensive. However, I wish I had chosen to not suspend the account with a confidence of 4 because I don't know what other potential messages could've said.",Reflection on the decision,Expressed uncertainty,span,87,129,suspend the account with a confidence of 4,,Tue Sep 01 2026 01:17:23 GMT+0000 (Coordinated Universal Time),5,5,5.286,Do not suspend,45321,0,control,6,cd2ce0,d7a83ebf-ff90-45ee-946f-bf3053a6cda0
1,round 1,Alireza,dae5d879-459a-4032-b74b-dcfe82741929::2,Threatening violence or encouraging suicide should be the grounds of a suspension.,Type of offensiveness,Threats of violence,span,0,20,Threatening violence,,Sun Sep 06 2026 17:22:40 GMT+0000 (Coordinated Universal Time),2,5,3.516,Suspend,21354,0.75,ai,5,518a62,dae5d879-459a-4032-b74b-dcfe82741929
1,round 1,Alireza,dae5d879-459a-4032-b74b-dcfe82741929::2,Threatening violence or encouraging suicide should be the grounds of a suspension.,Type of offensiveness,Death wish,span,24,43,encouraging suicide,,Sun Sep 06 2026 17:22:44 GMT+0000 (Coordinated Universal Time),2,5,3.516,Suspend,21354,0.75,ai,5,518a62,dae5d879-459a-4032-b74b-dcfe82741929
1,round 1,Alireza,de8e7b52-f7f9-4b40-ab8e-49d465559c62::3,Homophobic remark and making fun of the mentally handicapped.,Type of offensiveness,Hate speech and offensive language,span,0,61,Homophobic remark and making fun of the mentally handicapped.,,Sun Sep 06 2026 18:51:35 GMT+0000 (Coordinated Universal Time),3,5,3.346,Suspend,14253,0.5,control,6,6b430a,de8e7b52-f7f9-4b40-ab8e-49d465559c62
1,round 1,Alireza,de8e7b52-f7f9-4b40-ab8e-49d465559c62::4,I didn't see anything offensive in these.,Type of offensiveness,No offensive content,span,0,41,I didn't see anything offensive in these.,,Tue Sep 01 2026 01:36:00 GMT+0000 (Coordinated Universal Time),4,5,4.464,Do not suspend,14253,0.25,control,2,6b430a,de8e7b52-f7f9-4b40-ab8e-49d465559c62
1,round 1,Alireza,e00c38ec-0c24-4ca1-b8bf-9228303ec39a::1,This account needs to be suspended because they are saying offensive and hateful words. Multiple sentences of offensive speech were used.,Type of offensiveness,Hate speech and offensive language,span,59,68,offensive,,Sun Sep 06 2026 19:08:18 GMT+0000 (Coordinated Universal Time),1,5,8.7,Suspend,13425,1,crowd,1,a7e868,e00c38ec-0c24-4ca1-b8bf-9228303ec39a
1,round 1,Alireza,e00c38ec-0c24-4ca1-b8bf-9228303ec39a::1,This account needs to be suspended because they are saying offensive and hateful words. Multiple sentences of offensive speech were used.,Type of offensiveness,Hate speech and offensive language,span,73,80,hateful,,Sun Sep 06 2026 19:08:20 GMT+0000 (Coordinated Universal Time),1,5,8.7,Suspend,13425,1,crowd,1,a7e868,e00c38ec-0c24-4ca1-b8bf-9228303ec39a
1,round 1,Alireza,e00c38ec-0c24-4ca1-b8bf-9228303ec39a::1,This account needs to be suspended because they are saying offensive and hateful words. Multiple sentences of offensive speech were used.,Patterns of behavior,Consistent offensive behavior,span,88,137,Multiple sentences of offensive speech were used.,,Sun Sep 06 2026 19:08:25 GMT+0000 (Coordinated Universal Time),1,5,8.7,Suspend,13425,1,crowd,1,a7e868,e00c38ec-0c24-4ca1-b8bf-9228303ec39a
1,round 1,Alireza,e085b63a-4193-4860-a0ed-50cab0931043::2,use of slurs and threats,Type of offensiveness,Threats of violence,unit,,,,,Sun Sep 06 2026 19:14:43 GMT+0000 (Coordinated Universal Time),2,3.98,5.35,Suspend,12345,0.75,control,9,6f65a1,e085b63a-4193-4860-a0ed-50cab0931043
1,round 1,Alireza,e085b63a-4193-4860-a0ed-50cab0931043::2,use of slurs and threats,Type of offensiveness,Hate speech and offensive language,span,0,24,use of slurs and threats,,Sun Sep 06 2026 19:14:42 GMT+0000 (Coordinated Universal Time),2,3.98,5.35,Suspend,12345,0.75,control,9,6f65a1,e085b63a-4193-4860-a0ed-50cab0931043
1,round 1,Alireza,e085b63a-4193-4860-a0ed-50cab0931043::3,use of slurs and threats,Type of offensiveness,Hate speech and offensive language,span,0,24,use of slurs and threats,,Mon Sep 07 2026 19:11:57 GMT+0000 (Coordinated Universal Time),3,4.41,10.792,Suspend,12345,0.5,control,3,6f65a1,e085b63a-4193-4860-a0ed-50cab0931043
1,round 1,Alireza,e1155a7e-7ace-4083-adcf-27d2ae8bdd4c::1,this person is using derogatory and demeaning phrases which is never okay. any sort of death threats should not be taking lightly no matter what's the case.,Type of offensiveness,Threats of violence,unit,,,,,Mon Sep 07 2026 14:51:26 GMT+0000 (Coordinated Universal Time),1,5,7.07,Suspend,52134,1,control,8,7caa1a,e1155a7e-7ace-4083-adcf-27d2ae8bdd4c
1,round 1,Alireza,e1155a7e-7ace-4083-adcf-27d2ae8bdd4c::1,this person is using derogatory and demeaning phrases which is never okay. any sort of death threats should not be taking lightly no matter what's the case.,Type of offensiveness,Hate speech and offensive language,span,15,53,using derogatory and demeaning phrases,,Mon Sep 07 2026 14:51:17 GMT+0000 (Coordinated Universal Time),1,5,7.07,Suspend,52134,1,control,8,7caa1a,e1155a7e-7ace-4083-adcf-27d2ae8bdd4c
1,round 1,Alireza,e1155a7e-7ace-4083-adcf-27d2ae8bdd4c::1,this person is using derogatory and demeaning phrases which is never okay. any sort of death threats should not be taking lightly no matter what's the case.,Type of offensiveness,Death wish,span,75,156,any sort of death threats should not be taking lightly no matter what's the case.,,Mon Sep 07 2026 14:51:25 GMT+0000 (Coordinated Universal Time),1,5,7.07,Suspend,52134,1,control,8,7caa1a,e1155a7e-7ace-4083-adcf-27d2ae8bdd4c
1,round 1,Alireza,e1155a7e-7ace-4083-adcf-27d2ae8bdd4c::3,clear racism and family death threats and name calling. all things that should be considered being banned from any social media platforms and looked into for therapy.,Type of offensiveness,Hate speech and offensive language,span,0,12,clear racism,,Sun Sep 06 2026 19:12:50 GMT+0000 (Coordinated Universal Time),3,3.62,5.971,Suspend,52134,0.5,control,13,7caa1a,e1155a7e-7ace-4083-adcf-27d2ae8bdd4c
1,round 1,Alireza,e1155a7e-7ace-4083-adcf-27d2ae8bdd4c::3,clear racism and family death threats and name calling. all things that should be considered being banned from any social media platforms and looked into for therapy.,Type of offensiveness,Threats of violence,span,17,54,family death threats and name calling,,Sun Sep 06 2026 19:12:53 GMT+0000 (Coordinated Universal Time),3,3.62,5.971,Suspend,52134,0.5,control,13,7caa1a,e1155a7e-7ace-4083-adcf-27d2ae8bdd4c
1,round 1,Alireza,e1155a7e-7ace-4083-adcf-27d2ae8bdd4c::3,clear racism and family death threats and name calling. all things that should be considered being banned from any social media platforms and looked into for therapy.,Type of offensiveness,Death wish,span,24,36,death threat,,Sun Sep 06 2026 19:12:57 GMT+0000 (Coordinated Universal Time),3,3.62,5.971,Suspend,52134,0.5,control,13,7caa1a,e1155a7e-7ace-4083-adcf-27d2ae8bdd4c
1,round 1,Alireza,e1155a7e-7ace-4083-adcf-27d2ae8bdd4c::5,He/she are just projecting their own views and not bashing or using vulgar language in the process or threatening anyone.,Positive content,Personal opinions and thoughts,span,0,121,He/she are just projecting their own views and not bashing or using vulgar language in the process or threatening anyone.,,Tue Sep 01 2026 02:43:40 GMT+0000 (Coordinated Universal Time),5,4.84,10.599,Do not suspend,52134,0,control,5,7caa1a,e1155a7e-7ace-4083-adcf-27d2ae8bdd4c
1,round 1,Alireza,e12acac9-85cf-4d27-8cfe-574a2ebf661e::5,that was appreciative statement rather,,positive content,span,0,38,that was appreciative statement rather,,Mon Sep 07 2026 18:39:42 GMT+0000 (Coordinated Universal Time),5,5,6.827,Do not suspend,13245,0,control,1,b616f6,e12acac9-85cf-4d27-8cfe-574a2ebf661e
1,round 1,Alireza,e2fa081b-c814-43a8-8f96-e17d35139c28::5,"This person seems genuine and normal. Didn't go all the way through too many messages, but they seemed consistently reasonable.",Patterns of behavior,Normal behavior,span,0,37,This person seems genuine and normal.,,Mon Sep 07 2026 18:45:25 GMT+0000 (Coordinated Universal Time),5,4.54,6.743,Do not suspend,24531,0,ai,7,6ff5fc,e2fa081b-c814-43a8-8f96-e17d35139c28
1,round 1,Alireza,e2fa081b-c814-43a8-8f96-e17d35139c28::5,"This person seems genuine and normal. Didn't go all the way through too many messages, but they seemed consistently reasonable.",Type of offensiveness,No offensive content,span,38,127,"Didn't go all the way through too many messages, but they seemed consistently reasonable.",,Mon Sep 07 2026 18:45:43 GMT+0000 (Coordinated Universal Time),5,4.54,6.743,Do not suspend,24531,0,ai,7,6ff5fc,e2fa081b-c814-43a8-8f96-e17d35139c28
1,round 1,Alireza,e333043d-2079-4f68-aab0-a60fa33898ff::2,"User posted a lot of violent and homophobic comments, talked about killing people a lot, and made offensive statements about women.",Type of offensiveness,Threats of violence,span,14,28,lot of violent,,Sun Sep 06 2026 19:02:15 GMT+0000 (Coordinated Universal Time),2,5,3.594,Suspend,31524,0.75,ai,9,65b2c8,e333043d-2079-4f68-aab0-a60fa33898ff
1,round 1,Alireza,e333043d-2079-4f68-aab0-a60fa33898ff::2,"User posted a lot of violent and homophobic comments, talked about killing people a lot, and made offensive statements about women.",Type of offensiveness,Hate speech and offensive language,span,33,52,homophobic comments,,Sun Sep 06 2026 19:02:18 GMT+0000 (Coordinated Universal Time),2,5,3.594,Suspend,31524,0.75,ai,9,65b2c8,e333043d-2079-4f68-aab0-a60fa33898ff
1,round 1,Alireza,e333043d-2079-4f68-aab0-a60fa33898ff::2,"User posted a lot of violent and homophobic comments, talked about killing people a lot, and made offensive statements about women.",Type of offensiveness,Threats of violence,span,54,88,"talked about killing people a lot,",,Sun Sep 06 2026 19:02:27 GMT+0000 (Coordinated Universal Time),2,5,3.594,Suspend,31524,0.75,ai,9,65b2c8,e333043d-2079-4f68-aab0-a60fa33898ff
1,round 1,Alireza,e333043d-2079-4f68-aab0-a60fa33898ff::2,"User posted a lot of violent and homophobic comments, talked about killing people a lot, and made offensive statements about women.",Type of offensiveness,Hate speech and offensive language,span,89,131,and made offensive statements about women.,,Sun Sep 06 2026 19:02:38 GMT+0000 (Coordinated Universal Time),2,5,3.594,Suspend,31524,0.75,ai,9,65b2c8,e333043d-2079-4f68-aab0-a60fa33898ff
1,round 1,Alireza,e333043d-2079-4f68-aab0-a60fa33898ff::3,"This user posted several offensive comments, and used homophobic slurs multiple times. User also insulted someone's family. User also made racist comments.",Patterns of behavior,Consistent offensive behavior,span,0,44,"This user posted several offensive comments,",,Sun Sep 06 2026 18:55:58 GMT+0000 (Coordinated Universal Time),3,5,4.429,Suspend,31524,0.5,ai,7,65b2c8,e333043d-2079-4f68-aab0-a60fa33898ff
1,round 1,Alireza,e333043d-2079-4f68-aab0-a60fa33898ff::3,"This user posted several offensive comments, and used homophobic slurs multiple times. User also insulted someone's family. User also made racist comments.",Type of offensiveness,Hate speech and offensive language,span,45,86,and used homophobic slurs multiple times.,,Sun Sep 06 2026 18:55:49 GMT+0000 (Coordinated Universal Time),3,5,4.429,Suspend,31524,0.5,ai,7,65b2c8,e333043d-2079-4f68-aab0-a60fa33898ff
1,round 1,Alireza,e333043d-2079-4f68-aab0-a60fa33898ff::3,"This user posted several offensive comments, and used homophobic slurs multiple times. User also insulted someone's family. User also made racist comments.",Type of offensiveness,racial remark,span,87,155,User also insulted someone's family. User also made racist comments.,,Sun Sep 06 2026 18:55:55 GMT+0000 (Coordinated Universal Time),3,5,4.429,Suspend,31524,0.5,ai,7,65b2c8,e333043d-2079-4f68-aab0-a60fa33898ff
1,round 1,Alireza,e5aac9cd-6015-4636-92c1-78d14a5ac996::3,They had multiple messages where they were attacking the person they were messaging. The attacks use slurs and words that are just straight up wrong to use in any situation.,Type of offensiveness,Hate speech and offensive language,span,0,83,They had multiple messages where they were attacking the person they were messaging,,Tue Sep 01 2026 01:26:04 GMT+0000 (Coordinated Universal Time),3,4.01,5.092,Suspend,35214,0.5,crowd,3,757572,e5aac9cd-6015-4636-92c1-78d14a5ac996
1,round 1,Alireza,e5aac9cd-6015-4636-92c1-78d14a5ac996::3,They had multiple messages where they were attacking the person they were messaging. The attacks use slurs and words that are just straight up wrong to use in any situation.,Type of offensiveness,Hate speech and offensive language,span,85,173,The attacks use slurs and words that are just straight up wrong to use in any situation.,,Tue Sep 01 2026 01:26:09 GMT+0000 (Coordinated Universal Time),3,4.01,5.092,Suspend,35214,0.5,crowd,3,757572,e5aac9cd-6015-4636-92c1-78d14a5ac996
1,round 1,Alireza,e5aac9cd-6015-4636-92c1-78d14a5ac996::4,"There was one message that was offensive, but the rest of them are normal. If there was one more offensive message, I would have chosen to suspend.",Patterns of behavior,One-off offensive,span,0,40,There was one message that was offensive,,Mon Sep 07 2026 19:12:30 GMT+0000 (Coordinated Universal Time),4,4.86,2.623,Do not suspend,35214,0.25,crowd,6,757572,e5aac9cd-6015-4636-92c1-78d14a5ac996
1,round 1,Alireza,e5aac9cd-6015-4636-92c1-78d14a5ac996::4,"There was one message that was offensive, but the rest of them are normal. If there was one more offensive message, I would have chosen to suspend.",Patterns of behavior,Normal behavior,span,42,74,but the rest of them are normal.,,Mon Sep 07 2026 19:12:44 GMT+0000 (Coordinated Universal Time),4,4.86,2.623,Do not suspend,35214,0.25,crowd,6,757572,e5aac9cd-6015-4636-92c1-78d14a5ac996
1,round 1,Alireza,e5b2be47-24f1-4922-b2a2-35d22ecf9e03::3,"Account 2 used multiple slurs and made racist remarks. Despite some messages being ok, the slurs are grounds for at least suspension.",Type of offensiveness,Hate speech and offensive language,span,0,54,Account 2 used multiple slurs and made racist remarks.,,Tue Sep 01 2026 02:43:47 GMT+0000 (Coordinated Universal Time),3,4,8.609,Suspend,53124,0.5,ai,9,5a7557,e5b2be47-24f1-4922-b2a2-35d22ecf9e03
1,round 1,Alireza,e5b2be47-24f1-4922-b2a2-35d22ecf9e03::3,"Account 2 used multiple slurs and made racist remarks. Despite some messages being ok, the slurs are grounds for at least suspension.",Patterns of behavior,Mix of offensive and non-offensive,span,55,86,"Despite some messages being ok,",,Tue Sep 01 2026 02:44:03 GMT+0000 (Coordinated Universal Time),3,4,8.609,Suspend,53124,0.5,ai,9,5a7557,e5b2be47-24f1-4922-b2a2-35d22ecf9e03
1,round 1,Alireza,e5b2be47-24f1-4922-b2a2-35d22ecf9e03::3,"Account 2 used multiple slurs and made racist remarks. Despite some messages being ok, the slurs are grounds for at least suspension.",Decision outcomes,Consequences beyond suspencion,span,87,133,the slurs are grounds for at least suspension.,,Tue Sep 01 2026 02:44:15 GMT+0000 (Coordinated Universal Time),3,4,8.609,Suspend,53124,0.5,ai,9,5a7557,e5b2be47-24f1-4922-b2a2-35d22ecf9e03
1,round 1,Alireza,e61c1c50-3fd4-4210-bede-11eee1bf35ec::1,This account has been suspended for violating community guidelines.,Reflection on the decision,Need to know policy and TOS,span,36,67,violating community guidelines.,,Tue Sep 01 2026 23:36:16 GMT+0000 (Coordinated Universal Time),1,5,18.125,Suspend,14325,1,ai,1,48bf10,e61c1c50-3fd4-4210-bede-11eee1bf35ec
1,round 1,Alireza,e84772f8-0104-4148-af15-e5424ff40caa::4,Threatening physical harm is grounds to suspend someone in my book.,Type of offensiveness,Threats of violence,span,0,67,Threatening physical harm is grounds to suspend someone in my book.,,Sun Sep 06 2026 19:13:21 GMT+0000 (Coordinated Universal Time),4,3.5,5.044,Suspend,12345,0.25,control,7,36711b,e84772f8-0104-4148-af15-e5424ff40caa
1,round 1,Alireza,e8c67559-cbf3-48a0-a19e-909b109e520c::1,This person is spreading hatred throughout various groups that is unacceptable.,Type of offensiveness,Hate speech and offensive language,span,25,79,hatred throughout various groups that is unacceptable.,,Tue Sep 01 2026 02:11:26 GMT+0000 (Coordinated Universal Time),1,5,3.92,Suspend,52341,1,control,3,6d81c1,e8c67559-cbf3-48a0-a19e-909b109e520c
1,round 1,Alireza,e92964a0-56a0-4f0c-a292-473c7cc67bea::4,"I wasn't 100 percent confident on my decision, but they did not have many offensive messages. Although they did talk about killing people on the offensive tweets it wasn't too extreme.",Reflection on the decision,Expressed uncertainty,span,2,45,wasn't 100 percent confident on my decision,,Sun Sep 06 2026 18:53:11 GMT+0000 (Coordinated Universal Time),4,3.6,8.328,Do not suspend,21345,0.25,ai,8,0f71df,e92964a0-56a0-4f0c-a292-473c7cc67bea
1,round 1,Alireza,e92964a0-56a0-4f0c-a292-473c7cc67bea::4,"I wasn't 100 percent confident on my decision, but they did not have many offensive messages. Although they did talk about killing people on the offensive tweets it wasn't too extreme.",Patterns of behavior,One-off offensive,span,47,93,but they did not have many offensive messages.,,Sun Sep 06 2026 18:54:13 GMT+0000 (Coordinated Universal Time),4,3.6,8.328,Do not suspend,21345,0.25,ai,8,0f71df,e92964a0-56a0-4f0c-a292-473c7cc67bea
1,round 1,Alireza,e92964a0-56a0-4f0c-a292-473c7cc67bea::4,"I wasn't 100 percent confident on my decision, but they did not have many offensive messages. Although they did talk about killing people on the offensive tweets it wasn't too extreme.",Justifications,Not too offensive,span,94,184,Although they did talk about killing people on the offensive tweets it wasn't too extreme.,,Sun Sep 06 2026 18:54:21 GMT+0000 (Coordinated Universal Time),4,3.6,8.328,Do not suspend,21345,0.25,ai,8,0f71df,e92964a0-56a0-4f0c-a292-473c7cc67bea
1,round 1,Alireza,eb7c446c-25d7-40f0-a21b-ef7329f0ead8::2,"A violent threat, which is a clear example of harmful language that can cause distress and fear.",Type of offensiveness,Threats of violence,span,0,17,"A violent threat,",,Sun Sep 06 2026 17:25:52 GMT+0000 (Coordinated Universal Time),2,4.99,5.793,Suspend,32415,0.75,control,2,40384d,eb7c446c-25d7-40f0-a21b-ef7329f0ead8
1,round 1,Alireza,eb7c446c-25d7-40f0-a21b-ef7329f0ead8::2,"A violent threat, which is a clear example of harmful language that can cause distress and fear.",Type of offensiveness,Harm other person,span,18,96,which is a clear example of harmful language that can cause distress and fear.,,Sun Sep 06 2026 17:26:01 GMT+0000 (Coordinated Universal Time),2,4.99,5.793,Suspend,32415,0.75,control,2,40384d,eb7c446c-25d7-40f0-a21b-ef7329f0ead8
1,round 1,Alireza,ec167a1b-45f9-468d-8710-e649e58705a5::4,Found nothing offensive in the posts,Type of offensiveness,No offensive content,span,0,36,Found nothing offensive in the posts,,Sun Sep 06 2026 19:13:29 GMT+0000 (Coordinated Universal Time),4,5,5.693,Suspend,45321,0.25,control,3,a11583,ec167a1b-45f9-468d-8710-e649e58705a5
1,round 1,Alireza,ec167a1b-45f9-468d-8710-e649e58705a5::5,"Although I did not have the same degree of confidence, I felt with good certainty that there was nothing offensive enough to suspend the account.",Reflection on the decision,Expressed uncertainty,span,0,54,"Although I did not have the same degree of confidence,",,Sun Sep 06 2026 19:13:38 GMT+0000 (Coordinated Universal Time),5,4.01,5.597,Do not suspend,45321,0,control,4,a11583,ec167a1b-45f9-468d-8710-e649e58705a5
1,round 1,Alireza,ec167a1b-45f9-468d-8710-e649e58705a5::5,"Although I did not have the same degree of confidence, I felt with good certainty that there was nothing offensive enough to suspend the account.",Type of offensiveness,No offensive content,span,55,145,I felt with good certainty that there was nothing offensive enough to suspend the account.,,Sun Sep 06 2026 19:13:45 GMT+0000 (Coordinated Universal Time),5,4.01,5.597,Do not suspend,45321,0,control,4,a11583,ec167a1b-45f9-468d-8710-e649e58705a5
1,round 1,Alireza,ec6537fe-4c07-4b70-9e96-8ed2f8564262::1,Two offensive and strongly worded messages are not good and should be suspended.,Type of offensiveness,Hate speech and offensive language,span,0,42,Two offensive and strongly worded messages,,Mon Sep 07 2026 19:05:45 GMT+0000 (Coordinated Universal Time),1,4.45,6.981,Suspend,35421,1,ai,2,bf4359,ec6537fe-4c07-4b70-9e96-8ed2f8564262
1,round 1,Alireza,ec6537fe-4c07-4b70-9e96-8ed2f8564262::2,Two strongly offensive messages shows a pattern of foul language of rudeness.,Patterns of behavior,Consistent offensive behavior,span,32,77,shows a pattern of foul language of rudeness.,,Tue Sep 01 2026 23:35:58 GMT+0000 (Coordinated Universal Time),2,4.99,4.485,Suspend,35421,0.75,ai,2,bf4359,ec6537fe-4c07-4b70-9e96-8ed2f8564262
1,round 1,Alireza,f1ae7d9d-c0d3-44d7-b8c2-8a7b73f11234::3,It uses slurs and hateful speech,Type of offensiveness,Hate speech and offensive language,span,0,32,It uses slurs and hateful speech,,Mon Sep 07 2026 19:01:49 GMT+0000 (Coordinated Universal Time),3,5,3.155,Suspend,51342,0.5,crowd,1,ef8def,f1ae7d9d-c0d3-44d7-b8c2-8a7b73f11234
1,round 1,Alireza,f1ae7d9d-c0d3-44d7-b8c2-8a7b73f11234::5,Nothing in this post was offensive. The message was positive as well.,Type of offensiveness,No offensive content,span,0,34,Nothing in this post was offensive,,Mon Sep 07 2026 19:05:04 GMT+0000 (Coordinated Universal Time),5,5,5.057,Do not suspend,51342,0,crowd,1,ef8def,f1ae7d9d-c0d3-44d7-b8c2-8a7b73f11234
1,round 1,Alireza,f1ae7d9d-c0d3-44d7-b8c2-8a7b73f11234::5,Nothing in this post was offensive. The message was positive as well.,,positive content,span,36,69,The message was positive as well.,,Mon Sep 07 2026 19:05:07 GMT+0000 (Coordinated Universal Time),5,5,5.057,Do not suspend,51342,0,crowd,1,ef8def,f1ae7d9d-c0d3-44d7-b8c2-8a7b73f11234
1,round 1,Alireza,f2416148-543a-45c9-afa0-52942e56ac86::2,it may be just a joke.,Justifications,Appeal to intent,unit,,,,,Tue Sep 01 2026 01:29:45 GMT+0000 (Coordinated Universal Time),2,3.99,23.034,Do not suspend,21543,0.75,control,1,18562b,f2416148-543a-45c9-afa0-52942e56ac86
1,round 1,Alireza,f28153d7-0a1f-48ff-983b-d2aaaa6ce8d8::5,Its an everyday kind of statement,Patterns of behavior,Normal behavior,unit,,,,,Sun Sep 06 2026 19:08:50 GMT+0000 (Coordinated Universal Time),5,3.19,30.603,Do not suspend,52143,0,ai,1,94235e,f28153d7-0a1f-48ff-983b-d2aaaa6ce8d8
1,round 1,Alireza,f3d12412-b76d-4ef3-a299-93ae8a60ea93::2,This account included a direct and violent threat in the first message I saw which I saw to be grounds for a suspension.,Type of offensiveness,Threats of violence,span,0,49,This account included a direct and violent threat,,Mon Sep 07 2026 18:44:50 GMT+0000 (Coordinated Universal Time),2,4.48,4.35,Suspend,54321,0.75,ai,1,0d8f89,f3d12412-b76d-4ef3-a299-93ae8a60ea93
1,round 1,Alireza,f3d12412-b76d-4ef3-a299-93ae8a60ea93::2,This account included a direct and violent threat in the first message I saw which I saw to be grounds for a suspension.,Patterns of behavior,one message is enough (offensive),span,54,120,he first message I saw which I saw to be grounds for a suspension.,,Mon Sep 07 2026 18:45:02 GMT+0000 (Coordinated Universal Time),2,4.48,4.35,Suspend,54321,0.75,ai,1,0d8f89,f3d12412-b76d-4ef3-a299-93ae8a60ea93
1,round 1,Alireza,f41b00b4-7732-418f-8cca-0fa9521a527f::5,"Their messages were super positive, and were normal, there's no reason for suspension.",,positive content,span,0,34,Their messages were super positive,,Sun Sep 06 2026 18:52:13 GMT+0000 (Coordinated Universal Time),5,5,5.676,Do not suspend,15342,0,control,3,acd0ff,f41b00b4-7732-418f-8cca-0fa9521a527f
1,round 1,Alireza,f41b00b4-7732-418f-8cca-0fa9521a527f::5,"Their messages were super positive, and were normal, there's no reason for suspension.",Patterns of behavior,Normal behavior,span,36,86,"and were normal, there's no reason for suspension.",,Sun Sep 06 2026 18:52:19 GMT+0000 (Coordinated Universal Time),5,5,5.676,Do not suspend,15342,0,control,3,acd0ff,f41b00b4-7732-418f-8cca-0fa9521a527f
1,round 1,Alireza,f5aa39ff-fa4a-477b-b01b-0e05b4255970::5,They never said awful stuff and seem decent,Type of offensiveness,No offensive content,span,0,27,They never said awful stuff,,Tue Sep 01 2026 00:56:50 GMT+0000 (Coordinated Universal Time),5,5,5.292,Do not suspend,32145,0,ai,3,53c8c9,f5aa39ff-fa4a-477b-b01b-0e05b4255970
1,round 1,Alireza,f6855f0d-9705-4cd9-a67c-ee8cd8d73460::1,account 3 used foul words but it seems like he was being bothered,Type of offensiveness,Hate speech and offensive language,span,0,25,account 3 used foul words,,Tue Sep 01 2026 01:34:12 GMT+0000 (Coordinated Universal Time),1,3.39,4.347,Do not suspend,34125,1,ai,6,6bd71b,f6855f0d-9705-4cd9-a67c-ee8cd8d73460
1,round 1,Alireza,f6855f0d-9705-4cd9-a67c-ee8cd8d73460::1,account 3 used foul words but it seems like he was being bothered,Justifications,Contextual understanding,span,33,65,seems like he was being bothered,,Tue Sep 01 2026 01:34:08 GMT+0000 (Coordinated Universal Time),1,3.39,4.347,Do not suspend,34125,1,ai,6,6bd71b,f6855f0d-9705-4cd9-a67c-ee8cd8d73460
1,round 1,Alireza,f6adc9c9-2d2e-4b3c-80c4-00eed10c6348::4,None of the comments were offensive. There was no reason to suspend.,Type of offensiveness,No offensive content,span,0,68,None of the comments were offensive. There was no reason to suspend.,,Mon Sep 07 2026 19:13:14 GMT+0000 (Coordinated Universal Time),4,5,4.309,Do not suspend,24513,0.25,ai,2,37b052,f6adc9c9-2d2e-4b3c-80c4-00eed10c6348
1,round 1,Alireza,f7cb359f-651a-4138-9a2c-c69b3b29dfd8::4,"although there was a message with a threat to life, it was however just one. the other messages did not contain any slurs or threats",Patterns of behavior,One-off offensive,span,0,75,"although there was a message with a threat to life, it was however just one",,Tue Sep 01 2026 01:48:00 GMT+0000 (Coordinated Universal Time),4,3.44,9.57,Do not suspend,54123,0.25,ai,5,7d6456,f7cb359f-651a-4138-9a2c-c69b3b29dfd8
1,round 1,Alireza,f7fabe1f-afee-480b-aac6-f12cb6312fe8::1,Hard offensive insult.,Type of offensiveness,Hate speech and offensive language,span,0,22,Hard offensive insult.,,Mon Sep 07 2026 19:10:33 GMT+0000 (Coordinated Universal Time),1,5,5.247,Suspend,34152,1,control,1,b7aaae,f7fabe1f-afee-480b-aac6-f12cb6312fe8
1,round 1,Alireza,f855b122-9389-4902-8705-9de71d54558f::3,"Even though the first and third messages are offensive, they are only verbal attacks and do not discuss or threaten violence.",Justifications,Not too offensive,span,57,125,hey are only verbal attacks and do not discuss or threaten violence.,,Tue Sep 01 2026 01:24:12 GMT+0000 (Coordinated Universal Time),3,5,4.304,Do not suspend,13245,0.5,crowd,4,088c0c,f855b122-9389-4902-8705-9de71d54558f
1,round 1,Alireza,f8635d72-3d1f-4a55-aa95-c79d3bbb0c91::4,The messages were not hateful nor did they use any foul language or display any threats.,Type of offensiveness,No offensive content,span,0,88,The messages were not hateful nor did they use any foul language or display any threats.,,Sun Sep 06 2026 19:15:11 GMT+0000 (Coordinated Universal Time),4,5,3.296,Do not suspend,15234,0.25,control,2,2b5614,f8635d72-3d1f-4a55-aa95-c79d3bbb0c91
1,round 1,Alireza,f8635d72-3d1f-4a55-aa95-c79d3bbb0c91::5,None of the messages had any hateful or offensive language.,Type of offensiveness,No offensive content,unit,,,,,Sun Sep 06 2026 17:22:51 GMT+0000 (Coordinated Universal Time),5,5,5.659,Do not suspend,15234,0,control,4,2b5614,f8635d72-3d1f-4a55-aa95-c79d3bbb0c91
1,round 1,Alireza,fd39d70c-f8e4-42b5-856b-08f44020686c::2,The first mention of killing someone results in an automatic suspension.,Type of offensiveness,Threats of violence,span,0,72,The first mention of killing someone results in an automatic suspension.,,Sun Sep 06 2026 19:00:27 GMT+0000 (Coordinated Universal Time),2,5,5.076,Suspend,35412,0.75,crowd,1,68f7d3,fd39d70c-f8e4-42b5-856b-08f44020686c
1,round 1,Alireza,fd39d70c-f8e4-42b5-856b-08f44020686c::3,"This account has made multiple hate comments.  They are hateful, offensive, and discriminatory.  It should not be permitted.",Type of offensiveness,Hate speech and offensive language,span,0,45,This account has made multiple hate comments.,,Mon Sep 07 2026 19:11:17 GMT+0000 (Coordinated Universal Time),3,4.47,5.752,Suspend,35412,0.5,crowd,5,68f7d3,fd39d70c-f8e4-42b5-856b-08f44020686c
1,round 1,Alireza,fd39d70c-f8e4-42b5-856b-08f44020686c::3,"This account has made multiple hate comments.  They are hateful, offensive, and discriminatory.  It should not be permitted.",Patterns of behavior,Consistent offensive behavior,span,22,44,multiple hate comments,,Mon Sep 07 2026 19:11:30 GMT+0000 (Coordinated Universal Time),3,4.47,5.752,Suspend,35412,0.5,crowd,5,68f7d3,fd39d70c-f8e4-42b5-856b-08f44020686c
1,round 1,Alireza,fd39d70c-f8e4-42b5-856b-08f44020686c::3,"This account has made multiple hate comments.  They are hateful, offensive, and discriminatory.  It should not be permitted.",Type of offensiveness,Hate speech and offensive language,span,47,95,"They are hateful, offensive, and discriminatory.",,Mon Sep 07 2026 19:11:25 GMT+0000 (Coordinated Universal Time),3,4.47,5.752,Suspend,35412,0.5,crowd,5,68f7d3,fd39d70c-f8e4-42b5-856b-08f44020686c
1,round 1,Alireza,fefb2330-548d-44b7-a374-a6957a756dc0::5,"Almost all the comment were nice and cool, that's why I chose not to suspended this account.",Positive content,Calm and thoughtful,span,0,92,"Almost all the comment were nice and cool, that's why I chose not to suspended this account.",,Tue Sep 01 2026 02:41:16 GMT+0000 (Coordinated Universal Time),5,4.95,5.259,Do not suspend,15423,0,crowd,8,0b6e1e,fefb2330-548d-44b7-a374-a6957a756dc0
1,round 1,subham,000cb68e-8d89-4108-8b5b-4e1524c60e0c::2,That was directly a life threatening post,Type of offensiveness,Threats of violence,span,9,41,directly a life threatening post,,Thu Sep 03 2026 17:03:06 GMT+0000 (Coordinated Universal Time),2,4.64,12.153,Suspend,41235,0.75,control,1,427270,000cb68e-8d89-4108-8b5b-4e1524c60e0c
1,round 1,subham,00fad48d-a853-4fff-bab7-288ea51031f0::1,F-slur,,comment too short and not sure what needs to be done,unit,,,,,Thu Sep 03 2026 16:04:04 GMT+0000 (Coordinated Universal Time),1,5,2.887,Suspend,43251,1,control,1,c01d0c,00fad48d-a853-4fff-bab7-288ea51031f0
1,round 1,subham,00fad48d-a853-4fff-bab7-288ea51031f0::5,No reason to suspend,Patterns of behavior,Normal behavior,unit,,,,,Tue Sep 01 2026 16:52:53 GMT+0000 (Coordinated Universal Time),5,5,4.118,Do not suspend,43251,0,control,6,c01d0c,00fad48d-a853-4fff-bab7-288ea51031f0
1,round 1,subham,01aad1a0-5ec4-4a9b-a571-a2880a1476be::2,Death threats.,Type of offensiveness,Death wish,unit,,,,,Tue Sep 01 2026 17:02:03 GMT+0000 (Coordinated Universal Time),2,5,3.582,Suspend,15432,0.75,ai,1,2d2113,01aad1a0-5ec4-4a9b-a571-a2880a1476be
1,round 1,subham,01aad1a0-5ec4-4a9b-a571-a2880a1476be::4,Nothing offensive. The user is just expressing positive emotions. The first message wasn't offensive-- they are setting boundaries.,Type of offensiveness,No offensive content,unit,,,,,Thu Sep 03 2026 16:03:14 GMT+0000 (Coordinated Universal Time),4,5,8.859,Do not suspend,15432,0.25,ai,2,2d2113,01aad1a0-5ec4-4a9b-a571-a2880a1476be
1,round 1,subham,01aad1a0-5ec4-4a9b-a571-a2880a1476be::4,Nothing offensive. The user is just expressing positive emotions. The first message wasn't offensive-- they are setting boundaries.,Reflection on the decision,Not offensive at all,unit,,,,,Thu Sep 03 2026 16:03:29 GMT+0000 (Coordinated Universal Time),4,5,8.859,Do not suspend,15432,0.25,ai,2,2d2113,01aad1a0-5ec4-4a9b-a571-a2880a1476be
1,round 1,subham,026448b8-5620-4d5c-9b2e-863b792e9fbf::2,this means to harm a person,Type of offensiveness,Threats of violence,unit,,,,,Wed Sep 02 2026 19:21:20 GMT+0000 (Coordinated Universal Time),2,4.3,5.464,Suspend,43152,0.75,control,1,501ec1,026448b8-5620-4d5c-9b2e-863b792e9fbf
1,round 1,subham,043d2678-387c-463e-8ec8-0bb3314063b9::4,"This account is a case of one message being enough to suspend the entire account. They made a threat towards someone and used derogatory language towards them. In my opinion, that shouldn't be tolerated or given a slap on the wrist on any platform.",Decision outcomes,Permanent ban,span,0,80,This account is a case of one message being enough to suspend the entire account,,Thu Sep 03 2026 17:01:14 GMT+0000 (Coordinated Universal Time),4,5,3.164,Suspend,31254,0.25,crowd,3,125708,043d2678-387c-463e-8ec8-0bb3314063b9
1,round 1,subham,043d2678-387c-463e-8ec8-0bb3314063b9::4,"This account is a case of one message being enough to suspend the entire account. They made a threat towards someone and used derogatory language towards them. In my opinion, that shouldn't be tolerated or given a slap on the wrist on any platform.",Type of offensiveness,Threats of violence,span,94,116,threat towards someone,,Thu Sep 03 2026 17:00:59 GMT+0000 (Coordinated Universal Time),4,5,3.164,Suspend,31254,0.25,crowd,3,125708,043d2678-387c-463e-8ec8-0bb3314063b9
1,round 1,subham,043d2678-387c-463e-8ec8-0bb3314063b9::4,"This account is a case of one message being enough to suspend the entire account. They made a threat towards someone and used derogatory language towards them. In my opinion, that shouldn't be tolerated or given a slap on the wrist on any platform.",Type of offensiveness,derogatory remarks,span,126,158,derogatory language towards them,,Thu Sep 03 2026 17:01:02 GMT+0000 (Coordinated Universal Time),4,5,3.164,Suspend,31254,0.25,crowd,3,125708,043d2678-387c-463e-8ec8-0bb3314063b9
1,round 1,subham,043d2678-387c-463e-8ec8-0bb3314063b9::5,None of their messages stood out as negative. They were polite even in the posts where they seemed to be having conflicts. They used respectful language in all of the posts I viewed.,Type of offensiveness,No offensive content,span,0,45,None of their messages stood out as negative.,,Thu Sep 03 2026 19:03:24 GMT+0000 (Coordinated Universal Time),5,5,8.484,Do not suspend,31254,0,crowd,7,125708,043d2678-387c-463e-8ec8-0bb3314063b9
1,round 1,subham,043d2678-387c-463e-8ec8-0bb3314063b9::5,None of their messages stood out as negative. They were polite even in the posts where they seemed to be having conflicts. They used respectful language in all of the posts I viewed.,,positive content,span,46,122,They were polite even in the posts where they seemed to be having conflicts.,,Thu Sep 03 2026 19:03:33 GMT+0000 (Coordinated Universal Time),5,5,8.484,Do not suspend,31254,0,crowd,7,125708,043d2678-387c-463e-8ec8-0bb3314063b9
1,round 1,subham,043d2678-387c-463e-8ec8-0bb3314063b9::5,None of their messages stood out as negative. They were polite even in the posts where they seemed to be having conflicts. They used respectful language in all of the posts I viewed.,,positive content,span,123,182,They used respectful language in all of the posts I viewed.,,Thu Sep 03 2026 19:03:39 GMT+0000 (Coordinated Universal Time),5,5,8.484,Do not suspend,31254,0,crowd,7,125708,043d2678-387c-463e-8ec8-0bb3314063b9
1,round 1,subham,05c044b6-fa17-4dae-b49b-5a2f9a9b0fc5::5,"After reading several comments on this account I did not find any that were offensive, so I am not considering suspending it.",Reflection on the decision,Not offensive at all,span,47,85,I did not find any that were offensive,,Tue Sep 01 2026 15:05:56 GMT+0000 (Coordinated Universal Time),5,5,3.736,Do not suspend,32541,0,control,5,cdc2a5,05c044b6-fa17-4dae-b49b-5a2f9a9b0fc5
1,round 1,subham,061fa554-a6f7-4f7a-80ec-711db5c38a4c::3,more often than not comments from this account featured hate speech,Type of offensiveness,Hate speech and offensive language,unit,,,,,Wed Sep 02 2026 18:22:29 GMT+0000 (Coordinated Universal Time),3,4.49,3.619,Suspend,24153,0.5,ai,5,93d00c,061fa554-a6f7-4f7a-80ec-711db5c38a4c
1,round 1,subham,061fa554-a6f7-4f7a-80ec-711db5c38a4c::3,more often than not comments from this account featured hate speech,Patterns of behavior,Consistent offensive behavior,unit,,,,,Wed Sep 02 2026 18:22:33 GMT+0000 (Coordinated Universal Time),3,4.49,3.619,Suspend,24153,0.5,ai,5,93d00c,061fa554-a6f7-4f7a-80ec-711db5c38a4c
1,round 1,subham,068f8274-62cd-4f0c-9c09-e011d33f2cf9::4,The account seems to alternate between positive and negative messages. The account owner needs to exercise caution with the kinds of messages put out.,Patterns of behavior,Mix of offensive and non-offensive,span,0,70,The account seems to alternate between positive and negative messages.,,Thu Sep 03 2026 18:49:08 GMT+0000 (Coordinated Universal Time),4,4,6.291,Do not suspend,24531,0.25,ai,13,61188b,068f8274-62cd-4f0c-9c09-e011d33f2cf9
1,round 1,subham,06cb34a4-d264-4c9b-a8e5-170e31e8c92d::2,They want to harm someone,Type of offensiveness,Threats of violence,unit,,,,,Wed Sep 02 2026 18:23:44 GMT+0000 (Coordinated Universal Time),2,3.98,6.821,Suspend,51324,0.75,crowd,1,1f09d1,06cb34a4-d264-4c9b-a8e5-170e31e8c92d
1,round 1,subham,06e8469e-271d-4f06-8019-e49e17f01c6b::2,Bring people down by name calling then telling people they want to kill someone. This person needs to be on some type of watch list if not in some mental health rehab.,Type of offensiveness,Threats of violence,unit,,,,,Tue Sep 01 2026 15:18:26 GMT+0000 (Coordinated Universal Time),2,5,4.608,Suspend,43512,0.75,control,4,ccc64c,06e8469e-271d-4f06-8019-e49e17f01c6b
1,round 1,subham,06e8469e-271d-4f06-8019-e49e17f01c6b::2,Bring people down by name calling then telling people they want to kill someone. This person needs to be on some type of watch list if not in some mental health rehab.,Type of offensiveness,Death wish,span,39,80,telling people they want to kill someone.,,Tue Sep 01 2026 15:18:22 GMT+0000 (Coordinated Universal Time),2,5,4.608,Suspend,43512,0.75,control,4,ccc64c,06e8469e-271d-4f06-8019-e49e17f01c6b
1,round 1,subham,080dfc47-4146-4285-9449-05ee749c3449::4,"They were not offensive, the two messages talks about excitement and messages that are not appropriate in society, and such a message has been blocked. That's why I did not suspend it. It was a message that carried good words and not bad words at all",Patterns of behavior,Normal behavior,unit,,,,,Thu Sep 03 2026 18:59:34 GMT+0000 (Coordinated Universal Time),4,4.39,5.173,Do not suspend,12354,0.25,control,2,6fb7c6,080dfc47-4146-4285-9449-05ee749c3449
1,round 1,subham,080dfc47-4146-4285-9449-05ee749c3449::4,"They were not offensive, the two messages talks about excitement and messages that are not appropriate in society, and such a message has been blocked. That's why I did not suspend it. It was a message that carried good words and not bad words at all",Type of offensiveness,No offensive content,span,25,113,the two messages talks about excitement and messages that are not appropriate in society,,Thu Sep 03 2026 18:59:32 GMT+0000 (Coordinated Universal Time),4,4.39,5.173,Do not suspend,12354,0.25,control,2,6fb7c6,080dfc47-4146-4285-9449-05ee749c3449
1,round 1,subham,080dfc47-4146-4285-9449-05ee749c3449::4,"They were not offensive, the two messages talks about excitement and messages that are not appropriate in society, and such a message has been blocked. That's why I did not suspend it. It was a message that carried good words and not bad words at all",Decision outcomes,Do not suspend,span,152,184,That's why I did not suspend it.,,Thu Sep 03 2026 18:59:42 GMT+0000 (Coordinated Universal Time),4,4.39,5.173,Do not suspend,12354,0.25,control,2,6fb7c6,080dfc47-4146-4285-9449-05ee749c3449
1,round 1,subham,080dfc47-4146-4285-9449-05ee749c3449::4,"They were not offensive, the two messages talks about excitement and messages that are not appropriate in society, and such a message has been blocked. That's why I did not suspend it. It was a message that carried good words and not bad words at all",,positive content,span,185,250,It was a message that carried good words and not bad words at all,,Thu Sep 03 2026 18:59:48 GMT+0000 (Coordinated Universal Time),4,4.39,5.173,Do not suspend,12354,0.25,control,2,6fb7c6,080dfc47-4146-4285-9449-05ee749c3449
1,round 1,subham,085d298b-177c-4887-9819-8f10cad90ff4::2,This is a threat and should be taken seriously. I would probably call the police. People need to learn they cannot talk like this.,Type of offensiveness,Threats of violence,span,10,46,threat and should be taken seriously,,Thu Sep 03 2026 17:56:15 GMT+0000 (Coordinated Universal Time),2,4.98,4.044,Suspend,53214,0.75,control,1,1ef99f,085d298b-177c-4887-9819-8f10cad90ff4
1,round 1,subham,085d298b-177c-4887-9819-8f10cad90ff4::2,This is a threat and should be taken seriously. I would probably call the police. People need to learn they cannot talk like this.,Decision outcomes,Consequences beyond suspencion,span,48,130,I would probably call the police. People need to learn they cannot talk like this.,,Thu Sep 03 2026 17:56:23 GMT+0000 (Coordinated Universal Time),2,4.98,4.044,Suspend,53214,0.75,control,1,1ef99f,085d298b-177c-4887-9819-8f10cad90ff4
1,round 1,subham,0860c28d-eaaa-48ea-bd88-a46b9da590f5::2,Glorifying violence. Easy ban.,Decision outcomes,Permanent ban,unit,,,,,Tue Sep 01 2026 16:52:45 GMT+0000 (Coordinated Universal Time),2,5,3.831,Suspend,34125,0.75,control,1,3e6cb4,0860c28d-eaaa-48ea-bd88-a46b9da590f5
1,round 1,subham,0860c28d-eaaa-48ea-bd88-a46b9da590f5::2,Glorifying violence. Easy ban.,Type of offensiveness,Threats of violence,span,0,19,Glorifying violence,,Tue Sep 01 2026 16:52:41 GMT+0000 (Coordinated Universal Time),2,5,3.831,Suspend,34125,0.75,control,1,3e6cb4,0860c28d-eaaa-48ea-bd88-a46b9da590f5
1,round 1,subham,0860c28d-eaaa-48ea-bd88-a46b9da590f5::3,Vulgar slur in the initial sentence (zero tolerance policy). Follow up sentence just supports my claim. Repeated slur.,Type of offensiveness,derogatory remarks,span,0,60,Vulgar slur in the initial sentence (zero tolerance policy).,,Thu Sep 03 2026 18:41:05 GMT+0000 (Coordinated Universal Time),3,5,6.455,Suspend,34125,0.5,control,1,3e6cb4,0860c28d-eaaa-48ea-bd88-a46b9da590f5
1,round 1,subham,0860c28d-eaaa-48ea-bd88-a46b9da590f5::3,Vulgar slur in the initial sentence (zero tolerance policy). Follow up sentence just supports my claim. Repeated slur.,Patterns of behavior,Consistent offensive behavior,span,104,118,Repeated slur.,,Thu Sep 03 2026 18:41:13 GMT+0000 (Coordinated Universal Time),3,5,6.455,Suspend,34125,0.5,control,1,3e6cb4,0860c28d-eaaa-48ea-bd88-a46b9da590f5
1,round 1,subham,08ef00b7-726c-4aab-a082-e05e6afa8d42::2,"Used slurs, threatened people with shooting them in the head. I think that's quite enough to suspend, to be honest. Literal death threats.",Decision outcomes,Permanent ban,unit,,,,,Tue Sep 01 2026 17:37:27 GMT+0000 (Coordinated Universal Time),2,5,4.525,Suspend,12345,0.75,crowd,5,36a702,08ef00b7-726c-4aab-a082-e05e6afa8d42
1,round 1,subham,08ef00b7-726c-4aab-a082-e05e6afa8d42::2,"Used slurs, threatened people with shooting them in the head. I think that's quite enough to suspend, to be honest. Literal death threats.",Type of offensiveness,derogatory remarks,unit,,,,,Tue Sep 01 2026 17:37:05 GMT+0000 (Coordinated Universal Time),2,5,4.525,Suspend,12345,0.75,crowd,5,36a702,08ef00b7-726c-4aab-a082-e05e6afa8d42
1,round 1,subham,08ef00b7-726c-4aab-a082-e05e6afa8d42::2,"Used slurs, threatened people with shooting them in the head. I think that's quite enough to suspend, to be honest. Literal death threats.",Type of offensiveness,Death wish,span,0,60,"Used slurs, threatened people with shooting them in the head",,Tue Sep 01 2026 17:37:05 GMT+0000 (Coordinated Universal Time),2,5,4.525,Suspend,12345,0.75,crowd,5,36a702,08ef00b7-726c-4aab-a082-e05e6afa8d42
1,round 1,subham,08ef00b7-726c-4aab-a082-e05e6afa8d42::2,"Used slurs, threatened people with shooting them in the head. I think that's quite enough to suspend, to be honest. Literal death threats.",Type of offensiveness,Death wish,span,116,138,Literal death threats.,,Tue Sep 01 2026 17:37:14 GMT+0000 (Coordinated Universal Time),2,5,4.525,Suspend,12345,0.75,crowd,5,36a702,08ef00b7-726c-4aab-a082-e05e6afa8d42
1,round 1,subham,0c73444e-3aa6-4262-a969-968101a66c75::3,"Offending words, also discrimination should not be tolerated.",Type of offensiveness,racial remark,span,22,61,discrimination should not be tolerated.,,Wed Sep 02 2026 19:07:59 GMT+0000 (Coordinated Universal Time),3,3.23,3.874,Suspend,14325,0.5,ai,5,8fd6ea,0c73444e-3aa6-4262-a969-968101a66c75
1,round 1,subham,0c73444e-3aa6-4262-a969-968101a66c75::4,"There was one message that was offensive, but overall this person does not seem to have bad intentions.",Patterns of behavior,One-off offensive,span,10,40,one message that was offensive,,Tue Sep 01 2026 15:07:03 GMT+0000 (Coordinated Universal Time),4,4.02,3.912,Do not suspend,14325,0.25,ai,5,8fd6ea,0c73444e-3aa6-4262-a969-968101a66c75
1,round 1,subham,0ffbd9e8-1b9f-49dc-9037-61c90a1fcb14::2,"Immediately saw the graphic death threat and decided to suspend. After having done two accounts already, I felt justified suspending without looking at other messages.",Type of offensiveness,Death wish,span,0,63,Immediately saw the graphic death threat and decided to suspend,,Thu Sep 03 2026 19:01:51 GMT+0000 (Coordinated Universal Time),2,5,3.645,Suspend,14235,0.75,crowd,1,160daa,0ffbd9e8-1b9f-49dc-9037-61c90a1fcb14
1,round 1,subham,0ffbd9e8-1b9f-49dc-9037-61c90a1fcb14::2,"Immediately saw the graphic death threat and decided to suspend. After having done two accounts already, I felt justified suspending without looking at other messages.",Decision outcomes,Permanent ban,span,65,167,"After having done two accounts already, I felt justified suspending without looking at other messages.",,Thu Sep 03 2026 19:02:05 GMT+0000 (Coordinated Universal Time),2,5,3.645,Suspend,14235,0.75,crowd,1,160daa,0ffbd9e8-1b9f-49dc-9037-61c90a1fcb14
1,round 1,subham,104190a0-7c07-43df-8917-bc03a45a7148::5,"Person didn't say anything offensive and didn't attack anyone. Going through 4 messages, they all seemed very innocent.",Type of offensiveness,No offensive content,span,0,61,Person didn't say anything offensive and didn't attack anyone,,Thu Sep 03 2026 19:09:40 GMT+0000 (Coordinated Universal Time),5,5,3.459,Do not suspend,32145,0,control,4,de55bf,104190a0-7c07-43df-8917-bc03a45a7148
1,round 1,subham,104190a0-7c07-43df-8917-bc03a45a7148::5,"Person didn't say anything offensive and didn't attack anyone. Going through 4 messages, they all seemed very innocent.",Reflection on the decision,Not offensive at all,span,63,119,"Going through 4 messages, they all seemed very innocent.",,Thu Sep 03 2026 19:09:55 GMT+0000 (Coordinated Universal Time),5,5,3.459,Do not suspend,32145,0,control,4,de55bf,104190a0-7c07-43df-8917-bc03a45a7148
1,round 1,subham,11e61552-c9e7-4fed-af65-15046c58d52f::1,This person was wishing death on multiple beings. They were also using slurs on multiple occasions and coming after multiple people. They seemed violent and unstable and it kept going.,Type of offensiveness,Death wish,span,0,48,This person was wishing death on multiple beings,,Wed Sep 02 2026 19:06:41 GMT+0000 (Coordinated Universal Time),1,5,5.988,Suspend,14352,1,crowd,4,3485c5,11e61552-c9e7-4fed-af65-15046c58d52f
1,round 1,subham,11e61552-c9e7-4fed-af65-15046c58d52f::1,This person was wishing death on multiple beings. They were also using slurs on multiple occasions and coming after multiple people. They seemed violent and unstable and it kept going.,Type of offensiveness,derogatory remarks,span,65,98,using slurs on multiple occasions,,Wed Sep 02 2026 19:06:59 GMT+0000 (Coordinated Universal Time),1,5,5.988,Suspend,14352,1,crowd,4,3485c5,11e61552-c9e7-4fed-af65-15046c58d52f
1,round 1,subham,11e61552-c9e7-4fed-af65-15046c58d52f::1,This person was wishing death on multiple beings. They were also using slurs on multiple occasions and coming after multiple people. They seemed violent and unstable and it kept going.,Type of offensiveness,Threats of violence,span,133,184,They seemed violent and unstable and it kept going.,,Wed Sep 02 2026 19:07:05 GMT+0000 (Coordinated Universal Time),1,5,5.988,Suspend,14352,1,crowd,4,3485c5,11e61552-c9e7-4fed-af65-15046c58d52f
1,round 1,subham,11e61552-c9e7-4fed-af65-15046c58d52f::4,"While their first 2 posts were ""normal"", the 3rd was enough to think that they needed to be suspended and probably even reported to law enforcement. They didn't just wish death on someone but made an actual threat themself. Also, used a slur.",Decision outcomes,Consequences beyond suspencion,unit,,,,,Thu Sep 03 2026 18:42:26 GMT+0000 (Coordinated Universal Time),4,5,4.613,Suspend,14352,0.25,crowd,3,3485c5,11e61552-c9e7-4fed-af65-15046c58d52f
1,round 1,subham,11e61552-c9e7-4fed-af65-15046c58d52f::4,"While their first 2 posts were ""normal"", the 3rd was enough to think that they needed to be suspended and probably even reported to law enforcement. They didn't just wish death on someone but made an actual threat themself. Also, used a slur.",Type of offensiveness,Threats of violence,unit,,,,,Thu Sep 03 2026 18:42:50 GMT+0000 (Coordinated Universal Time),4,5,4.613,Suspend,14352,0.25,crowd,3,3485c5,11e61552-c9e7-4fed-af65-15046c58d52f
1,round 1,subham,11e61552-c9e7-4fed-af65-15046c58d52f::4,"While their first 2 posts were ""normal"", the 3rd was enough to think that they needed to be suspended and probably even reported to law enforcement. They didn't just wish death on someone but made an actual threat themself. Also, used a slur.",Decision outcomes,Permanent ban,span,79,147,needed to be suspended and probably even reported to law enforcement,,Thu Sep 03 2026 18:42:25 GMT+0000 (Coordinated Universal Time),4,5,4.613,Suspend,14352,0.25,crowd,3,3485c5,11e61552-c9e7-4fed-af65-15046c58d52f
1,round 1,subham,11e61552-c9e7-4fed-af65-15046c58d52f::4,"While their first 2 posts were ""normal"", the 3rd was enough to think that they needed to be suspended and probably even reported to law enforcement. They didn't just wish death on someone but made an actual threat themself. Also, used a slur.",Type of offensiveness,Death wish,span,149,223,They didn't just wish death on someone but made an actual threat themself.,,Thu Sep 03 2026 18:42:48 GMT+0000 (Coordinated Universal Time),4,5,4.613,Suspend,14352,0.25,crowd,3,3485c5,11e61552-c9e7-4fed-af65-15046c58d52f
1,round 1,subham,147e86b7-9d82-4fa6-8053-79beb1fb042e::1,"shows a clear insult to other people, for this problem your account will be suspended for a period of time",Decision outcomes,Temporary suspension,span,38,106,for this problem your account will be suspended for a period of time,,Wed Sep 02 2026 19:16:14 GMT+0000 (Coordinated Universal Time),1,5,2.342,Suspend,35124,1,ai,1,2ddaaa,147e86b7-9d82-4fa6-8053-79beb1fb042e
1,round 1,subham,15ca9f16-8eb2-4934-908f-c8131460b85b::2,This person seemed like an angry punk and was directing vicious threats at other members. Not acceptable.,Type of offensiveness,Threats of violence,span,27,71,angry punk and was directing vicious threats,,Wed Sep 02 2026 19:11:59 GMT+0000 (Coordinated Universal Time),2,5,3.112,Suspend,41253,0.75,crowd,2,8e05b4,15ca9f16-8eb2-4934-908f-c8131460b85b
1,round 1,subham,15ca9f16-8eb2-4934-908f-c8131460b85b::4,"While the first messages were fine, the third threatened murder and used unacceptable language.",Type of offensiveness,Death wish,unit,,,,,Thu Sep 03 2026 19:06:09 GMT+0000 (Coordinated Universal Time),4,4.75,12.615,Suspend,41253,0.25,crowd,3,8e05b4,15ca9f16-8eb2-4934-908f-c8131460b85b
1,round 1,subham,15ca9f16-8eb2-4934-908f-c8131460b85b::4,"While the first messages were fine, the third threatened murder and used unacceptable language.",Type of offensiveness,Threats of violence,unit,,,,,Thu Sep 03 2026 19:06:08 GMT+0000 (Coordinated Universal Time),4,4.75,12.615,Suspend,41253,0.25,crowd,3,8e05b4,15ca9f16-8eb2-4934-908f-c8131460b85b
1,round 1,subham,17bc2b94-f557-4770-bec1-ab1715b8678d::3,Name calling and close minded posts that add no value to any conversation.,Patterns of behavior,Majority offesnive,unit,,,,,Thu Sep 03 2026 17:05:50 GMT+0000 (Coordinated Universal Time),3,5,3.471,Suspend,15324,0.5,control,1,5e24c2,17bc2b94-f557-4770-bec1-ab1715b8678d
1,round 1,subham,17bc2b94-f557-4770-bec1-ab1715b8678d::5,A thoughtful person aware and co siderate of others.,Patterns of behavior,Normal behavior,unit,,,,,Tue Sep 01 2026 17:40:18 GMT+0000 (Coordinated Universal Time),5,5,4.086,Do not suspend,15324,0,control,2,5e24c2,17bc2b94-f557-4770-bec1-ab1715b8678d
1,round 1,subham,17bc2b94-f557-4770-bec1-ab1715b8678d::5,A thoughtful person aware and co siderate of others.,Type of offensiveness,No offensive content,unit,,,,,Tue Sep 01 2026 17:40:19 GMT+0000 (Coordinated Universal Time),5,5,4.086,Do not suspend,15324,0,control,2,5e24c2,17bc2b94-f557-4770-bec1-ab1715b8678d
1,round 1,subham,17bc2b94-f557-4770-bec1-ab1715b8678d::5,A thoughtful person aware and co siderate of others.,Positive content,Calm and thoughtful,span,13,52,person aware and co siderate of others.,,Tue Sep 01 2026 17:40:43 GMT+0000 (Coordinated Universal Time),5,5,4.086,Do not suspend,15324,0,control,2,5e24c2,17bc2b94-f557-4770-bec1-ab1715b8678d
1,round 1,subham,19957cb7-91aa-4873-a122-ac2789b4260d::2,Ver negative comment,Type of offensiveness,Extreme offensive,unit,,,,,Wed Sep 02 2026 19:02:55 GMT+0000 (Coordinated Universal Time),2,4.48,4.112,Suspend,52314,0.75,ai,1,5.77E+02,19957cb7-91aa-4873-a122-ac2789b4260d
1,round 1,subham,1bc0fc0a-0cf5-4c30-8056-53bc860179f0::3,2 of the 3 messages were offensive.,Patterns of behavior,Consistent offensive behavior,unit,,,,,Thu Sep 03 2026 17:05:56 GMT+0000 (Coordinated Universal Time),3,4.93,5.836,Suspend,54123,0.5,ai,3,061f02,1bc0fc0a-0cf5-4c30-8056-53bc860179f0
1,round 1,subham,1d658f73-1697-43b9-95c2-df6617082c3c::3,Hate speech,Type of offensiveness,Hate speech and offensive language,unit,,,,,Tue Sep 01 2026 16:45:18 GMT+0000 (Coordinated Universal Time),3,5,3.419,Suspend,51432,0.5,control,1,24225b,1d658f73-1697-43b9-95c2-df6617082c3c
1,round 1,subham,1e990395-3db9-47d5-a2ae-f030a438b729::1,Violation of hate speech used in message.,Type of offensiveness,Hate speech and offensive language,unit,,,,,Wed Sep 02 2026 18:23:23 GMT+0000 (Coordinated Universal Time),1,5,3.157,Suspend,24513,1,control,1,05af12,1e990395-3db9-47d5-a2ae-f030a438b729
1,round 1,subham,1e990395-3db9-47d5-a2ae-f030a438b729::1,Violation of hate speech used in message.,Type of offensiveness,Threats of violence,unit,,,,,Wed Sep 02 2026 18:23:25 GMT+0000 (Coordinated Universal Time),1,5,3.157,Suspend,24513,1,control,1,05af12,1e990395-3db9-47d5-a2ae-f030a438b729
1,round 1,subham,1e990395-3db9-47d5-a2ae-f030a438b729::4,Threatening another person to commit violence/murder with a gun.,Type of offensiveness,Threats of violence,span,0,26,Threatening another person,,Wed Sep 02 2026 18:40:30 GMT+0000 (Coordinated Universal Time),4,5,2.789,Suspend,24513,0.25,control,3,05af12,1e990395-3db9-47d5-a2ae-f030a438b729
1,round 1,subham,1e990395-3db9-47d5-a2ae-f030a438b729::4,Threatening another person to commit violence/murder with a gun.,Type of offensiveness,Death wish,span,30,64,commit violence/murder with a gun.,,Wed Sep 02 2026 18:40:35 GMT+0000 (Coordinated Universal Time),4,5,2.789,Suspend,24513,0.25,control,3,05af12,1e990395-3db9-47d5-a2ae-f030a438b729
1,round 1,subham,1eab6aa4-af12-4ebc-9267-9a9a46554aa8::1,"use of insulting words, use of threatening words and also use of dehumanizing words. showed signs of an animal hater and one that can kill a fellow individual.",Type of offensiveness,Hate speech and offensive language,unit,,,,,Thu Sep 03 2026 17:01:50 GMT+0000 (Coordinated Universal Time),1,5,5.108,Suspend,35142,1,control,3,890cb4,1eab6aa4-af12-4ebc-9267-9a9a46554aa8
1,round 1,subham,1eab6aa4-af12-4ebc-9267-9a9a46554aa8::1,"use of insulting words, use of threatening words and also use of dehumanizing words. showed signs of an animal hater and one that can kill a fellow individual.",Type of offensiveness,derogatory remarks,unit,,,,,Thu Sep 03 2026 17:01:56 GMT+0000 (Coordinated Universal Time),1,5,5.108,Suspend,35142,1,control,3,890cb4,1eab6aa4-af12-4ebc-9267-9a9a46554aa8
1,round 1,subham,1eab6aa4-af12-4ebc-9267-9a9a46554aa8::1,"use of insulting words, use of threatening words and also use of dehumanizing words. showed signs of an animal hater and one that can kill a fellow individual.",Type of offensiveness,Death wish,unit,,,,,Thu Sep 03 2026 17:02:05 GMT+0000 (Coordinated Universal Time),1,5,5.108,Suspend,35142,1,control,3,890cb4,1eab6aa4-af12-4ebc-9267-9a9a46554aa8
1,round 1,subham,1eab6aa4-af12-4ebc-9267-9a9a46554aa8::1,"use of insulting words, use of threatening words and also use of dehumanizing words. showed signs of an animal hater and one that can kill a fellow individual.",Type of offensiveness,Threats of violence,span,7,84,"insulting words, use of threatening words and also use of dehumanizing words.",,Thu Sep 03 2026 17:01:48 GMT+0000 (Coordinated Universal Time),1,5,5.108,Suspend,35142,1,control,3,890cb4,1eab6aa4-af12-4ebc-9267-9a9a46554aa8
1,round 1,subham,1eab6aa4-af12-4ebc-9267-9a9a46554aa8::4,"although there was use of a certain degree of bad words in the third message, the first two messages were kind",Patterns of behavior,One-off offensive,span,0,54,although there was use of a certain degree of bad word,,Thu Sep 03 2026 17:04:31 GMT+0000 (Coordinated Universal Time),4,3.96,7.623,Do not suspend,35142,0.25,control,6,890cb4,1eab6aa4-af12-4ebc-9267-9a9a46554aa8
1,round 1,subham,1eab6aa4-af12-4ebc-9267-9a9a46554aa8::4,"although there was use of a certain degree of bad words in the third message, the first two messages were kind",Type of offensiveness,No offensive content,span,82,110,first two messages were kind,,Thu Sep 03 2026 17:04:15 GMT+0000 (Coordinated Universal Time),4,3.96,7.623,Do not suspend,35142,0.25,control,6,890cb4,1eab6aa4-af12-4ebc-9267-9a9a46554aa8
1,round 1,subham,1eab6aa4-af12-4ebc-9267-9a9a46554aa8::5,"there was no use of bad words, the user spoke in an understanding manner and made points without hurting or insulting anyone.",Justifications,Not too offensive,unit,,,,,Tue Sep 01 2026 04:08:21 GMT+0000 (Coordinated Universal Time),5,5,8.054,Do not suspend,35142,0,control,3,890cb4,1eab6aa4-af12-4ebc-9267-9a9a46554aa8
1,round 1,subham,1eab6aa4-af12-4ebc-9267-9a9a46554aa8::5,"there was no use of bad words, the user spoke in an understanding manner and made points without hurting or insulting anyone.",Patterns of behavior,Normal behavior,unit,,,,,Tue Sep 01 2026 04:08:24 GMT+0000 (Coordinated Universal Time),5,5,8.054,Do not suspend,35142,0,control,3,890cb4,1eab6aa4-af12-4ebc-9267-9a9a46554aa8
1,round 1,subham,20495eb2-b21b-4955-8a97-0020aae12c29::1,Every message used extremely offensive language and one threatened an animal.,Type of offensiveness,Extreme offensive,span,19,47,extremely offensive language,,Wed Sep 02 2026 18:39:56 GMT+0000 (Coordinated Universal Time),1,5,4.699,Suspend,14325,1,ai,3,1de0d4,20495eb2-b21b-4955-8a97-0020aae12c29
1,round 1,subham,20495eb2-b21b-4955-8a97-0020aae12c29::1,Every message used extremely offensive language and one threatened an animal.,Type of offensiveness,Threats of violence,span,56,77,threatened an animal.,,Wed Sep 02 2026 18:40:00 GMT+0000 (Coordinated Universal Time),1,5,4.699,Suspend,14325,1,ai,3,1de0d4,20495eb2-b21b-4955-8a97-0020aae12c29
1,round 1,subham,208559c2-6d8a-4abe-a680-1ff1d4748c20::2,"Most of the account message where offensive , its appears to be a standard behavior of the account.",Patterns of behavior,Consistent offensive behavior,unit,,,,,Tue Sep 01 2026 16:43:57 GMT+0000 (Coordinated Universal Time),2,5,3.827,Suspend,13425,0.75,crowd,4,450041,208559c2-6d8a-4abe-a680-1ff1d4748c20
1,round 1,subham,209a2e51-8511-44f6-8bc1-5df8aff3fa19::1,They are very vulgar words that deserve suspending the account,Decision outcomes,Permanent ban,unit,,,,,Tue Sep 01 2026 15:21:03 GMT+0000 (Coordinated Universal Time),1,5,2.856,Suspend,24153,1,ai,1,6753de,209a2e51-8511-44f6-8bc1-5df8aff3fa19
1,round 1,subham,209a2e51-8511-44f6-8bc1-5df8aff3fa19::1,They are very vulgar words that deserve suspending the account,Type of offensiveness,derogatory remarks,span,14,50,vulgar words that deserve suspending,,Tue Sep 01 2026 15:21:12 GMT+0000 (Coordinated Universal Time),1,5,2.856,Suspend,24153,1,ai,1,6753de,209a2e51-8511-44f6-8bc1-5df8aff3fa19
1,round 1,subham,20f5aa5b-c33a-4182-ad89-199eb2a2e21b::1,This account used threatening language.,Type of offensiveness,Threats of violence,span,18,39,threatening language.,,Thu Sep 03 2026 17:01:23 GMT+0000 (Coordinated Universal Time),1,5,4.514,Suspend,53214,1,ai,2,b71fb0,20f5aa5b-c33a-4182-ad89-199eb2a2e21b
1,round 1,subham,20f5aa5b-c33a-4182-ad89-199eb2a2e21b::3,There are slurs and threatening language used in ways that are attempting to harm another person.,Type of offensiveness,Threats of violence,span,0,40,There are slurs and threatening language,,Thu Sep 03 2026 19:03:51 GMT+0000 (Coordinated Universal Time),3,5,3.837,Suspend,53214,0.5,ai,3,b71fb0,20f5aa5b-c33a-4182-ad89-199eb2a2e21b
1,round 1,subham,20f5aa5b-c33a-4182-ad89-199eb2a2e21b::3,There are slurs and threatening language used in ways that are attempting to harm another person.,Type of offensiveness,Harm other person,span,49,97,ways that are attempting to harm another person.,,Thu Sep 03 2026 19:04:29 GMT+0000 (Coordinated Universal Time),3,5,3.837,Suspend,53214,0.5,ai,3,b71fb0,20f5aa5b-c33a-4182-ad89-199eb2a2e21b
1,round 1,subham,20f7025c-e5c6-4a55-95d1-23945085367d::4,"I chose not to suspend Account 1 because, while some messages were strong in tone, they did not contain language that directly posed a threat, except for Message 3. Message 3 is offensive and would require further act.",Justifications,Not too offensive,span,42,153,"while some messages were strong in tone, they did not contain language that directly posed a threat, except for",,Thu Sep 03 2026 17:31:59 GMT+0000 (Coordinated Universal Time),4,4.4,9.771,Do not suspend,41253,0.25,ai,5,6d700d,20f7025c-e5c6-4a55-95d1-23945085367d
1,round 1,subham,20f7025c-e5c6-4a55-95d1-23945085367d::4,"I chose not to suspend Account 1 because, while some messages were strong in tone, they did not contain language that directly posed a threat, except for Message 3. Message 3 is offensive and would require further act.",Patterns of behavior,One-off offensive,span,165,218,Message 3 is offensive and would require further act.,,Thu Sep 03 2026 17:31:45 GMT+0000 (Coordinated Universal Time),4,4.4,9.771,Do not suspend,41253,0.25,ai,5,6d700d,20f7025c-e5c6-4a55-95d1-23945085367d
1,round 1,subham,22e5ece5-b743-45c4-972e-77b1ae4b37e9::2,"For this account I only looked at 2 messages, it was enough to see that this kind of content should not be allowed. I know it's probably not real messages but if they were from a real person I would think that person is sick. First message is vile.",Decision outcomes,Permanent ban,span,46,114,it was enough to see that this kind of content should not be allowed,,Thu Sep 03 2026 18:40:03 GMT+0000 (Coordinated Universal Time),2,5,8.838,Suspend,32541,0.75,control,2,13a429,22e5ece5-b743-45c4-972e-77b1ae4b37e9
1,round 1,subham,22e5ece5-b743-45c4-972e-77b1ae4b37e9::3,"I went through 5 different messages for this account and the person insulted multiple people for their sexuality, looks, and race. The things said in these messages are unacceptable and the account would deserve to be suspended.",Type of offensiveness,derogatory remarks,span,61,130,"person insulted multiple people for their sexuality, looks, and race.",,Wed Sep 02 2026 19:22:28 GMT+0000 (Coordinated Universal Time),3,5,9.309,Suspend,32541,0.5,control,5,13a429,22e5ece5-b743-45c4-972e-77b1ae4b37e9
1,round 1,subham,22e5ece5-b743-45c4-972e-77b1ae4b37e9::3,"I went through 5 different messages for this account and the person insulted multiple people for their sexuality, looks, and race. The things said in these messages are unacceptable and the account would deserve to be suspended.",Type of offensiveness,racial remark,span,77,129,"multiple people for their sexuality, looks, and race",,Wed Sep 02 2026 19:22:16 GMT+0000 (Coordinated Universal Time),3,5,9.309,Suspend,32541,0.5,control,5,13a429,22e5ece5-b743-45c4-972e-77b1ae4b37e9
1,round 1,subham,22e5ece5-b743-45c4-972e-77b1ae4b37e9::3,"I went through 5 different messages for this account and the person insulted multiple people for their sexuality, looks, and race. The things said in these messages are unacceptable and the account would deserve to be suspended.",Decision outcomes,Permanent ban,span,169,228,unacceptable and the account would deserve to be suspended.,,Wed Sep 02 2026 19:22:46 GMT+0000 (Coordinated Universal Time),3,5,9.309,Suspend,32541,0.5,control,5,13a429,22e5ece5-b743-45c4-972e-77b1ae4b37e9
1,round 1,subham,246aa216-be21-4efa-9eff-7f1a95d1d02d::2,It's a death threat.,Type of offensiveness,Death wish,unit,,,,,Tue Sep 01 2026 16:54:02 GMT+0000 (Coordinated Universal Time),2,4.98,3.512,Suspend,42153,0.75,control,1,89104e,246aa216-be21-4efa-9eff-7f1a95d1d02d
1,round 1,subham,246aa216-be21-4efa-9eff-7f1a95d1d02d::2,It's a death threat.,Type of offensiveness,Threats of violence,unit,,,,,Tue Sep 01 2026 16:54:04 GMT+0000 (Coordinated Universal Time),2,4.98,3.512,Suspend,42153,0.75,control,1,89104e,246aa216-be21-4efa-9eff-7f1a95d1d02d
1,round 1,subham,246aa216-be21-4efa-9eff-7f1a95d1d02d::4,It's a death threat.,Type of offensiveness,Death wish,unit,,,,,Tue Sep 01 2026 15:07:11 GMT+0000 (Coordinated Universal Time),4,5,4.194,Suspend,42153,0.25,control,3,89104e,246aa216-be21-4efa-9eff-7f1a95d1d02d
1,round 1,subham,2470478f-1b93-4fdd-8841-0a9b0fdde878::2,"Threats of murder, repeated use of the f-slur with genuine hatred.",Type of offensiveness,Death wish,unit,,,,,Tue Sep 01 2026 04:23:10 GMT+0000 (Coordinated Universal Time),2,5,6.113,Suspend,23154,0.75,ai,4,1982a1,2470478f-1b93-4fdd-8841-0a9b0fdde878
1,round 1,subham,2470478f-1b93-4fdd-8841-0a9b0fdde878::4,You don't just let people make threats of murder on your platform. Period.,Type of offensiveness,Threats of violence,unit,,,,,Wed Sep 02 2026 19:14:10 GMT+0000 (Coordinated Universal Time),4,4.03,5.516,Suspend,23154,0.25,ai,7,1982a1,2470478f-1b93-4fdd-8841-0a9b0fdde878
1,round 1,subham,2470478f-1b93-4fdd-8841-0a9b0fdde878::4,You don't just let people make threats of murder on your platform. Period.,Decision outcomes,Permanent ban,unit,,,,,Wed Sep 02 2026 19:13:41 GMT+0000 (Coordinated Universal Time),4,4.03,5.516,Suspend,23154,0.25,ai,7,1982a1,2470478f-1b93-4fdd-8841-0a9b0fdde878
1,round 1,subham,2470478f-1b93-4fdd-8841-0a9b0fdde878::4,You don't just let people make threats of murder on your platform. Period.,Type of offensiveness,Death wish,span,19,65,people make threats of murder on your platform,,Wed Sep 02 2026 19:14:10 GMT+0000 (Coordinated Universal Time),4,4.03,5.516,Suspend,23154,0.25,ai,7,1982a1,2470478f-1b93-4fdd-8841-0a9b0fdde878
1,round 1,subham,2470478f-1b93-4fdd-8841-0a9b0fdde878::5,"Just seems like a normal person's account, or at least an account that isn't wildly against every TOS known to man.",Patterns of behavior,Normal behavior,unit,,,,,Tue Sep 01 2026 17:28:28 GMT+0000 (Coordinated Universal Time),5,5,4.044,Do not suspend,23154,0,ai,7,1982a1,2470478f-1b93-4fdd-8841-0a9b0fdde878
1,round 1,subham,2470478f-1b93-4fdd-8841-0a9b0fdde878::5,"Just seems like a normal person's account, or at least an account that isn't wildly against every TOS known to man.",Positive content,Personal opinions and thoughts,span,0,42,"Just seems like a normal person's account,",,Tue Sep 01 2026 17:28:41 GMT+0000 (Coordinated Universal Time),5,5,4.044,Do not suspend,23154,0,ai,7,1982a1,2470478f-1b93-4fdd-8841-0a9b0fdde878
1,round 1,subham,24ce942b-3071-4924-9835-1f9bd376271c::3,2 out 3 were offensive.,Patterns of behavior,Mix of offensive and non-offensive,unit,,,,,Thu Sep 03 2026 18:43:15 GMT+0000 (Coordinated Universal Time),3,5,3.156,Suspend,51423,0.5,crowd,3,29c149,24ce942b-3071-4924-9835-1f9bd376271c
1,round 1,subham,26429584-a1a5-43df-9b5c-38d0072a4730::1,i suspended this account because it had nothing but bad messages one after the next and they were very vulgar and offensive,Type of offensiveness,Hate speech and offensive language,span,93,123,were very vulgar and offensive,,Wed Sep 02 2026 18:02:20 GMT+0000 (Coordinated Universal Time),1,4.97,4.403,Suspend,32415,1,crowd,4,07a00c,26429584-a1a5-43df-9b5c-38d0072a4730
1,round 1,subham,2b8b56f8-c05a-42fb-b4df-0c65b98aaa30::2,Both messages are extremely offensive and was very easy to suspend them.,Type of offensiveness,Extreme offensive,unit,,,,,Thu Sep 03 2026 18:42:57 GMT+0000 (Coordinated Universal Time),2,5,2.587,Suspend,54213,0.75,ai,2,8ad46d,2b8b56f8-c05a-42fb-b4df-0c65b98aaa30
1,round 1,subham,2b8b56f8-c05a-42fb-b4df-0c65b98aaa30::2,Both messages are extremely offensive and was very easy to suspend them.,Decision outcomes,Permanent ban,unit,,,,,Thu Sep 03 2026 18:42:59 GMT+0000 (Coordinated Universal Time),2,5,2.587,Suspend,54213,0.75,ai,2,8ad46d,2b8b56f8-c05a-42fb-b4df-0c65b98aaa30
1,round 1,subham,2be1ec5b-fc34-4c58-91e3-6fa95cc81391::5,Messages had no offensive content,Type of offensiveness,No offensive content,unit,,,,,Tue Sep 01 2026 18:09:05 GMT+0000 (Coordinated Universal Time),5,4.01,3.91,Do not suspend,53421,0,ai,5,57ca00,2be1ec5b-fc34-4c58-91e3-6fa95cc81391
1,round 1,subham,2db60c1d-59e3-4a2d-96e2-2d364f090249::2,"PLAIN AND SIMPLE OFFENSIVE, COMMON SENSE AND ADDITIONALLY YOU ARE LUCKY i DO NOT RETURN THIS NOW ON PRINCIPLE ALONE AS IT IS YOUR 2ND OMISSION NOT CITED AS BEING REQUIRED IN PROLIFIC TASK PREVIEW MATERIAL SHOWN ON PROLIFIC BEFORE WORKERS CLICK START",,comment too short and not sure what needs to be done,unit,,,,,Wed Sep 02 2026 19:04:59 GMT+0000 (Coordinated Universal Time),2,5,5.637,Suspend,51432,0.75,crowd,1,69e18c,2db60c1d-59e3-4a2d-96e2-2d364f090249
1,round 1,subham,2e60f023-d4ef-460f-a8b5-31164eb105f3::2,Another death threat that should not be accepted. This is severely offensive for what can be said through text. This warrants more than suspension. It should be investigated.,Decision outcomes,Consequences beyond suspencion,unit,,,,,Thu Sep 03 2026 19:06:58 GMT+0000 (Coordinated Universal Time),2,5,5.468,Suspend,35142,0.75,crowd,3,56a98f,2e60f023-d4ef-460f-a8b5-31164eb105f3
1,round 1,subham,2e60f023-d4ef-460f-a8b5-31164eb105f3::2,Another death threat that should not be accepted. This is severely offensive for what can be said through text. This warrants more than suspension. It should be investigated.,Type of offensiveness,Death wish,span,8,48,death threat that should not be accepted,,Thu Sep 03 2026 19:06:43 GMT+0000 (Coordinated Universal Time),2,5,5.468,Suspend,35142,0.75,crowd,3,56a98f,2e60f023-d4ef-460f-a8b5-31164eb105f3
1,round 1,subham,2e60f023-d4ef-460f-a8b5-31164eb105f3::2,Another death threat that should not be accepted. This is severely offensive for what can be said through text. This warrants more than suspension. It should be investigated.,Type of offensiveness,Extreme offensive,span,58,110,severely offensive for what can be said through text,,Thu Sep 03 2026 19:06:51 GMT+0000 (Coordinated Universal Time),2,5,5.468,Suspend,35142,0.75,crowd,3,56a98f,2e60f023-d4ef-460f-a8b5-31164eb105f3
1,round 1,subham,2e60f023-d4ef-460f-a8b5-31164eb105f3::2,Another death threat that should not be accepted. This is severely offensive for what can be said through text. This warrants more than suspension. It should be investigated.,Decision outcomes,Permanent ban,span,112,174,This warrants more than suspension. It should be investigated.,,Thu Sep 03 2026 19:06:57 GMT+0000 (Coordinated Universal Time),2,5,5.468,Suspend,35142,0.75,crowd,3,56a98f,2e60f023-d4ef-460f-a8b5-31164eb105f3
1,round 1,subham,2e60f023-d4ef-460f-a8b5-31164eb105f3::3,account 1 uses hate speech and derogatory terms. They have said offensive things multiple times. They should not get a pass.,Type of offensiveness,derogatory remarks,unit,,,,,Thu Sep 03 2026 17:03:35 GMT+0000 (Coordinated Universal Time),3,5,9.31,Suspend,35142,0.5,crowd,3,56a98f,2e60f023-d4ef-460f-a8b5-31164eb105f3
1,round 1,subham,2e60f023-d4ef-460f-a8b5-31164eb105f3::3,account 1 uses hate speech and derogatory terms. They have said offensive things multiple times. They should not get a pass.,Type of offensiveness,Hate speech and offensive language,span,10,47,uses hate speech and derogatory terms,,Thu Sep 03 2026 17:03:29 GMT+0000 (Coordinated Universal Time),3,5,9.31,Suspend,35142,0.5,crowd,3,56a98f,2e60f023-d4ef-460f-a8b5-31164eb105f3
1,round 1,subham,2e60f023-d4ef-460f-a8b5-31164eb105f3::3,account 1 uses hate speech and derogatory terms. They have said offensive things multiple times. They should not get a pass.,Patterns of behavior,Consistent offensive behavior,span,60,95,aid offensive things multiple times,,Thu Sep 03 2026 17:03:43 GMT+0000 (Coordinated Universal Time),3,5,9.31,Suspend,35142,0.5,crowd,3,56a98f,2e60f023-d4ef-460f-a8b5-31164eb105f3
1,round 1,subham,2e60f023-d4ef-460f-a8b5-31164eb105f3::3,account 1 uses hate speech and derogatory terms. They have said offensive things multiple times. They should not get a pass.,Decision outcomes,Permanent ban,span,97,124,They should not get a pass.,,Thu Sep 03 2026 17:03:50 GMT+0000 (Coordinated Universal Time),3,5,9.31,Suspend,35142,0.5,crowd,3,56a98f,2e60f023-d4ef-460f-a8b5-31164eb105f3
1,round 1,subham,2e60f023-d4ef-460f-a8b5-31164eb105f3::4,"Although just one message was offensive, that is all it takes. Once is enough. This is particularly a bad case because its a direct death threat whether acted upon or not. This is not something to be tolerated. This needs more than suspension.",Decision outcomes,Permanent ban,unit,,,,,Thu Sep 03 2026 19:08:14 GMT+0000 (Coordinated Universal Time),4,5,5.787,Suspend,35142,0.25,crowd,4,56a98f,2e60f023-d4ef-460f-a8b5-31164eb105f3
1,round 1,subham,2e60f023-d4ef-460f-a8b5-31164eb105f3::4,"Although just one message was offensive, that is all it takes. Once is enough. This is particularly a bad case because its a direct death threat whether acted upon or not. This is not something to be tolerated. This needs more than suspension.",Type of offensiveness,Death wish,span,125,144,direct death threat,,Thu Sep 03 2026 19:08:04 GMT+0000 (Coordinated Universal Time),4,5,5.787,Suspend,35142,0.25,crowd,4,56a98f,2e60f023-d4ef-460f-a8b5-31164eb105f3
1,round 1,subham,2e60f023-d4ef-460f-a8b5-31164eb105f3::4,"Although just one message was offensive, that is all it takes. Once is enough. This is particularly a bad case because its a direct death threat whether acted upon or not. This is not something to be tolerated. This needs more than suspension.",Decision outcomes,Consequences beyond suspencion,span,172,243,This is not something to be tolerated. This needs more than suspension.,,Thu Sep 03 2026 19:08:12 GMT+0000 (Coordinated Universal Time),4,5,5.787,Suspend,35142,0.25,crowd,4,56a98f,2e60f023-d4ef-460f-a8b5-31164eb105f3
1,round 1,subham,2e81601f-453c-4d49-baa2-208a30e95b69::3,th message was insulting and bad language was used,Patterns of behavior,Majority offesnive,unit,,,,,Thu Sep 03 2026 16:03:52 GMT+0000 (Coordinated Universal Time),3,5,4.504,Suspend,23154,0.5,crowd,1,00841f,2e81601f-453c-4d49-baa2-208a30e95b69
1,round 1,subham,2e81601f-453c-4d49-baa2-208a30e95b69::4,there was no bad languages used just fact.,Type of offensiveness,No offensive content,unit,,,,,Thu Sep 03 2026 18:20:41 GMT+0000 (Coordinated Universal Time),4,5,3.383,Do not suspend,23154,0.25,crowd,1,00841f,2e81601f-453c-4d49-baa2-208a30e95b69
1,round 1,subham,2e81601f-453c-4d49-baa2-208a30e95b69::4,there was no bad languages used just fact.,Reflection on the decision,Not offensive at all,unit,,,,,Thu Sep 03 2026 18:20:38 GMT+0000 (Coordinated Universal Time),4,5,3.383,Do not suspend,23154,0.25,crowd,1,00841f,2e81601f-453c-4d49-baa2-208a30e95b69
1,round 1,subham,2ee6b9be-6ea5-4dbf-8780-7e22df0d7db7::1,All of their messages are extremely offensive which includes not only death threats but also derogatory terms,Patterns of behavior,Consistent offensive behavior,span,0,45,All of their messages are extremely offensive,,Wed Sep 02 2026 18:26:59 GMT+0000 (Coordinated Universal Time),1,5,4.698,Suspend,42315,1,ai,3,73800e,2ee6b9be-6ea5-4dbf-8780-7e22df0d7db7
1,round 1,subham,2ee6b9be-6ea5-4dbf-8780-7e22df0d7db7::1,All of their messages are extremely offensive which includes not only death threats but also derogatory terms,Type of offensiveness,Death wish,span,70,83,death threats,,Wed Sep 02 2026 18:27:06 GMT+0000 (Coordinated Universal Time),1,5,4.698,Suspend,42315,1,ai,3,73800e,2ee6b9be-6ea5-4dbf-8780-7e22df0d7db7
1,round 1,subham,2ee6b9be-6ea5-4dbf-8780-7e22df0d7db7::1,All of their messages are extremely offensive which includes not only death threats but also derogatory terms,Type of offensiveness,derogatory remarks,span,93,109,derogatory terms,,Wed Sep 02 2026 18:27:10 GMT+0000 (Coordinated Universal Time),1,5,4.698,Suspend,42315,1,ai,3,73800e,2ee6b9be-6ea5-4dbf-8780-7e22df0d7db7
1,round 1,subham,304298ef-5fc6-4f7c-b744-61b877e0cee7::1,It is extremely hateful,Type of offensiveness,Extreme offensive,unit,,,,,Tue Sep 01 2026 17:28:13 GMT+0000 (Coordinated Universal Time),1,4.98,6.75,Suspend,21354,1,crowd,1,93c6d3,304298ef-5fc6-4f7c-b744-61b877e0cee7
1,round 1,subham,30e22309-754e-4431-897d-e433d6a81eb9::2,Uses vulgar and offensive language to denigrate and insult individuals.  States clearly threatening action.,Type of offensiveness,derogatory remarks,unit,,,,,Thu Sep 03 2026 17:56:08 GMT+0000 (Coordinated Universal Time),2,4.97,6.312,Suspend,23154,0.75,control,2,800376,30e22309-754e-4431-897d-e433d6a81eb9
1,round 1,subham,30e22309-754e-4431-897d-e433d6a81eb9::2,Uses vulgar and offensive language to denigrate and insult individuals.  States clearly threatening action.,Type of offensiveness,Hate speech and offensive language,span,5,70,vulgar and offensive language to denigrate and insult individuals,,Thu Sep 03 2026 17:56:06 GMT+0000 (Coordinated Universal Time),2,4.97,6.312,Suspend,23154,0.75,control,2,800376,30e22309-754e-4431-897d-e433d6a81eb9
1,round 1,subham,3246c910-edc5-4a19-a587-0cbcced72c21::1,"Just clear slurs and pure hatred, zero reason to not suspend this account, this is literally indefensible.",Decision outcomes,Permanent ban,unit,,,,,Tue Sep 01 2026 18:06:17 GMT+0000 (Coordinated Universal Time),1,5,2.869,Suspend,43512,1,crowd,3,e660af,3246c910-edc5-4a19-a587-0cbcced72c21
1,round 1,subham,3246c910-edc5-4a19-a587-0cbcced72c21::1,"Just clear slurs and pure hatred, zero reason to not suspend this account, this is literally indefensible.",Type of offensiveness,Extreme offensive,unit,,,,,Tue Sep 01 2026 18:06:15 GMT+0000 (Coordinated Universal Time),1,5,2.869,Suspend,43512,1,crowd,3,e660af,3246c910-edc5-4a19-a587-0cbcced72c21
1,round 1,subham,3246c910-edc5-4a19-a587-0cbcced72c21::1,"Just clear slurs and pure hatred, zero reason to not suspend this account, this is literally indefensible.",Type of offensiveness,Hate speech and offensive language,span,0,73,"Just clear slurs and pure hatred, zero reason to not suspend this account",,Tue Sep 01 2026 18:06:09 GMT+0000 (Coordinated Universal Time),1,5,2.869,Suspend,43512,1,crowd,3,e660af,3246c910-edc5-4a19-a587-0cbcced72c21
1,round 1,subham,3246c910-edc5-4a19-a587-0cbcced72c21::5,"Nothing said here deserved a suspension, just seemed like a normal person updating on normal things.",Type of offensiveness,No offensive content,unit,,,,,Tue Sep 01 2026 18:05:41 GMT+0000 (Coordinated Universal Time),5,4.5,14.104,Do not suspend,43512,0,crowd,5,e660af,3246c910-edc5-4a19-a587-0cbcced72c21
1,round 1,subham,3246c910-edc5-4a19-a587-0cbcced72c21::5,"Nothing said here deserved a suspension, just seemed like a normal person updating on normal things.",Patterns of behavior,Normal behavior,unit,,,,,Tue Sep 01 2026 18:05:37 GMT+0000 (Coordinated Universal Time),5,4.5,14.104,Do not suspend,43512,0,crowd,5,e660af,3246c910-edc5-4a19-a587-0cbcced72c21
1,round 1,subham,32be39db-f881-4abe-8804-3ca4460756e8::1,"A horrible hateful person, full of slurs and rude words",Type of offensiveness,Hate speech and offensive language,unit,,,,,Wed Sep 02 2026 18:23:35 GMT+0000 (Coordinated Universal Time),1,5,4.662,Suspend,35241,1,control,3,054a45,32be39db-f881-4abe-8804-3ca4460756e8
1,round 1,subham,32be39db-f881-4abe-8804-3ca4460756e8::1,"A horrible hateful person, full of slurs and rude words",Type of offensiveness,derogatory remarks,unit,,,,,Wed Sep 02 2026 18:23:39 GMT+0000 (Coordinated Universal Time),1,5,4.662,Suspend,35241,1,control,3,054a45,32be39db-f881-4abe-8804-3ca4460756e8
1,round 1,subham,32be39db-f881-4abe-8804-3ca4460756e8::2,"Everything about their posts is bad and wrong. Slurs, rude language, insults, nothing good !",Type of offensiveness,Hate speech and offensive language,unit,,,,,Thu Sep 03 2026 16:02:49 GMT+0000 (Coordinated Universal Time),2,5,4.662,Suspend,35241,0.75,control,2,054a45,32be39db-f881-4abe-8804-3ca4460756e8
1,round 1,subham,32be39db-f881-4abe-8804-3ca4460756e8::2,"Everything about their posts is bad and wrong. Slurs, rude language, insults, nothing good !",Type of offensiveness,derogatory remarks,span,47,92,"Slurs, rude language, insults, nothing good !",,Thu Sep 03 2026 16:02:48 GMT+0000 (Coordinated Universal Time),2,5,4.662,Suspend,35241,0.75,control,2,054a45,32be39db-f881-4abe-8804-3ca4460756e8
1,round 1,subham,33a7ec32-7245-4843-9294-2caeb54be5c0::1,Derogatory terms and the wishes of death of humans/animals.,Type of offensiveness,derogatory remarks,unit,,,,,Wed Sep 02 2026 18:40:10 GMT+0000 (Coordinated Universal Time),1,5,7.467,Suspend,13254,1,control,2,469184,33a7ec32-7245-4843-9294-2caeb54be5c0
1,round 1,subham,33a7ec32-7245-4843-9294-2caeb54be5c0::1,Derogatory terms and the wishes of death of humans/animals.,Type of offensiveness,Death wish,unit,,,,,Wed Sep 02 2026 18:40:08 GMT+0000 (Coordinated Universal Time),1,5,7.467,Suspend,13254,1,control,2,469184,33a7ec32-7245-4843-9294-2caeb54be5c0
1,round 1,subham,33a7ec32-7245-4843-9294-2caeb54be5c0::3,Derogatory remarks.,Type of offensiveness,derogatory remarks,unit,,,,,Tue Sep 01 2026 03:42:22 GMT+0000 (Coordinated Universal Time),3,5,11.086,Suspend,13254,0.5,control,3,469184,33a7ec32-7245-4843-9294-2caeb54be5c0
1,round 1,subham,33a7ec32-7245-4843-9294-2caeb54be5c0::5,"No offensive remarks seen in any of the 4 messages, only positive or inquisitive ones.",Positive content,Personal opinions and thoughts,unit,,,,,Wed Sep 02 2026 19:18:47 GMT+0000 (Coordinated Universal Time),5,5,4.817,Do not suspend,13254,0,control,4,469184,33a7ec32-7245-4843-9294-2caeb54be5c0
1,round 1,subham,3820a2cf-9127-4286-8f06-13a8111285e8::3,causes there is the usage of informal language,,comment too short and not sure what needs to be done,unit,,,,,Thu Sep 03 2026 17:02:56 GMT+0000 (Coordinated Universal Time),3,3.99,14.275,Suspend,25341,0.5,control,1,452a02,3820a2cf-9127-4286-8f06-13a8111285e8
1,round 1,subham,3820a2cf-9127-4286-8f06-13a8111285e8::4,cause the user use a formal language and there is no threats in the message,Type of offensiveness,No offensive content,unit,,,,,Wed Sep 02 2026 19:24:52 GMT+0000 (Coordinated Universal Time),4,2.29,6.34,Do not suspend,25341,0.25,control,1,452a02,3820a2cf-9127-4286-8f06-13a8111285e8
1,round 1,subham,3820a2cf-9127-4286-8f06-13a8111285e8::4,cause the user use a formal language and there is no threats in the message,Reflection on the decision,Not offensive at all,unit,,,,,Wed Sep 02 2026 19:24:56 GMT+0000 (Coordinated Universal Time),4,2.29,6.34,Do not suspend,25341,0.25,control,1,452a02,3820a2cf-9127-4286-8f06-13a8111285e8
1,round 1,subham,3820a2cf-9127-4286-8f06-13a8111285e8::5,cause the user use a formal language and there is no threats in the message,Type of offensiveness,No offensive content,unit,,,,,Tue Sep 01 2026 04:25:07 GMT+0000 (Coordinated Universal Time),5,4.64,14.05,Do not suspend,25341,0,control,1,452a02,3820a2cf-9127-4286-8f06-13a8111285e8
1,round 1,subham,3820a2cf-9127-4286-8f06-13a8111285e8::5,cause the user use a formal language and there is no threats in the message,Patterns of behavior,Normal behavior,unit,,,,,Tue Sep 01 2026 04:25:03 GMT+0000 (Coordinated Universal Time),5,4.64,14.05,Do not suspend,25341,0,control,1,452a02,3820a2cf-9127-4286-8f06-13a8111285e8
1,round 1,subham,3887d13a-2522-48e4-930f-24545d0aeb9e::3,user is commentating about their experience and advising,Positive content,Personal opinions and thoughts,unit,,,,,Tue Sep 01 2026 17:40:34 GMT+0000 (Coordinated Universal Time),3,4.03,7.387,Do not suspend,15432,0.5,control,2,a2e107,3887d13a-2522-48e4-930f-24545d0aeb9e
1,round 1,subham,39ab5a4c-c7ab-4268-8f50-8b8122d844ab::2,The posts contained hate speech.,Type of offensiveness,Hate speech and offensive language,unit,,,,,Thu Sep 03 2026 19:10:06 GMT+0000 (Coordinated Universal Time),2,3.99,4.209,Suspend,52431,0.75,crowd,2,732194,39ab5a4c-c7ab-4268-8f50-8b8122d844ab
1,round 1,subham,39ab5a4c-c7ab-4268-8f50-8b8122d844ab::5,I did not find anything that a reasonable person would be offended by.,Type of offensiveness,No offensive content,unit,,,,,Tue Sep 01 2026 17:38:15 GMT+0000 (Coordinated Universal Time),5,3.98,4.096,Do not suspend,52431,0,crowd,4,732194,39ab5a4c-c7ab-4268-8f50-8b8122d844ab
1,round 1,subham,39ab5a4c-c7ab-4268-8f50-8b8122d844ab::5,I did not find anything that a reasonable person would be offended by.,Reflection on the decision,Not offensive at all,unit,,,,,Tue Sep 01 2026 17:38:27 GMT+0000 (Coordinated Universal Time),5,3.98,4.096,Do not suspend,52431,0,crowd,4,732194,39ab5a4c-c7ab-4268-8f50-8b8122d844ab
1,round 1,subham,39ab5a4c-c7ab-4268-8f50-8b8122d844ab::5,I did not find anything that a reasonable person would be offended by.,Patterns of behavior,Normal behavior,unit,,,,,Tue Sep 01 2026 17:38:10 GMT+0000 (Coordinated Universal Time),5,3.98,4.096,Do not suspend,52431,0,crowd,4,732194,39ab5a4c-c7ab-4268-8f50-8b8122d844ab
1,round 1,subham,3a71a704-c4b8-415f-bd4d-ce52c8458a98::1,Ya this just didn't seem like it was going to get any better,Patterns of behavior,Consistent offensive behavior,unit,,,,,Wed Sep 02 2026 18:41:37 GMT+0000 (Coordinated Universal Time),1,5,2.866,Suspend,53241,1,crowd,1,937abe,3a71a704-c4b8-415f-bd4d-ce52c8458a98
1,round 1,subham,3a71a704-c4b8-415f-bd4d-ce52c8458a98::5,"This account has posts that seem genuine and supportive, probably indicative of someone who is level, civil, and not angry",Patterns of behavior,Normal behavior,unit,,,,,Tue Sep 01 2026 18:02:45 GMT+0000 (Coordinated Universal Time),5,4.98,7.015,Do not suspend,53241,0,crowd,2,937abe,3a71a704-c4b8-415f-bd4d-ce52c8458a98
1,round 1,subham,3c0629eb-8736-469a-8958-3acea68b50f2::4,"Though one message did include a threat of violence and use of a slur, this behavior was not repeated in other messages. This leads me to a strong suspicion that this is not the user's typical conduct and they can be expected to not continue.",Reflection on the decision,Expressed uncertainty,unit,,,,,Thu Sep 03 2026 18:47:56 GMT+0000 (Coordinated Universal Time),4,3.55,4.555,Do not suspend,32145,0.25,control,9,7141db,3c0629eb-8736-469a-8958-3acea68b50f2
1,round 1,subham,3c0629eb-8736-469a-8958-3acea68b50f2::4,"Though one message did include a threat of violence and use of a slur, this behavior was not repeated in other messages. This leads me to a strong suspicion that this is not the user's typical conduct and they can be expected to not continue.",Patterns of behavior,One-off offensive,span,7,69,one message did include a threat of violence and use of a slur,,Thu Sep 03 2026 18:47:37 GMT+0000 (Coordinated Universal Time),4,3.55,4.555,Do not suspend,32145,0.25,control,9,7141db,3c0629eb-8736-469a-8958-3acea68b50f2
1,round 1,subham,3d2ab706-ff3e-4b33-b082-b66817a2dbef::1,The hatred and death wish expressed warrnat a suspension.,Type of offensiveness,Threats of violence,unit,,,,,Tue Sep 01 2026 03:42:41 GMT+0000 (Coordinated Universal Time),1,4.84,3.713,Suspend,54312,1,control,2,102c7c,3d2ab706-ff3e-4b33-b082-b66817a2dbef
1,round 1,subham,3d2ab706-ff3e-4b33-b082-b66817a2dbef::1,The hatred and death wish expressed warrnat a suspension.,Type of offensiveness,Hate speech and offensive language,unit,,,,,Tue Sep 01 2026 03:42:45 GMT+0000 (Coordinated Universal Time),1,4.84,3.713,Suspend,54312,1,control,2,102c7c,3d2ab706-ff3e-4b33-b082-b66817a2dbef
1,round 1,subham,3e408ba5-696a-45e0-b576-fd67c97fb7f0::4,Lots of normal messages but there ending up being a recurring theme of direct death threats that were not okay.,Type of offensiveness,Death wish,span,52,111,recurring theme of direct death threats that were not okay.,,Thu Sep 03 2026 18:24:04 GMT+0000 (Coordinated Universal Time),4,5,4.44,Suspend,13452,0.25,control,7,2b5e4d,3e408ba5-696a-45e0-b576-fd67c97fb7f0
1,round 1,subham,4087dea3-9032-4482-962a-3976a83c5ad7::4,Message 3 uses violent language and threats against another person.,Type of offensiveness,derogatory remarks,unit,,,,,Wed Sep 02 2026 18:39:49 GMT+0000 (Coordinated Universal Time),4,5,3.924,Suspend,24531,0.25,crowd,3,c23f5d,4087dea3-9032-4482-962a-3976a83c5ad7
1,round 1,subham,4087dea3-9032-4482-962a-3976a83c5ad7::4,Message 3 uses violent language and threats against another person.,Type of offensiveness,Extreme offensive,unit,,,,,Wed Sep 02 2026 18:39:48 GMT+0000 (Coordinated Universal Time),4,5,3.924,Suspend,24531,0.25,crowd,3,c23f5d,4087dea3-9032-4482-962a-3976a83c5ad7
1,round 1,subham,4087dea3-9032-4482-962a-3976a83c5ad7::4,Message 3 uses violent language and threats against another person.,Type of offensiveness,Threats of violence,span,15,66,violent language and threats against another person,,Wed Sep 02 2026 18:39:42 GMT+0000 (Coordinated Universal Time),4,5,3.924,Suspend,24531,0.25,crowd,3,c23f5d,4087dea3-9032-4482-962a-3976a83c5ad7
1,round 1,subham,4403b5d3-138f-46fd-8120-8fafc7639941::2,physical threat,Type of offensiveness,Threats of violence,unit,,,,,Tue Sep 01 2026 17:01:49 GMT+0000 (Coordinated Universal Time),2,5,5.877,Suspend,43251,0.75,ai,1,ce86b5,4403b5d3-138f-46fd-8120-8fafc7639941
1,round 1,subham,4403b5d3-138f-46fd-8120-8fafc7639941::5,uplifting,,comment too short and not sure what needs to be done,unit,,,,,Tue Sep 01 2026 16:53:49 GMT+0000 (Coordinated Universal Time),5,5,5.035,Do not suspend,43251,0,ai,1,ce86b5,4403b5d3-138f-46fd-8120-8fafc7639941
1,round 1,subham,44c5e862-bfc8-45a3-921f-1ca8b6805aab::4,Contained several harmful messages,Type of offensiveness,derogatory remarks,unit,,,,,Tue Sep 01 2026 15:09:25 GMT+0000 (Coordinated Universal Time),4,3.03,12.614,Suspend,43125,0.25,control,11,0964f8,44c5e862-bfc8-45a3-921f-1ca8b6805aab
1,round 1,subham,45cf4ff1-2f10-412c-9cc6-c6af7b830e2e::4,One message they are threatening to murder someone.,Type of offensiveness,Death wish,span,12,51,they are threatening to murder someone.,,Thu Sep 03 2026 17:56:57 GMT+0000 (Coordinated Universal Time),4,5,6.139,Suspend,34152,0.25,crowd,5,9fb5fb,45cf4ff1-2f10-412c-9cc6-c6af7b830e2e
1,round 1,subham,46f6bb91-10f9-48c8-aa76-72cd972429f8::1,The same type of offensive language as other accounts I would suspend,Decision outcomes,Permanent ban,unit,,,,,Wed Sep 02 2026 18:41:19 GMT+0000 (Coordinated Universal Time),1,5,4.318,Suspend,32145,1,control,3,0a5e9e,46f6bb91-10f9-48c8-aa76-72cd972429f8
1,round 1,subham,46f6bb91-10f9-48c8-aa76-72cd972429f8::2,"A lot of extreme language and threats, and thus definitely suspending",Type of offensiveness,Death wish,unit,,,,,Thu Sep 03 2026 19:05:48 GMT+0000 (Coordinated Universal Time),2,5,3.73,Suspend,32145,0.75,control,4,0a5e9e,46f6bb91-10f9-48c8-aa76-72cd972429f8
1,round 1,subham,46f6bb91-10f9-48c8-aa76-72cd972429f8::2,"A lot of extreme language and threats, and thus definitely suspending",Decision outcomes,Permanent ban,unit,,,,,Thu Sep 03 2026 19:05:55 GMT+0000 (Coordinated Universal Time),2,5,3.73,Suspend,32145,0.75,control,4,0a5e9e,46f6bb91-10f9-48c8-aa76-72cd972429f8
1,round 1,subham,46f6bb91-10f9-48c8-aa76-72cd972429f8::2,"A lot of extreme language and threats, and thus definitely suspending",Type of offensiveness,Threats of violence,unit,,,,,Thu Sep 03 2026 19:05:50 GMT+0000 (Coordinated Universal Time),2,5,3.73,Suspend,32145,0.75,control,4,0a5e9e,46f6bb91-10f9-48c8-aa76-72cd972429f8
1,round 1,subham,46f6bb91-10f9-48c8-aa76-72cd972429f8::2,"A lot of extreme language and threats, and thus definitely suspending",Type of offensiveness,Extreme offensive,span,9,37,extreme language and threats,,Thu Sep 03 2026 19:05:45 GMT+0000 (Coordinated Universal Time),2,5,3.73,Suspend,32145,0.75,control,4,0a5e9e,46f6bb91-10f9-48c8-aa76-72cd972429f8
1,round 1,subham,4984471b-9109-4812-8748-9c8e6fc829c0::2,This is so offensive like saying going to shoot.,Type of offensiveness,Extreme offensive,unit,,,,,Wed Sep 02 2026 18:24:39 GMT+0000 (Coordinated Universal Time),2,5,2.582,Suspend,13452,0.75,control,1,f2cca1,4984471b-9109-4812-8748-9c8e6fc829c0
1,round 1,subham,4984471b-9109-4812-8748-9c8e6fc829c0::2,This is so offensive like saying going to shoot.,Type of offensiveness,Death wish,unit,,,,,Wed Sep 02 2026 18:24:41 GMT+0000 (Coordinated Universal Time),2,5,2.582,Suspend,13452,0.75,control,1,f2cca1,4984471b-9109-4812-8748-9c8e6fc829c0
1,round 1,subham,4984471b-9109-4812-8748-9c8e6fc829c0::3,The first message isn't that offensive to suspend and the second message is not offensive at all.,Type of offensiveness,No offensive content,span,0,49,The first message isn't that offensive to suspend,,Thu Sep 03 2026 19:00:13 GMT+0000 (Coordinated Universal Time),3,5,2.813,Do not suspend,13452,0.5,control,2,f2cca1,4984471b-9109-4812-8748-9c8e6fc829c0
1,round 1,subham,4984471b-9109-4812-8748-9c8e6fc829c0::3,The first message isn't that offensive to suspend and the second message is not offensive at all.,Reflection on the decision,Not offensive at all,span,55,97,he second message is not offensive at all.,,Thu Sep 03 2026 19:00:24 GMT+0000 (Coordinated Universal Time),3,5,2.813,Do not suspend,13452,0.5,control,2,f2cca1,4984471b-9109-4812-8748-9c8e6fc829c0
1,round 1,subham,4b65d56f-9409-4e89-8d59-32f2f92bf399::3,I don't think that negative comments specifically aimed at sexually are grounds for suspension.,Patterns of behavior,Normal behavior,unit,,,,,Tue Sep 01 2026 17:39:29 GMT+0000 (Coordinated Universal Time),3,3.93,5.386,Do not suspend,23154,0.5,crowd,3,d5eb43,4b65d56f-9409-4e89-8d59-32f2f92bf399
1,round 1,subham,4b65d56f-9409-4e89-8d59-32f2f92bf399::3,I don't think that negative comments specifically aimed at sexually are grounds for suspension.,Positive content,Personal opinions and thoughts,span,0,94,I don't think that negative comments specifically aimed at sexually are grounds for suspension,,Tue Sep 01 2026 17:39:07 GMT+0000 (Coordinated Universal Time),3,3.93,5.386,Do not suspend,23154,0.5,crowd,3,d5eb43,4b65d56f-9409-4e89-8d59-32f2f92bf399
1,round 1,subham,4e3a6cce-8e2f-4408-96e1-71048af70adb::5,The messages in this account was sharing thoughts on issues and was not being offensive,Patterns of behavior,Normal behavior,unit,,,,,Wed Sep 02 2026 18:00:46 GMT+0000 (Coordinated Universal Time),5,4.96,5.157,Do not suspend,35124,0,crowd,3,ad187b,4e3a6cce-8e2f-4408-96e1-71048af70adb
1,round 1,subham,4e3a6cce-8e2f-4408-96e1-71048af70adb::5,The messages in this account was sharing thoughts on issues and was not being offensive,Type of offensiveness,No offensive content,unit,,,,,Wed Sep 02 2026 18:00:44 GMT+0000 (Coordinated Universal Time),5,4.96,5.157,Do not suspend,35124,0,crowd,3,ad187b,4e3a6cce-8e2f-4408-96e1-71048af70adb
1,round 1,subham,4e526fc5-8352-4bd3-93c1-c9e4a8d8e59c::1,they want everyone to die. very mean and cold hearted.,Type of offensiveness,Death wish,unit,,,,,Wed Sep 02 2026 18:29:42 GMT+0000 (Coordinated Universal Time),1,5,8.233,Suspend,12534,1,crowd,2,9b2853,4e526fc5-8352-4bd3-93c1-c9e4a8d8e59c
1,round 1,subham,4e926ade-dd83-4dd9-8c60-ef3b6f8f5c0e::4,Although the offensive message was quite graphic it was unique among the other messages. While unfortunate it just wasn't enough to fully suspend the account.,Patterns of behavior,Mix of offensive and non-offensive,unit,,,,,Wed Sep 02 2026 19:12:48 GMT+0000 (Coordinated Universal Time),4,3.06,5.718,Do not suspend,41253,0.25,control,6,561ba3,4e926ade-dd83-4dd9-8c60-ef3b6f8f5c0e
1,round 1,subham,4e926ade-dd83-4dd9-8c60-ef3b6f8f5c0e::4,Although the offensive message was quite graphic it was unique among the other messages. While unfortunate it just wasn't enough to fully suspend the account.,Reflection on the decision,Needed to look at more messages,unit,,,,,Wed Sep 02 2026 19:12:27 GMT+0000 (Coordinated Universal Time),4,3.06,5.718,Do not suspend,41253,0.25,control,6,561ba3,4e926ade-dd83-4dd9-8c60-ef3b6f8f5c0e
1,round 1,subham,4e926ade-dd83-4dd9-8c60-ef3b6f8f5c0e::5,"This account has a lot of everyday life observations and sharing, any interaction is stated in a respectable but direct way. Personal opinions are shared very openly but not in an aggressive or ""I'm right, you're wrong"" kind of way.",Positive content,Personal opinions and thoughts,span,0,123,"This account has a lot of everyday life observations and sharing, any interaction is stated in a respectable but direct way",,Tue Sep 01 2026 17:24:35 GMT+0000 (Coordinated Universal Time),5,5,4.154,Do not suspend,41253,0,control,6,561ba3,4e926ade-dd83-4dd9-8c60-ef3b6f8f5c0e
1,round 1,subham,4e926ade-dd83-4dd9-8c60-ef3b6f8f5c0e::5,"This account has a lot of everyday life observations and sharing, any interaction is stated in a respectable but direct way. Personal opinions are shared very openly but not in an aggressive or ""I'm right, you're wrong"" kind of way.",Positive content,Calm and thoughtful,span,159,232,"openly but not in an aggressive or ""I'm right, you're wrong"" kind of way.",,Tue Sep 01 2026 17:24:46 GMT+0000 (Coordinated Universal Time),5,5,4.154,Do not suspend,41253,0,control,6,561ba3,4e926ade-dd83-4dd9-8c60-ef3b6f8f5c0e
1,round 1,subham,4ed5e9b1-5022-4acc-8c91-77a3a602831a::4,"I reviewed 8 messages, and only 2 were offensive. In those 2 messages they kept saying that they were going to kill whoever they were talking to. I should have reviewed more to see if that type of communication continued. If so, a definite suspend.",Type of offensiveness,Death wish,span,92,144,they were going to kill whoever they were talking to,,Tue Sep 01 2026 16:44:21 GMT+0000 (Coordinated Universal Time),4,3.27,10.086,Do not suspend,25314,0.25,ai,8,b39042,4ed5e9b1-5022-4acc-8c91-77a3a602831a
1,round 1,subham,4ed5e9b1-5022-4acc-8c91-77a3a602831a::4,"I reviewed 8 messages, and only 2 were offensive. In those 2 messages they kept saying that they were going to kill whoever they were talking to. I should have reviewed more to see if that type of communication continued. If so, a definite suspend.",Reflection on the decision,Needed to look at more messages,span,146,220,I should have reviewed more to see if that type of communication continued,,Tue Sep 01 2026 16:44:38 GMT+0000 (Coordinated Universal Time),4,3.27,10.086,Do not suspend,25314,0.25,ai,8,b39042,4ed5e9b1-5022-4acc-8c91-77a3a602831a
1,round 1,subham,4ed5e9b1-5022-4acc-8c91-77a3a602831a::5,None of their conversations were offensive. No reason to suspend account.,Reflection on the decision,Not offensive at all,unit,,,,,Wed Sep 02 2026 19:03:21 GMT+0000 (Coordinated Universal Time),5,4.64,5.885,Do not suspend,25314,0,ai,4,b39042,4ed5e9b1-5022-4acc-8c91-77a3a602831a
1,round 1,subham,4ed5e9b1-5022-4acc-8c91-77a3a602831a::5,None of their conversations were offensive. No reason to suspend account.,Type of offensiveness,No offensive content,unit,,,,,Wed Sep 02 2026 19:03:06 GMT+0000 (Coordinated Universal Time),5,4.64,5.885,Do not suspend,25314,0,ai,4,b39042,4ed5e9b1-5022-4acc-8c91-77a3a602831a
1,round 1,subham,4f735381-9724-44b2-9342-ac59dc98703b::4,I was really unsure whether to suspend or not with this account. I don't feel confident I made the right decision so I would lower my confidence rereading these messages. It was hard to understand the context.,Reflection on the decision,Expressed uncertainty,span,0,63,I was really unsure whether to suspend or not with this account,,Wed Sep 02 2026 19:23:50 GMT+0000 (Coordinated Universal Time),4,2.5,9.285,Do not suspend,51342,0.25,crowd,8,8769ae,4f735381-9724-44b2-9342-ac59dc98703b
1,round 1,subham,4f735381-9724-44b2-9342-ac59dc98703b::4,I was really unsure whether to suspend or not with this account. I don't feel confident I made the right decision so I would lower my confidence rereading these messages. It was hard to understand the context.,Reflection on the decision,Would revise the decision,span,65,169,I don't feel confident I made the right decision so I would lower my confidence rereading these messages,,Wed Sep 02 2026 19:23:59 GMT+0000 (Coordinated Universal Time),4,2.5,9.285,Do not suspend,51342,0.25,crowd,8,8769ae,4f735381-9724-44b2-9342-ac59dc98703b
1,round 1,subham,4f735381-9724-44b2-9342-ac59dc98703b::4,I was really unsure whether to suspend or not with this account. I don't feel confident I made the right decision so I would lower my confidence rereading these messages. It was hard to understand the context.,Justifications,Contextual understanding,span,171,209,It was hard to understand the context.,,Wed Sep 02 2026 19:24:32 GMT+0000 (Coordinated Universal Time),4,2.5,9.285,Do not suspend,51342,0.25,crowd,8,8769ae,4f735381-9724-44b2-9342-ac59dc98703b
1,round 1,subham,50b6bc56-df8e-42b4-abb9-bec6b425670e::3,"Account 5 had mixed offensive and non-offensive messages, however, the severity of the offensive ones greatly outweigh the non-offensive ones. This is because the messages contain homophobic slurs, brutally insulting someone's family, and racism.",Type of offensiveness,racial remark,unit,,,,,Wed Sep 02 2026 18:30:54 GMT+0000 (Coordinated Universal Time),3,4.62,4.628,Suspend,12453,0.5,ai,5,d9dcab,50b6bc56-df8e-42b4-abb9-bec6b425670e
1,round 1,subham,50b6bc56-df8e-42b4-abb9-bec6b425670e::3,"Account 5 had mixed offensive and non-offensive messages, however, the severity of the offensive ones greatly outweigh the non-offensive ones. This is because the messages contain homophobic slurs, brutally insulting someone's family, and racism.",Patterns of behavior,Mix of offensive and non-offensive,span,14,56,mixed offensive and non-offensive messages,,Wed Sep 02 2026 18:30:40 GMT+0000 (Coordinated Universal Time),3,4.62,4.628,Suspend,12453,0.5,ai,5,d9dcab,50b6bc56-df8e-42b4-abb9-bec6b425670e
1,round 1,subham,50b6bc56-df8e-42b4-abb9-bec6b425670e::3,"Account 5 had mixed offensive and non-offensive messages, however, the severity of the offensive ones greatly outweigh the non-offensive ones. This is because the messages contain homophobic slurs, brutally insulting someone's family, and racism.",Type of offensiveness,derogatory remarks,span,172,246,"contain homophobic slurs, brutally insulting someone's family, and racism.",,Wed Sep 02 2026 18:30:53 GMT+0000 (Coordinated Universal Time),3,4.62,4.628,Suspend,12453,0.5,ai,5,d9dcab,50b6bc56-df8e-42b4-abb9-bec6b425670e
1,round 1,subham,50b6bc56-df8e-42b4-abb9-bec6b425670e::5,Account 4 did not contain any offensive messages from the 5 messages that were shown. Each message was also given a high confidence level above 4.5 for non-offensive.,Type of offensiveness,No offensive content,unit,,,,,Tue Sep 01 2026 17:25:07 GMT+0000 (Coordinated Universal Time),5,4.8,4.759,Do not suspend,12453,0,ai,5,d9dcab,50b6bc56-df8e-42b4-abb9-bec6b425670e
1,round 1,subham,524a640d-323a-46ab-8efd-9af2c6c29d5b::2,Someone threatens to kill another person.,Type of offensiveness,Death wish,unit,,,,,Thu Sep 03 2026 18:43:57 GMT+0000 (Coordinated Universal Time),2,5,5.76,Suspend,41253,0.75,crowd,1,fb5350,524a640d-323a-46ab-8efd-9af2c6c29d5b
1,round 1,subham,524a640d-323a-46ab-8efd-9af2c6c29d5b::4,"Message three threatened to murder someone. And ""retard"" is a derogatory word.",Type of offensiveness,derogatory remarks,unit,,,,,Wed Sep 02 2026 18:43:17 GMT+0000 (Coordinated Universal Time),4,5,7.076,Suspend,41253,0.25,crowd,3,fb5350,524a640d-323a-46ab-8efd-9af2c6c29d5b
1,round 1,subham,524a640d-323a-46ab-8efd-9af2c6c29d5b::4,"Message three threatened to murder someone. And ""retard"" is a derogatory word.",Type of offensiveness,Death wish,span,14,42,threatened to murder someone,,Wed Sep 02 2026 18:43:10 GMT+0000 (Coordinated Universal Time),4,5,7.076,Suspend,41253,0.25,crowd,3,fb5350,524a640d-323a-46ab-8efd-9af2c6c29d5b
1,round 1,subham,529595bf-86c8-4a2d-9ffb-8cc14acc2958::1,Multiple offensive posts in a row.,Patterns of behavior,Majority offesnive,span,0,34,Multiple offensive posts in a row.,,Tue Sep 01 2026 15:19:16 GMT+0000 (Coordinated Universal Time),1,4.92,3.491,Suspend,25134,1,ai,3,8f4166,529595bf-86c8-4a2d-9ffb-8cc14acc2958
1,round 1,subham,53e65e49-04a3-4a91-be60-32e26d65f88c::5,I read a sample of 5 messages from this account and none were offensive.,Patterns of behavior,Normal behavior,unit,,,,,Tue Sep 01 2026 15:09:43 GMT+0000 (Coordinated Universal Time),5,5,3.906,Do not suspend,15423,0,crowd,5,216a19,53e65e49-04a3-4a91-be60-32e26d65f88c
1,round 1,subham,53e65e49-04a3-4a91-be60-32e26d65f88c::5,I read a sample of 5 messages from this account and none were offensive.,Reflection on the decision,Not offensive at all,unit,,,,,Tue Sep 01 2026 15:09:51 GMT+0000 (Coordinated Universal Time),5,5,3.906,Do not suspend,15423,0,crowd,5,216a19,53e65e49-04a3-4a91-be60-32e26d65f88c
1,round 1,subham,563c29ae-5957-43e7-8456-64668a5f47c8::2,I should have just clicked suspend after the first message. But violence in message 1 plus slurs in message 2 is more than enough for me.,Type of offensiveness,Threats of violence,unit,,,,,Tue Sep 01 2026 17:23:57 GMT+0000 (Coordinated Universal Time),2,5,11.639,Suspend,54132,0.75,crowd,2,c4c32d,563c29ae-5957-43e7-8456-64668a5f47c8
1,round 1,subham,563c29ae-5957-43e7-8456-64668a5f47c8::2,I should have just clicked suspend after the first message. But violence in message 1 plus slurs in message 2 is more than enough for me.,Type of offensiveness,derogatory remarks,unit,,,,,Tue Sep 01 2026 17:23:58 GMT+0000 (Coordinated Universal Time),2,5,11.639,Suspend,54132,0.75,crowd,2,c4c32d,563c29ae-5957-43e7-8456-64668a5f47c8
1,round 1,subham,563c29ae-5957-43e7-8456-64668a5f47c8::2,I should have just clicked suspend after the first message. But violence in message 1 plus slurs in message 2 is more than enough for me.,Positive content,Personal opinions and thoughts,span,60,137,But violence in message 1 plus slurs in message 2 is more than enough for me.,,Tue Sep 01 2026 17:23:40 GMT+0000 (Coordinated Universal Time),2,5,11.639,Suspend,54132,0.75,crowd,2,c4c32d,563c29ae-5957-43e7-8456-64668a5f47c8
1,round 1,subham,563c29ae-5957-43e7-8456-64668a5f47c8::3,"Double slur on the very first message, easy call for suspension. No need to see more.",Decision outcomes,Permanent ban,unit,,,,,Tue Sep 01 2026 15:19:32 GMT+0000 (Coordinated Universal Time),3,5,3.629,Suspend,54132,0.5,crowd,1,c4c32d,563c29ae-5957-43e7-8456-64668a5f47c8
1,round 1,subham,56d821b6-60da-437e-b2c3-f1b67d769d39::3,"The user made comments toward another user, berating them and using slurs against the LGBTQ+ community.",Type of offensiveness,derogatory remarks,unit,,,,,Wed Sep 02 2026 18:24:06 GMT+0000 (Coordinated Universal Time),3,5,5.569,Suspend,43215,0.5,ai,1,d7c93f,56d821b6-60da-437e-b2c3-f1b67d769d39
1,round 1,subham,58d77f08-39c7-454e-b6da-eb275ae18302::3,Bullying behavior. Derogatory hate speech (f**got). Racism.,Type of offensiveness,Hate speech and offensive language,unit,,,,,Tue Sep 01 2026 17:39:45 GMT+0000 (Coordinated Universal Time),3,4.5,7.718,Suspend,24153,0.5,crowd,5,6df083,58d77f08-39c7-454e-b6da-eb275ae18302
1,round 1,subham,58d77f08-39c7-454e-b6da-eb275ae18302::3,Bullying behavior. Derogatory hate speech (f**got). Racism.,Type of offensiveness,derogatory remarks,unit,,,,,Tue Sep 01 2026 17:39:54 GMT+0000 (Coordinated Universal Time),3,4.5,7.718,Suspend,24153,0.5,crowd,5,6df083,58d77f08-39c7-454e-b6da-eb275ae18302
1,round 1,subham,5ae2ec2f-6040-40ee-95d6-7d6476f4878e::1,"every single ONE of these messages is offensive, nothing positive on this account and this person could be harmful to the platform by wishing death and violence and talking in a derogatory manner to others, so they had to go as well.",Type of offensiveness,derogatory remarks,unit,,,,,Thu Sep 03 2026 19:08:50 GMT+0000 (Coordinated Universal Time),1,5,6.22,Suspend,35421,1,crowd,4,521dcb,5ae2ec2f-6040-40ee-95d6-7d6476f4878e
1,round 1,subham,5ae2ec2f-6040-40ee-95d6-7d6476f4878e::1,"every single ONE of these messages is offensive, nothing positive on this account and this person could be harmful to the platform by wishing death and violence and talking in a derogatory manner to others, so they had to go as well.",Patterns of behavior,Consistent offensive behavior,span,0,47,every single ONE of these messages is offensive,,Thu Sep 03 2026 19:08:29 GMT+0000 (Coordinated Universal Time),1,5,6.22,Suspend,35421,1,crowd,4,521dcb,5ae2ec2f-6040-40ee-95d6-7d6476f4878e
1,round 1,subham,5ae2ec2f-6040-40ee-95d6-7d6476f4878e::1,"every single ONE of these messages is offensive, nothing positive on this account and this person could be harmful to the platform by wishing death and violence and talking in a derogatory manner to others, so they had to go as well.",Type of offensiveness,Death wish,span,98,147,could be harmful to the platform by wishing death,,Thu Sep 03 2026 19:08:35 GMT+0000 (Coordinated Universal Time),1,5,6.22,Suspend,35421,1,crowd,4,521dcb,5ae2ec2f-6040-40ee-95d6-7d6476f4878e
1,round 1,subham,5ae2ec2f-6040-40ee-95d6-7d6476f4878e::1,"every single ONE of these messages is offensive, nothing positive on this account and this person could be harmful to the platform by wishing death and violence and talking in a derogatory manner to others, so they had to go as well.",Type of offensiveness,Threats of violence,span,98,205,could be harmful to the platform by wishing death and violence and talking in a derogatory manner to others,,Thu Sep 03 2026 19:08:48 GMT+0000 (Coordinated Universal Time),1,5,6.22,Suspend,35421,1,crowd,4,521dcb,5ae2ec2f-6040-40ee-95d6-7d6476f4878e
1,round 1,subham,5ae2ec2f-6040-40ee-95d6-7d6476f4878e::1,"every single ONE of these messages is offensive, nothing positive on this account and this person could be harmful to the platform by wishing death and violence and talking in a derogatory manner to others, so they had to go as well.",Decision outcomes,Permanent ban,span,207,233,so they had to go as well.,,Thu Sep 03 2026 19:08:56 GMT+0000 (Coordinated Universal Time),1,5,6.22,Suspend,35421,1,crowd,4,521dcb,5ae2ec2f-6040-40ee-95d6-7d6476f4878e
1,round 1,subham,5ae2ec2f-6040-40ee-95d6-7d6476f4878e::3,"5 of 9 comments were offensive, which is way too many.  I might have let it slide with 1 or 2 tops, but this user was suspended as they clearly show a repeat pattern for offensive messages.",Patterns of behavior,Consistent offensive behavior,span,0,30,5 of 9 comments were offensive,,Thu Sep 03 2026 17:30:30 GMT+0000 (Coordinated Universal Time),3,5,11.911,Suspend,35421,0.5,crowd,9,521dcb,5ae2ec2f-6040-40ee-95d6-7d6476f4878e
1,round 1,subham,5ae2ec2f-6040-40ee-95d6-7d6476f4878e::3,"5 of 9 comments were offensive, which is way too many.  I might have let it slide with 1 or 2 tops, but this user was suspended as they clearly show a repeat pattern for offensive messages.",Patterns of behavior,Consistent offensive behavior,span,151,188,repeat pattern for offensive messages,,Thu Sep 03 2026 17:30:43 GMT+0000 (Coordinated Universal Time),3,5,11.911,Suspend,35421,0.5,crowd,9,521dcb,5ae2ec2f-6040-40ee-95d6-7d6476f4878e
1,round 1,subham,5bcd81ba-db12-4a52-b9f6-16e94d8405ad::1,does not contribute to positive environment i'd like to see in an online community. use of highly derogatory and discriminatory language.,Type of offensiveness,racial remark,unit,,,,,Wed Sep 02 2026 19:08:35 GMT+0000 (Coordinated Universal Time),1,4.07,8.389,Suspend,21435,1,crowd,4,a8e902,5bcd81ba-db12-4a52-b9f6-16e94d8405ad
1,round 1,subham,5bcd81ba-db12-4a52-b9f6-16e94d8405ad::1,does not contribute to positive environment i'd like to see in an online community. use of highly derogatory and discriminatory language.,Type of offensiveness,derogatory remarks,span,91,137,highly derogatory and discriminatory language.,,Wed Sep 02 2026 19:08:35 GMT+0000 (Coordinated Universal Time),1,4.07,8.389,Suspend,21435,1,crowd,4,a8e902,5bcd81ba-db12-4a52-b9f6-16e94d8405ad
1,round 1,subham,5bcd81ba-db12-4a52-b9f6-16e94d8405ad::4,I think the comments about blocking is acceptable but death threats are certainly not. I would give this person a warning or tempororary ban as this is a one-off occurrence but I see their future posts are less offensive.,Decision outcomes,Temporary suspension,unit,,,,,Tue Sep 01 2026 04:25:24 GMT+0000 (Coordinated Universal Time),4,2.11,10.687,Do not suspend,21435,0.25,crowd,5,a8e902,5bcd81ba-db12-4a52-b9f6-16e94d8405ad
1,round 1,subham,5bcd81ba-db12-4a52-b9f6-16e94d8405ad::4,I think the comments about blocking is acceptable but death threats are certainly not. I would give this person a warning or tempororary ban as this is a one-off occurrence but I see their future posts are less offensive.,Patterns of behavior,One-off offensive,unit,,,,,Tue Sep 01 2026 04:25:58 GMT+0000 (Coordinated Universal Time),4,2.11,10.687,Do not suspend,21435,0.25,crowd,5,a8e902,5bcd81ba-db12-4a52-b9f6-16e94d8405ad
1,round 1,subham,5cc4bd9f-bb5f-4846-bd05-fdd182058a61::4,There is only one suspicious message. I would let him off with a warning instead of suspension. That is why i am not confident with the suspension.,Patterns of behavior,One-off offensive,span,0,37,There is only one suspicious message.,,Wed Sep 02 2026 19:06:01 GMT+0000 (Coordinated Universal Time),4,2.02,3.285,Suspend,53124,0.25,control,6,4.38E+40,5cc4bd9f-bb5f-4846-bd05-fdd182058a61
1,round 1,subham,5cc4bd9f-bb5f-4846-bd05-fdd182058a61::4,There is only one suspicious message. I would let him off with a warning instead of suspension. That is why i am not confident with the suspension.,Decision outcomes,Ban if behavior continues,span,46,95,let him off with a warning instead of suspension.,,Wed Sep 02 2026 19:06:15 GMT+0000 (Coordinated Universal Time),4,2.02,3.285,Suspend,53124,0.25,control,6,4.38E+40,5cc4bd9f-bb5f-4846-bd05-fdd182058a61
1,round 1,subham,5cc4bd9f-bb5f-4846-bd05-fdd182058a61::4,There is only one suspicious message. I would let him off with a warning instead of suspension. That is why i am not confident with the suspension.,Reflection on the decision,Expressed uncertainty,span,104,146,why i am not confident with the suspension,,Wed Sep 02 2026 19:06:25 GMT+0000 (Coordinated Universal Time),4,2.02,3.285,Suspend,53124,0.25,control,6,4.38E+40,5cc4bd9f-bb5f-4846-bd05-fdd182058a61
1,round 1,subham,5cc4bd9f-bb5f-4846-bd05-fdd182058a61::5,Looks like someone expressing their thoughts online. No reason to suspend them.,Patterns of behavior,Normal behavior,unit,,,,,Thu Sep 03 2026 17:03:20 GMT+0000 (Coordinated Universal Time),5,4.39,5.579,Do not suspend,53124,0,control,2,4.38E+40,5cc4bd9f-bb5f-4846-bd05-fdd182058a61
1,round 1,subham,5cc4bd9f-bb5f-4846-bd05-fdd182058a61::5,Looks like someone expressing their thoughts online. No reason to suspend them.,Type of offensiveness,No offensive content,unit,,,,,Thu Sep 03 2026 17:03:18 GMT+0000 (Coordinated Universal Time),5,4.39,5.579,Do not suspend,53124,0,control,2,4.38E+40,5cc4bd9f-bb5f-4846-bd05-fdd182058a61
1,round 1,subham,5d63ec35-004a-47d7-8b6a-cab773657401::2,Account 4 used offensive language and threatened to shoot someone.,Type of offensiveness,Threats of violence,unit,,,,,Tue Sep 01 2026 15:19:46 GMT+0000 (Coordinated Universal Time),2,4,3.889,Suspend,41523,0.75,ai,2,d12f38,5d63ec35-004a-47d7-8b6a-cab773657401
1,round 1,subham,5d63ec35-004a-47d7-8b6a-cab773657401::2,Account 4 used offensive language and threatened to shoot someone.,Type of offensiveness,Death wish,span,38,66,threatened to shoot someone.,,Tue Sep 01 2026 15:19:46 GMT+0000 (Coordinated Universal Time),2,4,3.889,Suspend,41523,0.75,ai,2,d12f38,5d63ec35-004a-47d7-8b6a-cab773657401
1,round 1,subham,5d63ec35-004a-47d7-8b6a-cab773657401::5,There was nothing offensive about this post.,Type of offensiveness,No offensive content,unit,,,,,Thu Sep 03 2026 18:43:38 GMT+0000 (Coordinated Universal Time),5,4.99,4.958,Do not suspend,41523,0,ai,1,d12f38,5d63ec35-004a-47d7-8b6a-cab773657401
1,round 1,subham,5d63ec35-004a-47d7-8b6a-cab773657401::5,There was nothing offensive about this post.,Reflection on the decision,Not offensive at all,unit,,,,,Thu Sep 03 2026 18:43:40 GMT+0000 (Coordinated Universal Time),5,4.99,4.958,Do not suspend,41523,0,ai,1,d12f38,5d63ec35-004a-47d7-8b6a-cab773657401
1,round 1,subham,5da998f3-ab70-4dbb-9b1e-1d1008e85512::1,This is mean spirited and contains a slur against one's sexual preference--it's not ok to post and should be suspended.,Decision outcomes,Permanent ban,unit,,,,,Tue Sep 01 2026 17:26:33 GMT+0000 (Coordinated Universal Time),1,4.01,7.168,Suspend,45132,1,control,1,18974,5da998f3-ab70-4dbb-9b1e-1d1008e85512
1,round 1,subham,5da998f3-ab70-4dbb-9b1e-1d1008e85512::1,This is mean spirited and contains a slur against one's sexual preference--it's not ok to post and should be suspended.,Type of offensiveness,derogatory remarks,span,13,74,spirited and contains a slur against one's sexual preference-,,Tue Sep 01 2026 17:26:20 GMT+0000 (Coordinated Universal Time),1,4.01,7.168,Suspend,45132,1,control,1,18974,5da998f3-ab70-4dbb-9b1e-1d1008e85512
1,round 1,subham,5da998f3-ab70-4dbb-9b1e-1d1008e85512::4,"The first two messages were fine, but the third included a threat of violence, which is not ok.",Type of offensiveness,Threats of violence,unit,,,,,Tue Sep 01 2026 03:40:24 GMT+0000 (Coordinated Universal Time),4,4.62,8.95,Suspend,45132,0.25,control,3,18974,5da998f3-ab70-4dbb-9b1e-1d1008e85512
1,round 1,subham,5fa0a5ae-8e5c-43ae-947c-848d3b281fe9::4,None,,comment too short and not sure what needs to be done,unit,,,,,Wed Sep 02 2026 19:16:39 GMT+0000 (Coordinated Universal Time),4,3.97,4.932,Do not suspend,34521,0.25,control,1,3b85e4,5fa0a5ae-8e5c-43ae-947c-848d3b281fe9
1,round 1,subham,5fa0a5ae-8e5c-43ae-947c-848d3b281fe9::5,Nothign,Type of offensiveness,No offensive content,unit,,,,,Thu Sep 03 2026 19:10:11 GMT+0000 (Coordinated Universal Time),5,4.94,2.767,Do not suspend,34521,0,control,1,3b85e4,5fa0a5ae-8e5c-43ae-947c-848d3b281fe9
1,round 1,subham,615a5db6-2194-4526-88a8-20957e7a90dd::2,Slurs used as well as threats of violence,Type of offensiveness,Threats of violence,span,22,41,threats of violence,,Thu Sep 03 2026 18:43:48 GMT+0000 (Coordinated Universal Time),2,4.37,5.766,Suspend,32145,0.75,crowd,2,ca4933,615a5db6-2194-4526-88a8-20957e7a90dd
1,round 1,subham,6345c27e-67b9-40fa-984f-23f888d18b3a::3,"Using the r and f slur to talk about other people, calling a group of people terrorists based on ethnicity.",Type of offensiveness,racial remark,span,51,107,calling a group of people terrorists based on ethnicity.,,Wed Sep 02 2026 18:28:56 GMT+0000 (Coordinated Universal Time),3,5,2.774,Suspend,45123,0.5,crowd,5,bbb741,6345c27e-67b9-40fa-984f-23f888d18b3a
1,round 1,subham,64706c0b-1c60-483f-994b-a6f8c2f511f7::5,There was nothing offensive in the messages at all so for me it was pretty much a no brainer not to suspend this one,Type of offensiveness,No offensive content,unit,,,,,Thu Sep 03 2026 18:19:26 GMT+0000 (Coordinated Universal Time),5,4.84,10.829,Do not suspend,14352,0,control,2,925597,64706c0b-1c60-483f-994b-a6f8c2f511f7
1,round 1,subham,64706c0b-1c60-483f-994b-a6f8c2f511f7::5,There was nothing offensive in the messages at all so for me it was pretty much a no brainer not to suspend this one,Reflection on the decision,Not offensive at all,unit,,,,,Thu Sep 03 2026 18:19:38 GMT+0000 (Coordinated Universal Time),5,4.84,10.829,Do not suspend,14352,0,control,2,925597,64706c0b-1c60-483f-994b-a6f8c2f511f7
1,round 1,subham,65faf6c6-8d8a-469e-9226-d40798608971::2,"Account explicitly made death threats, which should probably not be tolerated.",Type of offensiveness,Death wish,span,19,37,made death threats,,Tue Sep 01 2026 16:44:06 GMT+0000 (Coordinated Universal Time),2,1.97,6.326,Suspend,53214,0.75,control,4,09a182,65faf6c6-8d8a-469e-9226-d40798608971
1,round 1,subham,66cbbbc9-3a65-4a6b-920e-f98a52b29a72::1,The account used multiple slurs and told someone to die. This is offensive.,Type of offensiveness,derogatory remarks,span,17,31,multiple slurs,,Wed Sep 02 2026 18:41:59 GMT+0000 (Coordinated Universal Time),1,3.51,15.903,Suspend,15342,1,control,5,3be8ed,66cbbbc9-3a65-4a6b-920e-f98a52b29a72
1,round 1,subham,66cbbbc9-3a65-4a6b-920e-f98a52b29a72::1,The account used multiple slurs and told someone to die. This is offensive.,Type of offensiveness,Death wish,span,41,55,someone to die,,Wed Sep 02 2026 18:42:03 GMT+0000 (Coordinated Universal Time),1,3.51,15.903,Suspend,15342,1,control,5,3be8ed,66cbbbc9-3a65-4a6b-920e-f98a52b29a72
1,round 1,subham,67f32881-9a20-4c5a-839b-3e62b21f5f3f::1,this is an offensive statement regardless of whatever you have against homosexuals you're not in any position to say this,Type of offensiveness,Hate speech and offensive language,span,11,30,offensive statement,,Thu Sep 03 2026 16:03:05 GMT+0000 (Coordinated Universal Time),1,5,5.837,Suspend,52143,1,control,1,ecf477,67f32881-9a20-4c5a-839b-3e62b21f5f3f
1,round 1,subham,67f32881-9a20-4c5a-839b-3e62b21f5f3f::2,this is absolutely offensive hateful speech and extremely graphic talk. account should be suspended immediately.,Type of offensiveness,Hate speech and offensive language,unit,,,,,Wed Sep 02 2026 19:16:27 GMT+0000 (Coordinated Universal Time),2,5,5.758,Suspend,52143,0.75,control,1,ecf477,67f32881-9a20-4c5a-839b-3e62b21f5f3f
1,round 1,subham,67f32881-9a20-4c5a-839b-3e62b21f5f3f::2,this is absolutely offensive hateful speech and extremely graphic talk. account should be suspended immediately.,Type of offensiveness,Extreme offensive,span,8,70,absolutely offensive hateful speech and extremely graphic talk,,Wed Sep 02 2026 19:16:25 GMT+0000 (Coordinated Universal Time),2,5,5.758,Suspend,52143,0.75,control,1,ecf477,67f32881-9a20-4c5a-839b-3e62b21f5f3f
1,round 1,subham,67f32881-9a20-4c5a-839b-3e62b21f5f3f::2,this is absolutely offensive hateful speech and extremely graphic talk. account should be suspended immediately.,Decision outcomes,Permanent ban,span,80,112,should be suspended immediately.,,Wed Sep 02 2026 19:16:33 GMT+0000 (Coordinated Universal Time),2,5,5.758,Suspend,52143,0.75,control,1,ecf477,67f32881-9a20-4c5a-839b-3e62b21f5f3f
1,round 1,subham,688b4ffc-e168-4496-bcf5-d42b90f45df5::1,This is another case of immaturity at its best. This should be banned by that fact alone. Too young to have an account.,Decision outcomes,Permanent ban,unit,,,,,Wed Sep 02 2026 18:03:12 GMT+0000 (Coordinated Universal Time),1,4.99,5.247,Suspend,21435,1,ai,3,5c5165,688b4ffc-e168-4496-bcf5-d42b90f45df5
1,round 1,subham,688b4ffc-e168-4496-bcf5-d42b90f45df5::5,Seems like the information is being shared freely and without being bragadocious in the least. Refreshing to read.,Type of offensiveness,No offensive content,unit,,,,,Tue Sep 01 2026 18:05:55 GMT+0000 (Coordinated Universal Time),5,4.97,6.091,Do not suspend,21435,0,ai,7,5c5165,688b4ffc-e168-4496-bcf5-d42b90f45df5
1,round 1,subham,688b4ffc-e168-4496-bcf5-d42b90f45df5::5,Seems like the information is being shared freely and without being bragadocious in the least. Refreshing to read.,Patterns of behavior,Normal behavior,unit,,,,,Tue Sep 01 2026 18:05:56 GMT+0000 (Coordinated Universal Time),5,4.97,6.091,Do not suspend,21435,0,ai,7,5c5165,688b4ffc-e168-4496-bcf5-d42b90f45df5
1,round 1,subham,6a764ff8-ce26-423a-991a-3f0441334cb2::3,Racist person using derogatory terms to others.,Type of offensiveness,derogatory remarks,span,20,46,derogatory terms to others,,Tue Sep 01 2026 16:52:32 GMT+0000 (Coordinated Universal Time),3,4.28,3.103,Suspend,54213,0.5,control,5,57a13d,6a764ff8-ce26-423a-991a-3f0441334cb2
1,round 1,subham,6bc4283c-9cd6-4957-9328-c93dc190f7db::4,They made a direct threat to kill someone. That's never acceptable.,Type of offensiveness,Death wish,span,5,41,made a direct threat to kill someone,,Wed Sep 02 2026 19:19:05 GMT+0000 (Coordinated Universal Time),4,5,5.006,Suspend,43152,0.25,crowd,3,06776a,6bc4283c-9cd6-4957-9328-c93dc190f7db
1,round 1,subham,6e5edcdb-3654-47f7-a499-a7e6271837d1::1,its rude,Justifications,Contextual understanding,span,0,8,its rude,,Tue Sep 01 2026 15:19:04 GMT+0000 (Coordinated Universal Time),1,4.98,9.194,Suspend,12453,1,crowd,2,b9df69,6e5edcdb-3654-47f7-a499-a7e6271837d1
1,round 1,subham,6e7a7057-f148-4953-84be-d55e7efdcaee::2,I decided to suspend this account because this user consistently sent offensive messages.,Type of offensiveness,Hate speech and offensive language,unit,,,,,Tue Sep 01 2026 04:07:58 GMT+0000 (Coordinated Universal Time),2,4.99,4.514,Suspend,15342,0.75,ai,2,c28f49,6e7a7057-f148-4953-84be-d55e7efdcaee
1,round 1,subham,6e7a7057-f148-4953-84be-d55e7efdcaee::2,I decided to suspend this account because this user consistently sent offensive messages.,Decision outcomes,Permanent ban,unit,,,,,Tue Sep 01 2026 04:07:46 GMT+0000 (Coordinated Universal Time),2,4.99,4.514,Suspend,15342,0.75,ai,2,c28f49,6e7a7057-f148-4953-84be-d55e7efdcaee
1,round 1,subham,704459ee-5e8c-4586-8ecf-f919a325043f::3,The owner of this account was extremely homophobic and racist. I'm no stranger to content moderation online and operate with a three strike policy. This guy had those strikes and then some probably.,Type of offensiveness,racial remark,span,30,61,extremely homophobic and racist,,Thu Sep 03 2026 18:11:06 GMT+0000 (Coordinated Universal Time),3,3.99,5.911,Suspend,53214,0.5,ai,5,5f17ec,704459ee-5e8c-4586-8ecf-f919a325043f
1,round 1,subham,704459ee-5e8c-4586-8ecf-f919a325043f::3,The owner of this account was extremely homophobic and racist. I'm no stranger to content moderation online and operate with a three strike policy. This guy had those strikes and then some probably.,Decision outcomes,Permanent ban,span,101,147,online and operate with a three strike policy.,,Thu Sep 03 2026 18:18:37 GMT+0000 (Coordinated Universal Time),3,3.99,5.911,Suspend,53214,0.5,ai,5,5f17ec,704459ee-5e8c-4586-8ecf-f919a325043f
1,round 1,subham,709e0d0c-1354-43ff-a628-ef4a2981b0c8::1,They were calling other people offensive names and wishing/threatening death.,Type of offensiveness,Threats of violence,unit,,,,,Wed Sep 02 2026 18:42:21 GMT+0000 (Coordinated Universal Time),1,5,4.023,Suspend,51243,1,crowd,2,c5d1c3,709e0d0c-1354-43ff-a628-ef4a2981b0c8
1,round 1,subham,709e0d0c-1354-43ff-a628-ef4a2981b0c8::1,They were calling other people offensive names and wishing/threatening death.,Type of offensiveness,derogatory remarks,span,24,46,people offensive names,,Wed Sep 02 2026 18:42:17 GMT+0000 (Coordinated Universal Time),1,5,4.023,Suspend,51243,1,crowd,2,c5d1c3,709e0d0c-1354-43ff-a628-ef4a2981b0c8
1,round 1,subham,709e0d0c-1354-43ff-a628-ef4a2981b0c8::1,They were calling other people offensive names and wishing/threatening death.,Type of offensiveness,Death wish,span,51,77,wishing/threatening death.,,Wed Sep 02 2026 18:42:20 GMT+0000 (Coordinated Universal Time),1,5,4.023,Suspend,51243,1,crowd,2,c5d1c3,709e0d0c-1354-43ff-a628-ef4a2981b0c8
1,round 1,subham,709e0d0c-1354-43ff-a628-ef4a2981b0c8::4,I was really not sure of this. Message three made me think of suspending them but all the other messages seemed relatively normal so I wasn't sure.,Reflection on the decision,Expressed uncertainty,span,0,30,I was really not sure of this.,,Thu Sep 03 2026 18:47:03 GMT+0000 (Coordinated Universal Time),4,1.55,4.334,Do not suspend,51243,0.25,crowd,7,c5d1c3,709e0d0c-1354-43ff-a628-ef4a2981b0c8
1,round 1,subham,709e0d0c-1354-43ff-a628-ef4a2981b0c8::4,I was really not sure of this. Message three made me think of suspending them but all the other messages seemed relatively normal so I wasn't sure.,Patterns of behavior,Mix of offensive and non-offensive,span,90,147,other messages seemed relatively normal so I wasn't sure.,,Thu Sep 03 2026 18:47:14 GMT+0000 (Coordinated Universal Time),4,1.55,4.334,Do not suspend,51243,0.25,crowd,7,c5d1c3,709e0d0c-1354-43ff-a628-ef4a2981b0c8
1,round 1,subham,7342e424-a70e-4456-b4b2-ca7f432c785c::4,"Severity of the Message: The language used is highly derogatory and threatening. Such messages are not only offensive but also potentially harmful, and they create a hostile environment. The intent behind the message is clear: to insult and threaten,",Type of offensiveness,Threats of violence,unit,,,,,Tue Sep 01 2026 17:27:35 GMT+0000 (Coordinated Universal Time),4,2.44,3.17,Do not suspend,51432,0.25,control,1,7095f7,7342e424-a70e-4456-b4b2-ca7f432c785c
1,round 1,subham,7342e424-a70e-4456-b4b2-ca7f432c785c::4,"Severity of the Message: The language used is highly derogatory and threatening. Such messages are not only offensive but also potentially harmful, and they create a hostile environment. The intent behind the message is clear: to insult and threaten,",Patterns of behavior,Consistent offensive behavior,unit,,,,,Tue Sep 01 2026 17:27:47 GMT+0000 (Coordinated Universal Time),4,2.44,3.17,Do not suspend,51432,0.25,control,1,7095f7,7342e424-a70e-4456-b4b2-ca7f432c785c
1,round 1,subham,7342e424-a70e-4456-b4b2-ca7f432c785c::4,"Severity of the Message: The language used is highly derogatory and threatening. Such messages are not only offensive but also potentially harmful, and they create a hostile environment. The intent behind the message is clear: to insult and threaten,",Type of offensiveness,derogatory remarks,span,25,80,The language used is highly derogatory and threatening.,,Tue Sep 01 2026 17:27:34 GMT+0000 (Coordinated Universal Time),4,2.44,3.17,Do not suspend,51432,0.25,control,1,7095f7,7342e424-a70e-4456-b4b2-ca7f432c785c
1,round 1,subham,7342e424-a70e-4456-b4b2-ca7f432c785c::5,"In summary, the decision to ""Do not suspend"" is based on the interpretation that the message’s content does not clearly breach community guidelines or standards for offensive behavior, and more context or evidence would be needed to justify a suspens",Decision outcomes,Do not suspend,span,16,44,"decision to ""Do not suspend""",,Thu Sep 03 2026 18:48:37 GMT+0000 (Coordinated Universal Time),5,2.71,9.318,Do not suspend,51432,0,control,1,7095f7,7342e424-a70e-4456-b4b2-ca7f432c785c
1,round 1,subham,7342e424-a70e-4456-b4b2-ca7f432c785c::5,"In summary, the decision to ""Do not suspend"" is based on the interpretation that the message’s content does not clearly breach community guidelines or standards for offensive behavior, and more context or evidence would be needed to justify a suspens",Reflection on the decision,Need to know policy and TOS,span,189,250,more context or evidence would be needed to justify a suspens,,Thu Sep 03 2026 18:48:51 GMT+0000 (Coordinated Universal Time),5,2.71,9.318,Do not suspend,51432,0,control,1,7095f7,7342e424-a70e-4456-b4b2-ca7f432c785c
1,round 1,subham,74c2860f-3890-49ed-b664-ddd539d694f1::4,"actionable threat, hate speech",Type of offensiveness,Hate speech and offensive language,unit,,,,,Tue Sep 01 2026 15:07:47 GMT+0000 (Coordinated Universal Time),4,5,5.557,Suspend,12435,0.25,ai,3,211461,74c2860f-3890-49ed-b664-ddd539d694f1
1,round 1,subham,74c2860f-3890-49ed-b664-ddd539d694f1::4,"actionable threat, hate speech",Type of offensiveness,Threats of violence,unit,,,,,Tue Sep 01 2026 15:07:52 GMT+0000 (Coordinated Universal Time),4,5,5.557,Suspend,12435,0.25,ai,3,211461,74c2860f-3890-49ed-b664-ddd539d694f1
1,round 1,subham,75169725-d0a0-4a40-a918-b8af4a8fc42b::4,"The third message contained a death threat, and was violent and offensive enough to result in suspension.",Type of offensiveness,Death wish,span,18,42,contained a death threat,,Thu Sep 03 2026 17:04:40 GMT+0000 (Coordinated Universal Time),4,5,5.065,Suspend,54231,0.25,crowd,3,37d96b,75169725-d0a0-4a40-a918-b8af4a8fc42b
1,round 1,subham,75169725-d0a0-4a40-a918-b8af4a8fc42b::4,"The third message contained a death threat, and was violent and offensive enough to result in suspension.",Type of offensiveness,Threats of violence,span,52,73,violent and offensive,,Thu Sep 03 2026 17:04:43 GMT+0000 (Coordinated Universal Time),4,5,5.065,Suspend,54231,0.25,crowd,3,37d96b,75169725-d0a0-4a40-a918-b8af4a8fc42b
1,round 1,subham,75169725-d0a0-4a40-a918-b8af4a8fc42b::4,"The third message contained a death threat, and was violent and offensive enough to result in suspension.",Decision outcomes,Permanent ban,span,74,105,enough to result in suspension.,,Thu Sep 03 2026 17:04:59 GMT+0000 (Coordinated Universal Time),4,5,5.065,Suspend,54231,0.25,crowd,3,37d96b,75169725-d0a0-4a40-a918-b8af4a8fc42b
1,round 1,subham,754e3ee2-77d3-41ba-821e-3d16646e9e1e::2,This person's offensive messages were threatening violence and hateful. Awful.,Type of offensiveness,Death wish,unit,,,,,Tue Sep 01 2026 17:40:02 GMT+0000 (Coordinated Universal Time),2,5,3.143,Suspend,34125,0.75,crowd,6,e89abf,754e3ee2-77d3-41ba-821e-3d16646e9e1e
1,round 1,subham,754e3ee2-77d3-41ba-821e-3d16646e9e1e::2,This person's offensive messages were threatening violence and hateful. Awful.,Type of offensiveness,Threats of violence,span,38,70,threatening violence and hateful,,Tue Sep 01 2026 17:40:01 GMT+0000 (Coordinated Universal Time),2,5,3.143,Suspend,34125,0.75,crowd,6,e89abf,754e3ee2-77d3-41ba-821e-3d16646e9e1e
1,round 1,subham,755f40f0-0c47-4dd3-b052-786bdc1d050f::3,"Again, the use of slurs and offensive language is frequent. They also do some racial profiling",Patterns of behavior,Consistent offensive behavior,unit,,,,,Wed Sep 02 2026 18:25:06 GMT+0000 (Coordinated Universal Time),3,4.9,8.002,Suspend,24315,0.5,crowd,5,87fe20,755f40f0-0c47-4dd3-b052-786bdc1d050f
1,round 1,subham,762c3ec7-3891-4d87-938d-9e2e0b6693da::1,Offensive no one should wish death upon another,Type of offensiveness,Death wish,unit,,,,,Thu Sep 03 2026 19:10:30 GMT+0000 (Coordinated Universal Time),1,4.44,5.318,Suspend,31452,1,control,1,dadf1e,762c3ec7-3891-4d87-938d-9e2e0b6693da
1,round 1,subham,77473516-5965-4985-8200-c95319c9d827::2,Message 1 was inappropriate and threatening,Type of offensiveness,Threats of violence,span,14,43,inappropriate and threatening,,Thu Sep 03 2026 17:31:31 GMT+0000 (Coordinated Universal Time),2,5,3.837,Suspend,35142,0.75,control,1,a30ac5,77473516-5965-4985-8200-c95319c9d827
1,round 1,subham,782fbcf9-8a0c-449e-aa3c-b0107a40661f::3,There was a mix of offensive and not offensive messages but the offensive ones were worthy of suspension. Sending slurs to other users should not be tolerated,Patterns of behavior,Mix of offensive and non-offensive,span,12,55,mix of offensive and not offensive messages,,Tue Sep 01 2026 16:45:08 GMT+0000 (Coordinated Universal Time),3,3.84,5.178,Suspend,32541,0.5,control,7,09b4d5,782fbcf9-8a0c-449e-aa3c-b0107a40661f
1,round 1,subham,7a345fe0-e245-4e5c-a2fc-b725eed72fa1::4,"They had a slip up on message 3 which could be taken as a threat, but I do not know the situation. I have had conversations where people would say this jokingly. I think this person gets one more chance.",Type of offensiveness,Threats of violence,span,30,64,3 which could be taken as a threat,,Wed Sep 02 2026 18:26:11 GMT+0000 (Coordinated Universal Time),4,2.5,6.47,Do not suspend,35124,0.25,control,6,e12d0f,7a345fe0-e245-4e5c-a2fc-b725eed72fa1
1,round 1,subham,7a345fe0-e245-4e5c-a2fc-b725eed72fa1::4,"They had a slip up on message 3 which could be taken as a threat, but I do not know the situation. I have had conversations where people would say this jokingly. I think this person gets one more chance.",Reflection on the decision,Expressed uncertainty,span,70,97,I do not know the situation,,Wed Sep 02 2026 18:26:18 GMT+0000 (Coordinated Universal Time),4,2.5,6.47,Do not suspend,35124,0.25,control,6,e12d0f,7a345fe0-e245-4e5c-a2fc-b725eed72fa1
1,round 1,subham,7a345fe0-e245-4e5c-a2fc-b725eed72fa1::4,"They had a slip up on message 3 which could be taken as a threat, but I do not know the situation. I have had conversations where people would say this jokingly. I think this person gets one more chance.",Decision outcomes,Ban if behavior continues,span,162,203,I think this person gets one more chance.,,Wed Sep 02 2026 18:26:41 GMT+0000 (Coordinated Universal Time),4,2.5,6.47,Do not suspend,35124,0.25,control,6,e12d0f,7a345fe0-e245-4e5c-a2fc-b725eed72fa1
1,round 1,subham,7a345fe0-e245-4e5c-a2fc-b725eed72fa1::5,"I should have kept going to see more messages, but I felt as though 3 messages with no clear signs of any wrong doing would put this person in the clear.",Patterns of behavior,Normal behavior,unit,,,,,Tue Sep 01 2026 18:05:28 GMT+0000 (Coordinated Universal Time),5,4,4.196,Do not suspend,35124,0,control,3,e12d0f,7a345fe0-e245-4e5c-a2fc-b725eed72fa1
1,round 1,subham,7a9499d4-4226-4ddf-a907-8b178f09dd4f::5,I see nothing wrong with the two posts I viewed. Seems legit and fair to me.,Type of offensiveness,No offensive content,unit,,,,,Wed Sep 02 2026 19:13:17 GMT+0000 (Coordinated Universal Time),5,4.99,2.571,Do not suspend,15243,0,ai,2,d94ce8,7a9499d4-4226-4ddf-a907-8b178f09dd4f
1,round 1,subham,7a9499d4-4226-4ddf-a907-8b178f09dd4f::5,I see nothing wrong with the two posts I viewed. Seems legit and fair to me.,Reflection on the decision,Not offensive at all,unit,,,,,Wed Sep 02 2026 19:13:27 GMT+0000 (Coordinated Universal Time),5,4.99,2.571,Do not suspend,15243,0,ai,2,d94ce8,7a9499d4-4226-4ddf-a907-8b178f09dd4f
1,round 1,subham,7a9499d4-4226-4ddf-a907-8b178f09dd4f::5,I see nothing wrong with the two posts I viewed. Seems legit and fair to me.,Patterns of behavior,Normal behavior,unit,,,,,Wed Sep 02 2026 19:13:19 GMT+0000 (Coordinated Universal Time),5,4.99,2.571,Do not suspend,15243,0,ai,2,d94ce8,7a9499d4-4226-4ddf-a907-8b178f09dd4f
1,round 1,subham,7cfda785-98a2-472e-a1e6-6a8ed3097a46::1,"They should be suspended based on the 3 messages, all 3 are highly offensive and down right rude and disrespectful.",Type of offensiveness,Extreme offensive,unit,,,,,Wed Sep 02 2026 18:02:43 GMT+0000 (Coordinated Universal Time),1,4.99,6.429,Suspend,14325,1,control,3,26bc4f,7cfda785-98a2-472e-a1e6-6a8ed3097a46
1,round 1,subham,7cfda785-98a2-472e-a1e6-6a8ed3097a46::4,"The first 2 messages do not seem offensive until the 3rd one. The 3rd message is highly offensive and threatening, I would suspend based on that.",Decision outcomes,Temporary suspension,unit,,,,,Tue Sep 01 2026 17:26:04 GMT+0000 (Coordinated Universal Time),4,4.07,4.774,Suspend,14325,0.25,control,3,26bc4f,7cfda785-98a2-472e-a1e6-6a8ed3097a46
1,round 1,subham,7cfda785-98a2-472e-a1e6-6a8ed3097a46::4,"The first 2 messages do not seem offensive until the 3rd one. The 3rd message is highly offensive and threatening, I would suspend based on that.",Patterns of behavior,One-off offensive,span,62,113,The 3rd message is highly offensive and threatening,,Tue Sep 01 2026 17:25:55 GMT+0000 (Coordinated Universal Time),4,4.07,4.774,Suspend,14325,0.25,control,3,26bc4f,7cfda785-98a2-472e-a1e6-6a8ed3097a46
1,round 1,subham,7cfda785-98a2-472e-a1e6-6a8ed3097a46::5,"All 3 messages are not offensive at all, do not contain offensive language. I would not suspend based on that.",Patterns of behavior,Normal behavior,unit,,,,,Tue Sep 01 2026 15:20:25 GMT+0000 (Coordinated Universal Time),5,4.66,5.196,Do not suspend,14325,0,control,3,26bc4f,7cfda785-98a2-472e-a1e6-6a8ed3097a46
1,round 1,subham,7cfda785-98a2-472e-a1e6-6a8ed3097a46::5,"All 3 messages are not offensive at all, do not contain offensive language. I would not suspend based on that.",Type of offensiveness,No offensive content,unit,,,,,Tue Sep 01 2026 15:20:29 GMT+0000 (Coordinated Universal Time),5,4.66,5.196,Do not suspend,14325,0,control,3,26bc4f,7cfda785-98a2-472e-a1e6-6a8ed3097a46
1,round 1,subham,8085fe6b-72b3-494a-8081-5a0752f8c1c0::5,"After analyzing a few comments, I have come to the conclusion that this person has not made any comments that are harmful or offensive to anyone.",Reflection on the decision,Not offensive at all,unit,,,,,Wed Sep 02 2026 19:03:40 GMT+0000 (Coordinated Universal Time),5,5,4.855,Do not suspend,51423,0,crowd,5,ee46c1,8085fe6b-72b3-494a-8081-5a0752f8c1c0
1,round 1,subham,8085fe6b-72b3-494a-8081-5a0752f8c1c0::5,"After analyzing a few comments, I have come to the conclusion that this person has not made any comments that are harmful or offensive to anyone.",Patterns of behavior,Normal behavior,unit,,,,,Wed Sep 02 2026 19:04:15 GMT+0000 (Coordinated Universal Time),5,5,4.855,Do not suspend,51423,0,crowd,5,ee46c1,8085fe6b-72b3-494a-8081-5a0752f8c1c0
1,round 1,subham,80a0d275-1d07-4992-9eb3-50ff7ebdc3db::4,"The first two messages were fine, but the threatening to kill someone is offensive and scary. It is not an appropriate message to send someone.",Type of offensiveness,Threats of violence,unit,,,,,Thu Sep 03 2026 19:04:44 GMT+0000 (Coordinated Universal Time),4,5,4.075,Suspend,15432,0.25,control,3,4cfa61,80a0d275-1d07-4992-9eb3-50ff7ebdc3db
1,round 1,subham,80a0d275-1d07-4992-9eb3-50ff7ebdc3db::4,"The first two messages were fine, but the threatening to kill someone is offensive and scary. It is not an appropriate message to send someone.",Type of offensiveness,Harm other person,unit,,,,,Thu Sep 03 2026 19:04:41 GMT+0000 (Coordinated Universal Time),4,5,4.075,Suspend,15432,0.25,control,3,4cfa61,80a0d275-1d07-4992-9eb3-50ff7ebdc3db
1,round 1,subham,80a0d275-1d07-4992-9eb3-50ff7ebdc3db::4,"The first two messages were fine, but the threatening to kill someone is offensive and scary. It is not an appropriate message to send someone.",Type of offensiveness,Death wish,span,34,92,but the threatening to kill someone is offensive and scary,,Thu Sep 03 2026 19:04:39 GMT+0000 (Coordinated Universal Time),4,5,4.075,Suspend,15432,0.25,control,3,4cfa61,80a0d275-1d07-4992-9eb3-50ff7ebdc3db
1,round 1,subham,842a4faf-29b2-430f-bdb5-cc6e156237d1::3,This individual was saying mean and rude offensive things. I felt it was best to suspend this account.,Decision outcomes,Permanent ban,unit,,,,,Wed Sep 02 2026 18:43:36 GMT+0000 (Coordinated Universal Time),3,5,6.324,Suspend,21453,0.5,crowd,5,9ae537,842a4faf-29b2-430f-bdb5-cc6e156237d1
1,round 1,subham,842a4faf-29b2-430f-bdb5-cc6e156237d1::3,This individual was saying mean and rude offensive things. I felt it was best to suspend this account.,Type of offensiveness,Hate speech and offensive language,span,20,57,saying mean and rude offensive things,,Wed Sep 02 2026 18:43:27 GMT+0000 (Coordinated Universal Time),3,5,6.324,Suspend,21453,0.5,crowd,5,9ae537,842a4faf-29b2-430f-bdb5-cc6e156237d1
1,round 1,subham,87f87d7b-4b52-467a-93ed-face4ab8ccb4::3,"The first message was suspension-worthy in my opinion.  I just wanted to see if the next message followed in the same vein.  I don't know the policies for this presumed platform, so I have to go by what I think is no good.  Homophobia is a no-go.",Patterns of behavior,One-off offensive,span,4,53,first message was suspension-worthy in my opinion,,Tue Sep 01 2026 18:03:20 GMT+0000 (Coordinated Universal Time),3,5,5.749,Suspend,32514,0.5,ai,2,863384,87f87d7b-4b52-467a-93ed-face4ab8ccb4
1,round 1,subham,87f87d7b-4b52-467a-93ed-face4ab8ccb4::3,"The first message was suspension-worthy in my opinion.  I just wanted to see if the next message followed in the same vein.  I don't know the policies for this presumed platform, so I have to go by what I think is no good.  Homophobia is a no-go.",Reflection on the decision,Needed to look at more messages,span,58,122,just wanted to see if the next message followed in the same vein,,Tue Sep 01 2026 18:03:35 GMT+0000 (Coordinated Universal Time),3,5,5.749,Suspend,32514,0.5,ai,2,863384,87f87d7b-4b52-467a-93ed-face4ab8ccb4
1,round 1,subham,87f87d7b-4b52-467a-93ed-face4ab8ccb4::3,"The first message was suspension-worthy in my opinion.  I just wanted to see if the next message followed in the same vein.  I don't know the policies for this presumed platform, so I have to go by what I think is no good.  Homophobia is a no-go.",Reflection on the decision,Need to know policy and TOS,span,125,177,I don't know the policies for this presumed platform,,Tue Sep 01 2026 18:03:29 GMT+0000 (Coordinated Universal Time),3,5,5.749,Suspend,32514,0.5,ai,2,863384,87f87d7b-4b52-467a-93ed-face4ab8ccb4
1,round 1,subham,883c6d7a-83ce-420e-b187-3128a56e1616::4,There was no messages that reviewed here that seemed to be offensive. Also there was no verbal attack on any individuals.,Patterns of behavior,Normal behavior,unit,,,,,Tue Sep 01 2026 15:08:48 GMT+0000 (Coordinated Universal Time),4,4.97,5.104,Do not suspend,41325,0.25,ai,2,0caff4,883c6d7a-83ce-420e-b187-3128a56e1616
1,round 1,subham,884140ae-beba-4d9c-94c0-c901991cd689::2,Violence and threat,Type of offensiveness,Threats of violence,unit,,,,,Thu Sep 03 2026 18:57:39 GMT+0000 (Coordinated Universal Time),2,4.98,12.786,Suspend,21435,0.75,control,1,0169df,884140ae-beba-4d9c-94c0-c901991cd689
1,round 1,subham,884140ae-beba-4d9c-94c0-c901991cd689::5,The language used was not an offensive language but rather expressed gratitude and appreciation,Type of offensiveness,No offensive content,unit,,,,,Thu Sep 03 2026 18:57:32 GMT+0000 (Coordinated Universal Time),5,5,17.143,Do not suspend,21435,0,control,1,0169df,884140ae-beba-4d9c-94c0-c901991cd689
1,round 1,subham,884140ae-beba-4d9c-94c0-c901991cd689::5,The language used was not an offensive language but rather expressed gratitude and appreciation,,positive content,unit,,,,,Thu Sep 03 2026 18:57:33 GMT+0000 (Coordinated Universal Time),5,5,17.143,Do not suspend,21435,0,control,1,0169df,884140ae-beba-4d9c-94c0-c901991cd689
1,round 1,subham,88600857-d80d-4c7a-a5b9-212efa837b2b::1,"Not only did Account 3 use hate speech against others, but they also wished for the ""painful"" deaths of not only the users that they were harassing, but also their dog too.",Type of offensiveness,Hate speech and offensive language,span,27,53,hate speech against others,,Wed Sep 02 2026 18:01:07 GMT+0000 (Coordinated Universal Time),1,4.99,6.4,Suspend,24153,1,ai,2,5b2a93,88600857-d80d-4c7a-a5b9-212efa837b2b
1,round 1,subham,88600857-d80d-4c7a-a5b9-212efa837b2b::1,"Not only did Account 3 use hate speech against others, but they also wished for the ""painful"" deaths of not only the users that they were harassing, but also their dog too.",Type of offensiveness,Death wish,span,64,100,"also wished for the ""painful"" deaths",,Wed Sep 02 2026 18:01:15 GMT+0000 (Coordinated Universal Time),1,4.99,6.4,Suspend,24153,1,ai,2,5b2a93,88600857-d80d-4c7a-a5b9-212efa837b2b
1,round 1,subham,88600857-d80d-4c7a-a5b9-212efa837b2b::2,"On multiple occasions, Account 1 not only threatened other users, but also used hate speech against them as well. This was not just a single isolated incident.",Type of offensiveness,Threats of violence,span,42,64,threatened other users,,Wed Sep 02 2026 19:02:35 GMT+0000 (Coordinated Universal Time),2,5,5.537,Suspend,24153,0.75,ai,2,5b2a93,88600857-d80d-4c7a-a5b9-212efa837b2b
1,round 1,subham,88600857-d80d-4c7a-a5b9-212efa837b2b::2,"On multiple occasions, Account 1 not only threatened other users, but also used hate speech against them as well. This was not just a single isolated incident.",Type of offensiveness,Hate speech and offensive language,span,70,112,also used hate speech against them as well,,Wed Sep 02 2026 19:02:42 GMT+0000 (Coordinated Universal Time),2,5,5.537,Suspend,24153,0.75,ai,2,5b2a93,88600857-d80d-4c7a-a5b9-212efa837b2b
1,round 1,subham,88600857-d80d-4c7a-a5b9-212efa837b2b::2,"On multiple occasions, Account 1 not only threatened other users, but also used hate speech against them as well. This was not just a single isolated incident.",Patterns of behavior,Consistent offensive behavior,span,114,159,This was not just a single isolated incident.,,Wed Sep 02 2026 19:02:47 GMT+0000 (Coordinated Universal Time),2,5,5.537,Suspend,24153,0.75,ai,2,5b2a93,88600857-d80d-4c7a-a5b9-212efa837b2b
1,round 1,subham,88600857-d80d-4c7a-a5b9-212efa837b2b::4,"On at least three separate occasions Account 2 threatened to physically harm, and potentially even murder, other users.",Type of offensiveness,Threats of violence,span,47,76,threatened to physically harm,,Thu Sep 03 2026 17:07:07 GMT+0000 (Coordinated Universal Time),4,3.97,5.055,Suspend,24153,0.25,ai,11,5b2a93,88600857-d80d-4c7a-a5b9-212efa837b2b
1,round 1,subham,88600857-d80d-4c7a-a5b9-212efa837b2b::4,"On at least three separate occasions Account 2 threatened to physically harm, and potentially even murder, other users.",Type of offensiveness,Death wish,span,82,119,"potentially even murder, other users.",,Thu Sep 03 2026 17:07:11 GMT+0000 (Coordinated Universal Time),4,3.97,5.055,Suspend,24153,0.25,ai,11,5b2a93,88600857-d80d-4c7a-a5b9-212efa837b2b
1,round 1,subham,88879a30-8734-4993-8d03-16a361feecef::1,"This person uses inappropriate language and is speaking in a hateful, threatening manner. Their account should be suspended.",Type of offensiveness,Threats of violence,unit,,,,,Thu Sep 03 2026 18:18:50 GMT+0000 (Coordinated Universal Time),1,5,4.843,Suspend,34521,1,ai,2,249679,88879a30-8734-4993-8d03-16a361feecef
1,round 1,subham,88879a30-8734-4993-8d03-16a361feecef::1,"This person uses inappropriate language and is speaking in a hateful, threatening manner. Their account should be suspended.",Type of offensiveness,Hate speech and offensive language,span,31,89,"language and is speaking in a hateful, threatening manner.",,Thu Sep 03 2026 18:18:47 GMT+0000 (Coordinated Universal Time),1,5,4.843,Suspend,34521,1,ai,2,249679,88879a30-8734-4993-8d03-16a361feecef
1,round 1,subham,88879a30-8734-4993-8d03-16a361feecef::1,"This person uses inappropriate language and is speaking in a hateful, threatening manner. Their account should be suspended.",Decision outcomes,Permanent ban,span,90,124,Their account should be suspended.,,Thu Sep 03 2026 18:18:56 GMT+0000 (Coordinated Universal Time),1,5,4.843,Suspend,34521,1,ai,2,249679,88879a30-8734-4993-8d03-16a361feecef
1,round 1,subham,88879a30-8734-4993-8d03-16a361feecef::5,"There's nothing but positive content in these posts, and there's no reason to suspend this person's account.",Patterns of behavior,Normal behavior,unit,,,,,Tue Sep 01 2026 03:41:03 GMT+0000 (Coordinated Universal Time),5,5,5.903,Do not suspend,34521,0,ai,2,249679,88879a30-8734-4993-8d03-16a361feecef
1,round 1,subham,88879a30-8734-4993-8d03-16a361feecef::5,"There's nothing but positive content in these posts, and there's no reason to suspend this person's account.",Type of offensiveness,No offensive content,unit,,,,,Tue Sep 01 2026 03:41:20 GMT+0000 (Coordinated Universal Time),5,5,5.903,Do not suspend,34521,0,ai,2,249679,88879a30-8734-4993-8d03-16a361feecef
1,round 1,subham,88c7741e-45f9-4769-b00d-e1a49698f199::1,Account purely consists of hateful and derogatory language. Seems to exist purely to insult people.,Type of offensiveness,derogatory remarks,unit,,,,,Thu Sep 03 2026 18:24:14 GMT+0000 (Coordinated Universal Time),1,5,4.68,Suspend,41235,1,control,7,fbbfe6,88c7741e-45f9-4769-b00d-e1a49698f199
1,round 1,subham,88c7741e-45f9-4769-b00d-e1a49698f199::1,Account purely consists of hateful and derogatory language. Seems to exist purely to insult people.,Type of offensiveness,Hate speech and offensive language,span,15,58,consists of hateful and derogatory language,,Thu Sep 03 2026 18:24:12 GMT+0000 (Coordinated Universal Time),1,5,4.68,Suspend,41235,1,control,7,fbbfe6,88c7741e-45f9-4769-b00d-e1a49698f199
1,round 1,subham,8a2bd6fd-9a54-4ba0-86bb-4fcf5797b655::1,Threats of violence and hopes of inflicting cancer on someone. They are a bad poster.,Type of offensiveness,Death wish,unit,,,,,Wed Sep 02 2026 19:21:32 GMT+0000 (Coordinated Universal Time),1,5,5.629,Suspend,14235,1,ai,1,99fa92,8a2bd6fd-9a54-4ba0-86bb-4fcf5797b655
1,round 1,subham,8a2bd6fd-9a54-4ba0-86bb-4fcf5797b655::1,Threats of violence and hopes of inflicting cancer on someone. They are a bad poster.,Type of offensiveness,Threats of violence,span,0,61,Threats of violence and hopes of inflicting cancer on someone,,Wed Sep 02 2026 19:21:32 GMT+0000 (Coordinated Universal Time),1,5,5.629,Suspend,14235,1,ai,1,99fa92,8a2bd6fd-9a54-4ba0-86bb-4fcf5797b655
1,round 1,subham,8acbc9ac-0680-40ce-bab6-a1f49c28c3fb::3,offensive language,,comment too short and not sure what needs to be done,unit,,,,,Wed Sep 02 2026 19:18:10 GMT+0000 (Coordinated Universal Time),3,5,3.558,Suspend,15234,0.5,control,3,b8e1c1,8acbc9ac-0680-40ce-bab6-a1f49c28c3fb
1,round 1,subham,8dcdc361-034c-4c7b-b798-06a03e4c59a3::4,The majority of the messages from this account are not offensive and are random pieces of conversation. I gave this a low confidence score because it could still be suspended from the small amount of offensive death threat tweets given.,Patterns of behavior,Mix of offensive and non-offensive,unit,,,,,Thu Sep 03 2026 18:10:49 GMT+0000 (Coordinated Universal Time),4,2.03,5.823,Do not suspend,34125,0.25,control,9,0cc23b,8dcdc361-034c-4c7b-b798-06a03e4c59a3
1,round 1,subham,8dcdc361-034c-4c7b-b798-06a03e4c59a3::4,The majority of the messages from this account are not offensive and are random pieces of conversation. I gave this a low confidence score because it could still be suspended from the small amount of offensive death threat tweets given.,Type of offensiveness,Death wish,unit,,,,,Thu Sep 03 2026 18:10:38 GMT+0000 (Coordinated Universal Time),4,2.03,5.823,Do not suspend,34125,0.25,control,9,0cc23b,8dcdc361-034c-4c7b-b798-06a03e4c59a3
1,round 1,subham,8dcdc361-034c-4c7b-b798-06a03e4c59a3::4,The majority of the messages from this account are not offensive and are random pieces of conversation. I gave this a low confidence score because it could still be suspended from the small amount of offensive death threat tweets given.,Type of offensiveness,No offensive content,span,0,102,The majority of the messages from this account are not offensive and are random pieces of conversation,,Thu Sep 03 2026 18:10:45 GMT+0000 (Coordinated Universal Time),4,2.03,5.823,Do not suspend,34125,0.25,control,9,0cc23b,8dcdc361-034c-4c7b-b798-06a03e4c59a3
1,round 1,subham,8e151216-ec8a-4720-a022-a3bfa261bf2a::1,Is provoking death threats towards someone,Type of offensiveness,Death wish,unit,,,,,Wed Sep 02 2026 18:24:46 GMT+0000 (Coordinated Universal Time),1,5,3.16,Suspend,52413,1,ai,3,870b90,8e151216-ec8a-4720-a022-a3bfa261bf2a
1,round 1,subham,8e151216-ec8a-4720-a022-a3bfa261bf2a::3,Rude remarks and being homophobic towards someone.,Type of offensiveness,derogatory remarks,unit,,,,,Wed Sep 02 2026 19:19:42 GMT+0000 (Coordinated Universal Time),3,4.58,6.928,Suspend,52413,0.5,ai,3,870b90,8e151216-ec8a-4720-a022-a3bfa261bf2a
1,round 1,subham,8e151216-ec8a-4720-a022-a3bfa261bf2a::4,Isn't displaying any violence or threatening comments .,Type of offensiveness,No offensive content,unit,,,,,Thu Sep 03 2026 17:30:49 GMT+0000 (Coordinated Universal Time),4,4.53,7.227,Do not suspend,52413,0.25,ai,2,870b90,8e151216-ec8a-4720-a022-a3bfa261bf2a
1,round 1,subham,90121a24-2838-4a22-8025-6eed89550f46::5,I did not see any offensive language,Type of offensiveness,No offensive content,unit,,,,,Tue Sep 01 2026 18:05:59 GMT+0000 (Coordinated Universal Time),5,4.98,3.021,Do not suspend,34512,0,crowd,3,38b891,90121a24-2838-4a22-8025-6eed89550f46
1,round 1,subham,90216bd3-8134-452d-a40c-7c9f38c1f0f1::2,"This accounts messages that I reviewed are almost all offensive and bullying people. When the content being posted is more offensive than not, it seems solid grounds for suspension.",Type of offensiveness,Hate speech and offensive language,span,28,83,I reviewed are almost all offensive and bullying people,,Wed Sep 02 2026 18:00:03 GMT+0000 (Coordinated Universal Time),2,4,6.238,Suspend,51423,0.75,control,9,5280d5,90216bd3-8134-452d-a40c-7c9f38c1f0f1
1,round 1,subham,90216bd3-8134-452d-a40c-7c9f38c1f0f1::2,"This accounts messages that I reviewed are almost all offensive and bullying people. When the content being posted is more offensive than not, it seems solid grounds for suspension.",Patterns of behavior,Majority offesnive,span,28,83,I reviewed are almost all offensive and bullying people,,Wed Sep 02 2026 17:59:35 GMT+0000 (Coordinated Universal Time),2,4,6.238,Suspend,51423,0.75,control,9,5280d5,90216bd3-8134-452d-a40c-7c9f38c1f0f1
1,round 1,subham,90216bd3-8134-452d-a40c-7c9f38c1f0f1::2,"This accounts messages that I reviewed are almost all offensive and bullying people. When the content being posted is more offensive than not, it seems solid grounds for suspension.",Decision outcomes,Permanent ban,span,102,181,"being posted is more offensive than not, it seems solid grounds for suspension.",,Wed Sep 02 2026 17:59:52 GMT+0000 (Coordinated Universal Time),2,4,6.238,Suspend,51423,0.75,control,9,5280d5,90216bd3-8134-452d-a40c-7c9f38c1f0f1
1,round 1,subham,904fefab-d1fe-4c81-a4c7-a1b91737087f::3,"Even though there are some very calm and eloquent messages, there are still hurtful ones.  If a person is being demeaning and homophobic there is no place for them, even if some of their messages are thoughtful.",Patterns of behavior,Mix of offensive and non-offensive,unit,,,,,Tue Sep 01 2026 17:00:59 GMT+0000 (Coordinated Universal Time),3,4.02,7.961,Suspend,13452,0.5,crowd,7,4001f1,904fefab-d1fe-4c81-a4c7-a1b91737087f
1,round 1,subham,90613436-e890-4ab2-9863-e7e49eb7122d::5,This person didnt have any offensive postings. I think they are a good user. No reason to suspend.,Patterns of behavior,Normal behavior,unit,,,,,Tue Sep 01 2026 17:25:30 GMT+0000 (Coordinated Universal Time),5,5,4.514,Do not suspend,21534,0,ai,3,b57cc5,90613436-e890-4ab2-9863-e7e49eb7122d
1,round 1,subham,90613436-e890-4ab2-9863-e7e49eb7122d::5,This person didnt have any offensive postings. I think they are a good user. No reason to suspend.,Type of offensiveness,No offensive content,unit,,,,,Tue Sep 01 2026 17:25:32 GMT+0000 (Coordinated Universal Time),5,5,4.514,Do not suspend,21534,0,ai,3,b57cc5,90613436-e890-4ab2-9863-e7e49eb7122d
1,round 1,subham,91b11164-6633-4270-b351-1add0826b43b::2,Account made threats of violence and used hate speech.,Type of offensiveness,Hate speech and offensive language,unit,,,,,Thu Sep 03 2026 18:58:14 GMT+0000 (Coordinated Universal Time),2,5,5.629,Suspend,25143,0.75,control,2,dcebc4,91b11164-6633-4270-b351-1add0826b43b
1,round 1,subham,91b11164-6633-4270-b351-1add0826b43b::2,Account made threats of violence and used hate speech.,Type of offensiveness,Threats of violence,unit,,,,,Thu Sep 03 2026 18:58:17 GMT+0000 (Coordinated Universal Time),2,5,5.629,Suspend,25143,0.75,control,2,dcebc4,91b11164-6633-4270-b351-1add0826b43b
1,round 1,subham,91d9b5dd-39c8-48bf-8720-abe1ee727444::4,This message suggests frustration with lack of evidence in someone's tweet and explains the decision to block the person. It has a harsh word but it doesn't pose to commit harm.,Decision outcomes,Permanent ban,unit,,,,,Wed Sep 02 2026 19:05:12 GMT+0000 (Coordinated Universal Time),4,5,14.373,Do not suspend,12543,0.25,crowd,1,dccf4b,91d9b5dd-39c8-48bf-8720-abe1ee727444
1,round 1,subham,91d9b5dd-39c8-48bf-8720-abe1ee727444::4,This message suggests frustration with lack of evidence in someone's tweet and explains the decision to block the person. It has a harsh word but it doesn't pose to commit harm.,Patterns of behavior,Mix of offensive and non-offensive,unit,,,,,Wed Sep 02 2026 19:05:32 GMT+0000 (Coordinated Universal Time),4,5,14.373,Do not suspend,12543,0.25,crowd,1,dccf4b,91d9b5dd-39c8-48bf-8720-abe1ee727444
1,round 1,subham,947c2dec-32b7-465b-a682-2751391d78e4::2,"I only needed to see one message to suspend this account, this is a threat and a graphic one. Threats against life should be suspended all the time. I believe in free speech but there's a difference between being a troll and being a danger.",Decision outcomes,Permanent ban,unit,,,,,Wed Sep 02 2026 19:17:03 GMT+0000 (Coordinated Universal Time),2,5,4.08,Suspend,14532,0.75,ai,1,f1c13d,947c2dec-32b7-465b-a682-2751391d78e4
1,round 1,subham,947c2dec-32b7-465b-a682-2751391d78e4::2,"I only needed to see one message to suspend this account, this is a threat and a graphic one. Threats against life should be suspended all the time. I believe in free speech but there's a difference between being a troll and being a danger.",Type of offensiveness,Threats of violence,span,58,92,this is a threat and a graphic one,,Wed Sep 02 2026 19:16:52 GMT+0000 (Coordinated Universal Time),2,5,4.08,Suspend,14532,0.75,ai,1,f1c13d,947c2dec-32b7-465b-a682-2751391d78e4
1,round 1,subham,947c2dec-32b7-465b-a682-2751391d78e4::2,"I only needed to see one message to suspend this account, this is a threat and a graphic one. Threats against life should be suspended all the time. I believe in free speech but there's a difference between being a troll and being a danger.",Type of offensiveness,Death wish,span,94,147,Threats against life should be suspended all the time,,Wed Sep 02 2026 19:16:59 GMT+0000 (Coordinated Universal Time),2,5,4.08,Suspend,14532,0.75,ai,1,f1c13d,947c2dec-32b7-465b-a682-2751391d78e4
1,round 1,subham,947c2dec-32b7-465b-a682-2751391d78e4::2,"I only needed to see one message to suspend this account, this is a threat and a graphic one. Threats against life should be suspended all the time. I believe in free speech but there's a difference between being a troll and being a danger.",Patterns of behavior,Troll or bot,span,188,240,difference between being a troll and being a danger.,,Wed Sep 02 2026 19:17:19 GMT+0000 (Coordinated Universal Time),2,5,4.08,Suspend,14532,0.75,ai,1,f1c13d,947c2dec-32b7-465b-a682-2751391d78e4
1,round 1,subham,947c2dec-32b7-465b-a682-2751391d78e4::5,None of these messages warranted this account being suspended. Nothing was harmful or threatening in these messages.,Type of offensiveness,No offensive content,unit,,,,,Thu Sep 03 2026 19:10:44 GMT+0000 (Coordinated Universal Time),5,5,6.786,Do not suspend,14532,0,ai,4,f1c13d,947c2dec-32b7-465b-a682-2751391d78e4
1,round 1,subham,947c2dec-32b7-465b-a682-2751391d78e4::5,None of these messages warranted this account being suspended. Nothing was harmful or threatening in these messages.,Justifications,Not too offensive,unit,,,,,Thu Sep 03 2026 19:10:47 GMT+0000 (Coordinated Universal Time),5,5,6.786,Do not suspend,14532,0,ai,4,f1c13d,947c2dec-32b7-465b-a682-2751391d78e4
1,round 1,subham,947c2dec-32b7-465b-a682-2751391d78e4::5,None of these messages warranted this account being suspended. Nothing was harmful or threatening in these messages.,Reflection on the decision,Not offensive at all,unit,,,,,Thu Sep 03 2026 19:10:48 GMT+0000 (Coordinated Universal Time),5,5,6.786,Do not suspend,14532,0,ai,4,f1c13d,947c2dec-32b7-465b-a682-2751391d78e4
1,round 1,subham,94d90d90-65c3-49e7-a62d-e1b7738e20c8::1,the first 3 messages were offensive and i didnt think i needed to see anymore messages from this person,Patterns of behavior,Consistent offensive behavior,unit,,,,,Tue Sep 01 2026 17:01:58 GMT+0000 (Coordinated Universal Time),1,5,10.168,Suspend,53124,1,control,3,43fa8a,94d90d90-65c3-49e7-a62d-e1b7738e20c8
1,round 1,subham,94d90d90-65c3-49e7-a62d-e1b7738e20c8::2,3 out of 4 messages were offensive,Patterns of behavior,Consistent offensive behavior,unit,,,,,Tue Sep 01 2026 04:23:27 GMT+0000 (Coordinated Universal Time),2,5,15.98,Suspend,53124,0.75,control,4,43fa8a,94d90d90-65c3-49e7-a62d-e1b7738e20c8
1,round 1,subham,96f40625-0960-4ef9-87b2-4679ffaaf9ec::5,nothing harmful,Patterns of behavior,Normal behavior,unit,,,,,Tue Sep 01 2026 15:19:22 GMT+0000 (Coordinated Universal Time),5,4.26,3.224,Do not suspend,24315,0,ai,2,6d2849,96f40625-0960-4ef9-87b2-4679ffaaf9ec
1,round 1,subham,97fb2b3d-ee3d-4506-b148-a71f386b05a9::5,None of this posters comments were deemed to be offensive.,Patterns of behavior,Normal behavior,unit,,,,,Tue Sep 01 2026 15:04:42 GMT+0000 (Coordinated Universal Time),5,3.99,8.602,Do not suspend,21345,0,ai,7,a37c32,97fb2b3d-ee3d-4506-b148-a71f386b05a9
1,round 1,subham,9845df85-7df4-4cd8-a37e-019423611a3f::1,"Here is the word again that should be removed from our vocabulary. Not only the author called the person a very harsh, demeaning, and offensive name. The author also pray that they will die a painful death. Very crude and uncalled for",Patterns of behavior,Consistent offensive behavior,span,107,148,"very harsh, demeaning, and offensive name",,Tue Sep 01 2026 05:55:16 GMT+0000 (Coordinated Universal Time),1,5,6.486,Suspend,45321,1,crowd,1,bb95e4,9845df85-7df4-4cd8-a37e-019423611a3f
1,round 1,subham,9845df85-7df4-4cd8-a37e-019423611a3f::1,"Here is the word again that should be removed from our vocabulary. Not only the author called the person a very harsh, demeaning, and offensive name. The author also pray that they will die a painful death. Very crude and uncalled for",Type of offensiveness,Death wish,span,176,206,they will die a painful death.,,Tue Sep 01 2026 05:55:23 GMT+0000 (Coordinated Universal Time),1,5,6.486,Suspend,45321,1,crowd,1,bb95e4,9845df85-7df4-4cd8-a37e-019423611a3f
1,round 1,subham,9845df85-7df4-4cd8-a37e-019423611a3f::5,This is a very positive message. Tha author is complementing the people in her life that was an influence to them in a positive way. She/He was able to start the venture because of the great people around Him/Her,,positive content,unit,,,,,Tue Sep 01 2026 17:42:01 GMT+0000 (Coordinated Universal Time),5,5,6.094,Do not suspend,45321,0,crowd,1,bb95e4,9845df85-7df4-4cd8-a37e-019423611a3f
1,round 1,subham,9845df85-7df4-4cd8-a37e-019423611a3f::5,This is a very positive message. Tha author is complementing the people in her life that was an influence to them in a positive way. She/He was able to start the venture because of the great people around Him/Her,Positive content,Calm and thoughtful,unit,,,,,Tue Sep 01 2026 17:42:15 GMT+0000 (Coordinated Universal Time),5,5,6.094,Do not suspend,45321,0,crowd,1,bb95e4,9845df85-7df4-4cd8-a37e-019423611a3f
1,round 1,subham,9845df85-7df4-4cd8-a37e-019423611a3f::5,This is a very positive message. Tha author is complementing the people in her life that was an influence to them in a positive way. She/He was able to start the venture because of the great people around Him/Her,Type of offensiveness,No offensive content,unit,,,,,Tue Sep 01 2026 17:42:31 GMT+0000 (Coordinated Universal Time),5,5,6.094,Do not suspend,45321,0,crowd,1,bb95e4,9845df85-7df4-4cd8-a37e-019423611a3f
1,round 1,subham,9968ac18-8d60-46f2-8a6a-a521303c3583::3,bad verbiage and mean statements were directed at an individual.,Type of offensiveness,Extreme offensive,unit,,,,,Thu Sep 03 2026 17:56:48 GMT+0000 (Coordinated Universal Time),3,5,3.297,Suspend,45123,0.5,control,1,17a700,9968ac18-8d60-46f2-8a6a-a521303c3583
1,round 1,subham,9c1df86e-e2b6-4eb6-ab15-180374fa91bc::1,this is justifiable of online harassment,,comment too short and not sure what needs to be done,unit,,,,,Wed Sep 02 2026 19:07:16 GMT+0000 (Coordinated Universal Time),1,5,3.606,Suspend,32514,1,ai,1,588f2b,9c1df86e-e2b6-4eb6-ab15-180374fa91bc
1,round 1,subham,9c1df86e-e2b6-4eb6-ab15-180374fa91bc::2,this is a sign of violence and someone may be serious about this,Type of offensiveness,Threats of violence,span,10,26,sign of violence,,Wed Sep 02 2026 18:29:34 GMT+0000 (Coordinated Universal Time),2,4.95,3.443,Suspend,32514,0.75,ai,1,588f2b,9c1df86e-e2b6-4eb6-ab15-180374fa91bc
1,round 1,subham,9c759a8c-5afc-41ad-adb6-e453251c9f4d::1,"Very offensive, hateful, and biased behavior and account needs to be suspended",Type of offensiveness,Hate speech and offensive language,unit,,,,,Wed Sep 02 2026 18:42:45 GMT+0000 (Coordinated Universal Time),1,5,7.568,Suspend,35241,1,crowd,3,0ad92c,9c759a8c-5afc-41ad-adb6-e453251c9f4d
1,round 1,subham,9c759a8c-5afc-41ad-adb6-e453251c9f4d::1,"Very offensive, hateful, and biased behavior and account needs to be suspended",Type of offensiveness,Extreme offensive,span,0,44,"Very offensive, hateful, and biased behavior",,Wed Sep 02 2026 18:42:43 GMT+0000 (Coordinated Universal Time),1,5,7.568,Suspend,35241,1,crowd,3,0ad92c,9c759a8c-5afc-41ad-adb6-e453251c9f4d
1,round 1,subham,9c759a8c-5afc-41ad-adb6-e453251c9f4d::1,"Very offensive, hateful, and biased behavior and account needs to be suspended",Decision outcomes,Permanent ban,span,49,78,account needs to be suspended,,Wed Sep 02 2026 18:43:00 GMT+0000 (Coordinated Universal Time),1,5,7.568,Suspend,35241,1,crowd,3,0ad92c,9c759a8c-5afc-41ad-adb6-e453251c9f4d
1,round 1,subham,9c759a8c-5afc-41ad-adb6-e453251c9f4d::4,There is nothinf offesive in this post.,Type of offensiveness,No offensive content,unit,,,,,Wed Sep 02 2026 18:25:40 GMT+0000 (Coordinated Universal Time),4,5,5.888,Do not suspend,35241,0.25,crowd,2,0ad92c,9c759a8c-5afc-41ad-adb6-e453251c9f4d
1,round 1,subham,9c759a8c-5afc-41ad-adb6-e453251c9f4d::4,There is nothinf offesive in this post.,Reflection on the decision,Not offensive at all,unit,,,,,Wed Sep 02 2026 18:25:44 GMT+0000 (Coordinated Universal Time),4,5,5.888,Do not suspend,35241,0.25,crowd,2,0ad92c,9c759a8c-5afc-41ad-adb6-e453251c9f4d
1,round 1,subham,9ca241ab-e7b0-4e11-abf1-0baf9d8a1026::4,"Although sometimes this account can use some heated language and become aggressive, the majority of the posts I saw were very tame.",Patterns of behavior,Mix of offensive and non-offensive,unit,,,,,Tue Sep 01 2026 15:08:08 GMT+0000 (Coordinated Universal Time),4,2.45,4.458,Do not suspend,32415,0.25,ai,5,5.28E+09,9ca241ab-e7b0-4e11-abf1-0baf9d8a1026
1,round 1,subham,9fb262f0-c5b4-4b87-a678-6dda4d838ea2::1,"The messages from Account 2 contained offensive language and personal attacks, including derogatory comments about someone's sexuality, intelligence, and personal life. However, they varied in their degree of severity and the context in which they we",Type of offensiveness,Extreme offensive,unit,,,,,Tue Sep 01 2026 18:08:21 GMT+0000 (Coordinated Universal Time),1,4,14.146,Do not suspend,31542,1,ai,4,801dfa,9fb262f0-c5b4-4b87-a678-6dda4d838ea2
1,round 1,subham,9fb262f0-c5b4-4b87-a678-6dda4d838ea2::1,"The messages from Account 2 contained offensive language and personal attacks, including derogatory comments about someone's sexuality, intelligence, and personal life. However, they varied in their degree of severity and the context in which they we",Type of offensiveness,Hate speech and offensive language,span,18,167,"Account 2 contained offensive language and personal attacks, including derogatory comments about someone's sexuality, intelligence, and personal life",,Tue Sep 01 2026 18:07:55 GMT+0000 (Coordinated Universal Time),1,4,14.146,Do not suspend,31542,1,ai,4,801dfa,9fb262f0-c5b4-4b87-a678-6dda4d838ea2
1,round 1,subham,9fb262f0-c5b4-4b87-a678-6dda4d838ea2::5,"The message from Account 3 reads: ""If I wasn't surrounded by such great people, there's no way I'd be able to get this thing off the ground."" This statement is positive and expresses appreciation for support from others. It does not contain offensive",Patterns of behavior,Normal behavior,unit,,,,,Wed Sep 02 2026 18:00:24 GMT+0000 (Coordinated Universal Time),5,4,7.755,Do not suspend,31542,0,ai,1,801dfa,9fb262f0-c5b4-4b87-a678-6dda4d838ea2
1,round 1,subham,9fb262f0-c5b4-4b87-a678-6dda4d838ea2::5,"The message from Account 3 reads: ""If I wasn't surrounded by such great people, there's no way I'd be able to get this thing off the ground."" This statement is positive and expresses appreciation for support from others. It does not contain offensive",Type of offensiveness,No offensive content,unit,,,,,Wed Sep 02 2026 18:00:20 GMT+0000 (Coordinated Universal Time),5,4,7.755,Do not suspend,31542,0,ai,1,801dfa,9fb262f0-c5b4-4b87-a678-6dda4d838ea2
1,round 1,subham,a058f04f-b6f7-449f-9463-3ea180669f60::2,"I chose to suspend this account because of the life-threatening statement. Plus, it was followed by the act of enjoyment and a horrific description of the threat.",Decision outcomes,Permanent ban,span,0,31,I chose to suspend this account,,Thu Sep 03 2026 18:44:13 GMT+0000 (Coordinated Universal Time),2,5,4.709,Suspend,31425,0.75,crowd,6,362ab5,a058f04f-b6f7-449f-9463-3ea180669f60
1,round 1,subham,a058f04f-b6f7-449f-9463-3ea180669f60::2,"I chose to suspend this account because of the life-threatening statement. Plus, it was followed by the act of enjoyment and a horrific description of the threat.",Type of offensiveness,Death wish,span,48,73,ife-threatening statement,,Thu Sep 03 2026 18:44:06 GMT+0000 (Coordinated Universal Time),2,5,4.709,Suspend,31425,0.75,crowd,6,362ab5,a058f04f-b6f7-449f-9463-3ea180669f60
1,round 1,subham,a19f544e-7e34-42f0-b9b1-0675b9689d29::1,"The user is using harmful language. Saying things like ""I hope you die"" should not be allowed on any platform. He is also using homophobic rhetoric which can be greatly offensive to those in the LGBT community.",Type of offensiveness,Hate speech and offensive language,span,4,34,user is using harmful language,,Tue Sep 01 2026 18:04:10 GMT+0000 (Coordinated Universal Time),1,5,5.674,Suspend,14352,1,control,1,adc623,a19f544e-7e34-42f0-b9b1-0675b9689d29
1,round 1,subham,a19f544e-7e34-42f0-b9b1-0675b9689d29::1,"The user is using harmful language. Saying things like ""I hope you die"" should not be allowed on any platform. He is also using homophobic rhetoric which can be greatly offensive to those in the LGBT community.",Type of offensiveness,Death wish,span,56,70,I hope you die,,Tue Sep 01 2026 18:04:15 GMT+0000 (Coordinated Universal Time),1,5,5.674,Suspend,14352,1,control,1,adc623,a19f544e-7e34-42f0-b9b1-0675b9689d29
1,round 1,subham,a19f544e-7e34-42f0-b9b1-0675b9689d29::1,"The user is using harmful language. Saying things like ""I hope you die"" should not be allowed on any platform. He is also using homophobic rhetoric which can be greatly offensive to those in the LGBT community.",Type of offensiveness,derogatory remarks,span,111,210,He is also using homophobic rhetoric which can be greatly offensive to those in the LGBT community.,,Tue Sep 01 2026 18:04:22 GMT+0000 (Coordinated Universal Time),1,5,5.674,Suspend,14352,1,control,1,adc623,a19f544e-7e34-42f0-b9b1-0675b9689d29
1,round 1,subham,a19f544e-7e34-42f0-b9b1-0675b9689d29::3,This user is using homophobic language which is offensive to the LGBT community. The user is also spreading false information by saying that being gay is a sexual dysfunction and corruption of the brain.,Type of offensiveness,Extreme offensive,unit,,,,,Wed Sep 02 2026 19:14:32 GMT+0000 (Coordinated Universal Time),3,5,4.517,Suspend,14352,0.5,control,1,adc623,a19f544e-7e34-42f0-b9b1-0675b9689d29
1,round 1,subham,a19f544e-7e34-42f0-b9b1-0675b9689d29::3,This user is using homophobic language which is offensive to the LGBT community. The user is also spreading false information by saying that being gay is a sexual dysfunction and corruption of the brain.,Type of offensiveness,derogatory remarks,span,13,57,using homophobic language which is offensive,,Wed Sep 02 2026 19:14:24 GMT+0000 (Coordinated Universal Time),3,5,4.517,Suspend,14352,0.5,control,1,adc623,a19f544e-7e34-42f0-b9b1-0675b9689d29
1,round 1,subham,a19f544e-7e34-42f0-b9b1-0675b9689d29::3,This user is using homophobic language which is offensive to the LGBT community. The user is also spreading false information by saying that being gay is a sexual dysfunction and corruption of the brain.,Type of offensiveness,misinformation,span,85,125,user is also spreading false information,,Wed Sep 02 2026 19:15:45 GMT+0000 (Coordinated Universal Time),3,5,4.517,Suspend,14352,0.5,control,1,adc623,a19f544e-7e34-42f0-b9b1-0675b9689d29
1,round 1,subham,a19f544e-7e34-42f0-b9b1-0675b9689d29::3,This user is using homophobic language which is offensive to the LGBT community. The user is also spreading false information by saying that being gay is a sexual dysfunction and corruption of the brain.,Type of offensiveness,derogatory remarks,span,141,203,being gay is a sexual dysfunction and corruption of the brain.,,Wed Sep 02 2026 19:15:52 GMT+0000 (Coordinated Universal Time),3,5,4.517,Suspend,14352,0.5,control,1,adc623,a19f544e-7e34-42f0-b9b1-0675b9689d29
1,round 1,subham,a19f544e-7e34-42f0-b9b1-0675b9689d29::5,"After going through a few of the user's messages nothing seemed harmful in any way. There was no threatening language, no offensive language, all of the messages were normal.",Patterns of behavior,Normal behavior,unit,,,,,Tue Sep 01 2026 04:24:34 GMT+0000 (Coordinated Universal Time),5,4.64,6.891,Do not suspend,14352,0,control,7,adc623,a19f544e-7e34-42f0-b9b1-0675b9689d29
1,round 1,subham,a266df2c-6c45-4c88-b6db-d7dc3d62275c::2,The messages contain offensive words.  The message is offensive as well.,Type of offensiveness,Hate speech and offensive language,unit,,,,,Wed Sep 02 2026 19:10:55 GMT+0000 (Coordinated Universal Time),2,4.34,5.672,Suspend,12354,0.75,ai,2,258f56,a266df2c-6c45-4c88-b6db-d7dc3d62275c
1,round 1,subham,a37571ff-8f28-4459-935f-08b72087e111::3,This person message was very offensive and I needed to go no further than reviewing three of the messages which proved my point.  The last message was extremely offensive,Type of offensiveness,Hate speech and offensive language,span,130,170,The last message was extremely offensive,,Tue Sep 01 2026 16:52:04 GMT+0000 (Coordinated Universal Time),3,5,7.495,Suspend,43152,0.5,ai,3,3b6045,a37571ff-8f28-4459-935f-08b72087e111
1,round 1,subham,a37571ff-8f28-4459-935f-08b72087e111::4,I did not detect anything offensive although I only rolled through two messages it seemed the person was coming from a good place,Patterns of behavior,Normal behavior,unit,,,,,Wed Sep 02 2026 19:11:11 GMT+0000 (Coordinated Universal Time),4,4.03,8.789,Do not suspend,43152,0.25,ai,2,3b6045,a37571ff-8f28-4459-935f-08b72087e111
1,round 1,subham,a37571ff-8f28-4459-935f-08b72087e111::4,I did not detect anything offensive although I only rolled through two messages it seemed the person was coming from a good place,Type of offensiveness,No offensive content,unit,,,,,Wed Sep 02 2026 19:11:13 GMT+0000 (Coordinated Universal Time),4,4.03,8.789,Do not suspend,43152,0.25,ai,2,3b6045,a37571ff-8f28-4459-935f-08b72087e111
1,round 1,subham,a37571ff-8f28-4459-935f-08b72087e111::4,I did not detect anything offensive although I only rolled through two messages it seemed the person was coming from a good place,Positive content,Personal opinions and thoughts,unit,,,,,Wed Sep 02 2026 19:11:39 GMT+0000 (Coordinated Universal Time),4,4.03,8.789,Do not suspend,43152,0.25,ai,2,3b6045,a37571ff-8f28-4459-935f-08b72087e111
1,round 1,subham,a37571ff-8f28-4459-935f-08b72087e111::4,I did not detect anything offensive although I only rolled through two messages it seemed the person was coming from a good place,Justifications,Not too offensive,unit,,,,,Wed Sep 02 2026 19:11:18 GMT+0000 (Coordinated Universal Time),4,4.03,8.789,Do not suspend,43152,0.25,ai,2,3b6045,a37571ff-8f28-4459-935f-08b72087e111
1,round 1,subham,a37571ff-8f28-4459-935f-08b72087e111::4,I did not detect anything offensive although I only rolled through two messages it seemed the person was coming from a good place,Reflection on the decision,Not offensive at all,unit,,,,,Wed Sep 02 2026 19:11:32 GMT+0000 (Coordinated Universal Time),4,4.03,8.789,Do not suspend,43152,0.25,ai,2,3b6045,a37571ff-8f28-4459-935f-08b72087e111
1,round 1,subham,a49a0d6f-ac15-4e67-a8ed-1d0a155bf7cc::2,Death threats and harmful language,Type of offensiveness,Hate speech and offensive language,unit,,,,,Tue Sep 01 2026 17:27:16 GMT+0000 (Coordinated Universal Time),2,5,3.466,Suspend,31452,0.75,ai,5,5b7732,a49a0d6f-ac15-4e67-a8ed-1d0a155bf7cc
1,round 1,subham,a49a0d6f-ac15-4e67-a8ed-1d0a155bf7cc::2,Death threats and harmful language,Type of offensiveness,Death wish,span,0,34,Death threats and harmful language,,Tue Sep 01 2026 17:27:14 GMT+0000 (Coordinated Universal Time),2,5,3.466,Suspend,31452,0.75,ai,5,5b7732,a49a0d6f-ac15-4e67-a8ed-1d0a155bf7cc
1,round 1,subham,a49a0d6f-ac15-4e67-a8ed-1d0a155bf7cc::3,Hate speech and harmful language,Type of offensiveness,Hate speech and offensive language,span,0,32,Hate speech and harmful language,,Wed Sep 02 2026 19:03:01 GMT+0000 (Coordinated Universal Time),3,3.03,7.666,Suspend,31452,0.5,ai,3,5b7732,a49a0d6f-ac15-4e67-a8ed-1d0a155bf7cc
1,round 1,subham,a5ac73fc-5886-46ff-9721-5919ae1bd1ea::2,Multiple slurs were said and also threatening to kill someone and wishing death upon someone.,Type of offensiveness,Death wish,unit,,,,,Thu Sep 03 2026 19:11:01 GMT+0000 (Coordinated Universal Time),2,5,3.148,Suspend,23514,0.75,crowd,5,85059f,a5ac73fc-5886-46ff-9721-5919ae1bd1ea
1,round 1,subham,a5ac73fc-5886-46ff-9721-5919ae1bd1ea::2,Multiple slurs were said and also threatening to kill someone and wishing death upon someone.,Type of offensiveness,Threats of violence,span,29,93,also threatening to kill someone and wishing death upon someone.,,Thu Sep 03 2026 19:11:00 GMT+0000 (Coordinated Universal Time),2,5,3.148,Suspend,23514,0.75,crowd,5,85059f,a5ac73fc-5886-46ff-9721-5919ae1bd1ea
1,round 1,subham,a5ac73fc-5886-46ff-9721-5919ae1bd1ea::5,Looks like ordinary messages. Nothing wrong here.,Patterns of behavior,Normal behavior,unit,,,,,Tue Sep 01 2026 04:24:00 GMT+0000 (Coordinated Universal Time),5,5,2.929,Do not suspend,23514,0,crowd,8,85059f,a5ac73fc-5886-46ff-9721-5919ae1bd1ea
1,round 1,subham,a69e967a-c238-4245-8091-e518ed2326f6::2,More inflammatory remarks about someone's orientation plus threats of violence should be automatically suspended or a permanent ban. The one off random inoffensive comment doesn't undo all of the vitriol this person is presenting,Decision outcomes,Permanent ban,unit,,,,,Tue Sep 01 2026 15:04:29 GMT+0000 (Coordinated Universal Time),2,3.76,10.693,Suspend,43512,0.75,control,4,b23175,a69e967a-c238-4245-8091-e518ed2326f6
1,round 1,subham,a69e967a-c238-4245-8091-e518ed2326f6::2,More inflammatory remarks about someone's orientation plus threats of violence should be automatically suspended or a permanent ban. The one off random inoffensive comment doesn't undo all of the vitriol this person is presenting,Type of offensiveness,Threats of violence,span,59,132,threats of violence should be automatically suspended or a permanent ban.,,Tue Sep 01 2026 15:04:20 GMT+0000 (Coordinated Universal Time),2,3.76,10.693,Suspend,43512,0.75,control,4,b23175,a69e967a-c238-4245-8091-e518ed2326f6
1,round 1,subham,a7cbb72d-1707-41a6-b769-68c7df9643df::1,They wished death upon people and pets and also used foul and offensive language in nearly every message.,Type of offensiveness,Threats of violence,unit,,,,,Tue Sep 01 2026 18:02:29 GMT+0000 (Coordinated Universal Time),1,5,4.018,Suspend,42513,1,control,7,345608,a7cbb72d-1707-41a6-b769-68c7df9643df
1,round 1,subham,a7cbb72d-1707-41a6-b769-68c7df9643df::1,They wished death upon people and pets and also used foul and offensive language in nearly every message.,Type of offensiveness,Death wish,unit,,,,,Tue Sep 01 2026 18:02:29 GMT+0000 (Coordinated Universal Time),1,5,4.018,Suspend,42513,1,control,7,345608,a7cbb72d-1707-41a6-b769-68c7df9643df
1,round 1,subham,a7cbb72d-1707-41a6-b769-68c7df9643df::1,They wished death upon people and pets and also used foul and offensive language in nearly every message.,Type of offensiveness,derogatory remarks,unit,,,,,Tue Sep 01 2026 18:02:34 GMT+0000 (Coordinated Universal Time),1,5,4.018,Suspend,42513,1,control,7,345608,a7cbb72d-1707-41a6-b769-68c7df9643df
1,round 1,subham,a7cbb72d-1707-41a6-b769-68c7df9643df::3,They are bullying people by making rude and derogatory remarks. Foul and offensive language.,Type of offensiveness,derogatory remarks,span,9,62,bullying people by making rude and derogatory remarks,,Thu Sep 03 2026 17:06:41 GMT+0000 (Coordinated Universal Time),3,5,2.586,Suspend,42513,0.5,control,7,345608,a7cbb72d-1707-41a6-b769-68c7df9643df
1,round 1,subham,a7cbb72d-1707-41a6-b769-68c7df9643df::3,They are bullying people by making rude and derogatory remarks. Foul and offensive language.,Type of offensiveness,Hate speech and offensive language,span,64,92,Foul and offensive language.,,Thu Sep 03 2026 17:06:48 GMT+0000 (Coordinated Universal Time),3,5,2.586,Suspend,42513,0.5,control,7,345608,a7cbb72d-1707-41a6-b769-68c7df9643df
1,round 1,subham,ad582db9-01fb-46c2-af45-c5eb21b93152::3,Hate speech.,Type of offensiveness,Hate speech and offensive language,unit,,,,,Thu Sep 03 2026 18:20:16 GMT+0000 (Coordinated Universal Time),3,4.96,4.198,Suspend,43512,0.5,crowd,1,787c08,ad582db9-01fb-46c2-af45-c5eb21b93152
1,round 1,subham,ad582db9-01fb-46c2-af45-c5eb21b93152::4,Threatened to kill someone and very violent manner.,Type of offensiveness,Threats of violence,unit,,,,,Thu Sep 03 2026 16:04:38 GMT+0000 (Coordinated Universal Time),4,4.49,6.736,Suspend,43512,0.25,crowd,4,787c08,ad582db9-01fb-46c2-af45-c5eb21b93152
1,round 1,subham,ad582db9-01fb-46c2-af45-c5eb21b93152::4,Threatened to kill someone and very violent manner.,Type of offensiveness,Death wish,span,0,26,Threatened to kill someone,,Thu Sep 03 2026 16:04:32 GMT+0000 (Coordinated Universal Time),4,4.49,6.736,Suspend,43512,0.25,crowd,4,787c08,ad582db9-01fb-46c2-af45-c5eb21b93152
1,round 1,subham,aeef090c-83b3-4673-94f4-430f07296bf8::2,Because message was offensive,Type of offensiveness,Hate speech and offensive language,unit,,,,,Tue Sep 01 2026 17:40:08 GMT+0000 (Coordinated Universal Time),2,3.62,5.222,Suspend,53241,0.75,ai,1,72cb99,aeef090c-83b3-4673-94f4-430f07296bf8
1,round 1,subham,aeef090c-83b3-4673-94f4-430f07296bf8::5,Because message was not offensive,Reflection on the decision,Not offensive at all,unit,,,,,Wed Sep 02 2026 19:21:56 GMT+0000 (Coordinated Universal Time),5,3.52,32.666,Do not suspend,53241,0,ai,5,72cb99,aeef090c-83b3-4673-94f4-430f07296bf8
1,round 1,subham,aeef090c-83b3-4673-94f4-430f07296bf8::5,Because message was not offensive,Type of offensiveness,No offensive content,unit,,,,,Wed Sep 02 2026 19:21:48 GMT+0000 (Coordinated Universal Time),5,3.52,32.666,Do not suspend,53241,0,ai,5,72cb99,aeef090c-83b3-4673-94f4-430f07296bf8
1,round 1,subham,af5c7eb6-219e-440f-8cbe-ddd5c7ac14d0::4,This is just normal social media activity for a normal user. Message one is just somebody calling someone out for not having proof of something. Message 2 is just happy.,Patterns of behavior,Normal behavior,unit,,,,,Tue Sep 01 2026 04:24:11 GMT+0000 (Coordinated Universal Time),4,5,5.556,Do not suspend,45132,0.25,crowd,2,84c51d,af5c7eb6-219e-440f-8cbe-ddd5c7ac14d0
1,round 1,subham,af7150ce-c2f5-4d7b-bf72-be3e6e8524b7::5,None of the language used is harmful or offensive. Normal messages.,Patterns of behavior,Normal behavior,unit,,,,,Wed Sep 02 2026 18:27:46 GMT+0000 (Coordinated Universal Time),5,4.82,3.947,Do not suspend,43521,0,crowd,6,b29ddd,af7150ce-c2f5-4d7b-bf72-be3e6e8524b7
1,round 1,subham,b205e39f-34b8-463f-9bcc-9f92f68fad67::4,Tow death threats out of seven posts.  I have a strict policy of not threatening death any more than once every tenth comment. (Common sense here.),Type of offensiveness,Death wish,span,0,36,Tow death threats out of seven posts,,Wed Sep 02 2026 18:27:20 GMT+0000 (Coordinated Universal Time),4,5,5.322,Suspend,25143,0.25,ai,7,adc481,b205e39f-34b8-463f-9bcc-9f92f68fad67
1,round 1,subham,b2e75f28-ca12-40c6-b543-ceff670730e1::2,This person should not only be banned but arrested for making threats as well. This is scary and this person is dangerous.,Decision outcomes,Consequences beyond suspencion,unit,,,,,Tue Sep 01 2026 18:05:01 GMT+0000 (Coordinated Universal Time),2,5,4.04,Suspend,13524,0.75,ai,1,af299e,b2e75f28-ca12-40c6-b543-ceff670730e1
1,round 1,subham,b4f2aceb-f109-4ece-8c52-516dff26824f::2,The user threatened to kill people and used homophobic language; pretty clear suspend situation.,Type of offensiveness,derogatory remarks,unit,,,,,Wed Sep 02 2026 19:13:00 GMT+0000 (Coordinated Universal Time),2,5,1.929,Suspend,13542,0.75,control,2,258265,b4f2aceb-f109-4ece-8c52-516dff26824f
1,round 1,subham,b4f2aceb-f109-4ece-8c52-516dff26824f::2,The user threatened to kill people and used homophobic language; pretty clear suspend situation.,Type of offensiveness,Death wish,span,0,63,The user threatened to kill people and used homophobic language,,Wed Sep 02 2026 19:13:00 GMT+0000 (Coordinated Universal Time),2,5,1.929,Suspend,13542,0.75,control,2,258265,b4f2aceb-f109-4ece-8c52-516dff26824f
1,round 1,subham,b4f2aceb-f109-4ece-8c52-516dff26824f::2,The user threatened to kill people and used homophobic language; pretty clear suspend situation.,Decision outcomes,Permanent ban,span,65,96,pretty clear suspend situation.,,Wed Sep 02 2026 19:13:08 GMT+0000 (Coordinated Universal Time),2,5,1.929,Suspend,13542,0.75,control,2,258265,b4f2aceb-f109-4ece-8c52-516dff26824f
1,round 1,subham,b4f2aceb-f109-4ece-8c52-516dff26824f::4,Looked fine at first but then the user threatened to kill people which obviously would go against all social media TOS...,Type of offensiveness,Death wish,span,34,64,user threatened to kill people,,Tue Sep 01 2026 17:26:46 GMT+0000 (Coordinated Universal Time),4,5,2.503,Suspend,13542,0.25,control,7,258265,b4f2aceb-f109-4ece-8c52-516dff26824f
1,round 1,subham,b63113e4-de0c-4278-a1df-c8c49b7f45ce::3,A whole bunch of nasty words. It all seemed like an attack.,Type of offensiveness,Hate speech and offensive language,unit,,,,,Wed Sep 02 2026 18:02:29 GMT+0000 (Coordinated Universal Time),3,4.92,3.86,Suspend,43521,0.5,control,3,ac1eae,b63113e4-de0c-4278-a1df-c8c49b7f45ce
1,round 1,subham,b63113e4-de0c-4278-a1df-c8c49b7f45ce::3,A whole bunch of nasty words. It all seemed like an attack.,Type of offensiveness,Threats of violence,unit,,,,,Wed Sep 02 2026 18:02:27 GMT+0000 (Coordinated Universal Time),3,4.92,3.86,Suspend,43521,0.5,control,3,ac1eae,b63113e4-de0c-4278-a1df-c8c49b7f45ce
1,round 1,subham,b63113e4-de0c-4278-a1df-c8c49b7f45ce::5,Nothing that was said was rude or an attack.,Type of offensiveness,No offensive content,unit,,,,,Thu Sep 03 2026 17:03:56 GMT+0000 (Coordinated Universal Time),5,4.93,2.544,Do not suspend,43521,0,control,2,ac1eae,b63113e4-de0c-4278-a1df-c8c49b7f45ce
1,round 1,subham,b63113e4-de0c-4278-a1df-c8c49b7f45ce::5,Nothing that was said was rude or an attack.,Reflection on the decision,Not offensive at all,unit,,,,,Thu Sep 03 2026 17:04:01 GMT+0000 (Coordinated Universal Time),5,4.93,2.544,Do not suspend,43521,0,control,2,ac1eae,b63113e4-de0c-4278-a1df-c8c49b7f45ce
1,round 1,subham,b6b0dd0d-1f6d-4ee0-810f-69707200d1b6::1,This is extremely offensive and targeted towards the message receiver.,Type of offensiveness,Extreme offensive,unit,,,,,Tue Sep 01 2026 17:03:10 GMT+0000 (Coordinated Universal Time),1,5,4.811,Suspend,43125,1,ai,1,615c31,b6b0dd0d-1f6d-4ee0-810f-69707200d1b6
1,round 1,subham,b6b0dd0d-1f6d-4ee0-810f-69707200d1b6::3,The message contained very offensive language that was targeted towards someone else.,Type of offensiveness,derogatory remarks,unit,,,,,Tue Sep 01 2026 15:07:42 GMT+0000 (Coordinated Universal Time),3,5,7.134,Suspend,43125,0.5,ai,1,615c31,b6b0dd0d-1f6d-4ee0-810f-69707200d1b6
1,round 1,subham,b6b0dd0d-1f6d-4ee0-810f-69707200d1b6::4,There was nothing wrong or offensive with the message. It was just a general opinion.,Type of offensiveness,No offensive content,span,0,53,There was nothing wrong or offensive with the message,,Thu Sep 03 2026 19:10:19 GMT+0000 (Coordinated Universal Time),4,5,9.373,Do not suspend,43125,0.25,ai,2,615c31,b6b0dd0d-1f6d-4ee0-810f-69707200d1b6
1,round 1,subham,bca2b95f-7226-4f43-82f4-830afcaac965::4,"The first was negative but hardly offensive. The second seems innocent, but following the first it was hard to be sure. The third and seventh should have been enough on their own - looking at them all together and even the non-offensive ones seem off",Patterns of behavior,Mix of offensive and non-offensive,unit,,,,,Tue Sep 01 2026 16:43:47 GMT+0000 (Coordinated Universal Time),4,3.48,5.818,Suspend,35241,0.25,ai,11,c26fc4,bca2b95f-7226-4f43-82f4-830afcaac965
1,round 1,subham,bca2b95f-7226-4f43-82f4-830afcaac965::4,"The first was negative but hardly offensive. The second seems innocent, but following the first it was hard to be sure. The third and seventh should have been enough on their own - looking at them all together and even the non-offensive ones seem off",Patterns of behavior,One-off offensive,span,0,43,The first was negative but hardly offensive,,Tue Sep 01 2026 16:43:20 GMT+0000 (Coordinated Universal Time),4,3.48,5.818,Suspend,35241,0.25,ai,11,c26fc4,bca2b95f-7226-4f43-82f4-830afcaac965
1,round 1,subham,bca2b95f-7226-4f43-82f4-830afcaac965::4,"The first was negative but hardly offensive. The second seems innocent, but following the first it was hard to be sure. The third and seventh should have been enough on their own - looking at them all together and even the non-offensive ones seem off",Reflection on the decision,Expressed uncertainty,span,63,119,"nnocent, but following the first it was hard to be sure.",,Tue Sep 01 2026 16:43:35 GMT+0000 (Coordinated Universal Time),4,3.48,5.818,Suspend,35241,0.25,ai,11,c26fc4,bca2b95f-7226-4f43-82f4-830afcaac965
1,round 1,subham,bd79c313-854a-41ba-9ec5-9258e4002f4c::3,"Again, the name calling is highly derogatory.",Type of offensiveness,derogatory remarks,span,11,45,name calling is highly derogatory.,,Tue Sep 01 2026 17:40:52 GMT+0000 (Coordinated Universal Time),3,4.01,3.456,Suspend,45132,0.5,control,5,6e910b,bd79c313-854a-41ba-9ec5-9258e4002f4c
1,round 1,subham,bd79c313-854a-41ba-9ec5-9258e4002f4c::5,The messages were not offensive in nature and targeted no one.,Type of offensiveness,No offensive content,unit,,,,,Wed Sep 02 2026 18:42:29 GMT+0000 (Coordinated Universal Time),5,3.97,3.651,Do not suspend,45132,0,control,4,6e910b,bd79c313-854a-41ba-9ec5-9258e4002f4c
1,round 1,subham,bedc9a1a-10e3-44c7-bb4d-39124442903c::2,This is a case where someone is being threatened,Type of offensiveness,Threats of violence,unit,,,,,Wed Sep 02 2026 18:25:33 GMT+0000 (Coordinated Universal Time),2,3.99,6.243,Suspend,45213,0.75,crowd,1,4.41E+03,bedc9a1a-10e3-44c7-bb4d-39124442903c
1,round 1,subham,bef3e651-f359-42d6-8fe2-4f5d8679094b::3,The phrase 'dysfunction sexual' indicates to me this person is a troll or a bot from another country that doesn't speak English.,Patterns of behavior,Troll or bot,unit,,,,,Tue Sep 01 2026 03:40:08 GMT+0000 (Coordinated Universal Time),3,3.28,5.152,Suspend,13425,0.5,ai,11,5a86f9,bef3e651-f359-42d6-8fe2-4f5d8679094b
1,round 1,subham,c1c49268-65da-4292-9bf1-aee628702e30::5,positive and thoughtful messages,Patterns of behavior,Normal behavior,unit,,,,,Wed Sep 02 2026 18:02:50 GMT+0000 (Coordinated Universal Time),5,5,5.954,Do not suspend,34251,0,crowd,2,e73c41,c1c49268-65da-4292-9bf1-aee628702e30
1,round 1,subham,c24f2390-4cb5-45d7-85ee-2263bbf61e7c::1,This messages that were presented were all extremely offensive and full of hate. Bigotry and telling someone that they wished they and their dog would die should not be allowed.,Patterns of behavior,Consistent offensive behavior,unit,,,,,Tue Sep 01 2026 05:58:15 GMT+0000 (Coordinated Universal Time),1,5,7.404,Suspend,13254,1,control,3,73b2ff,c24f2390-4cb5-45d7-85ee-2263bbf61e7c
1,round 1,subham,c24f2390-4cb5-45d7-85ee-2263bbf61e7c::1,This messages that were presented were all extremely offensive and full of hate. Bigotry and telling someone that they wished they and their dog would die should not be allowed.,Type of offensiveness,Hate speech and offensive language,span,34,79,were all extremely offensive and full of hate,,Tue Sep 01 2026 05:58:12 GMT+0000 (Coordinated Universal Time),1,5,7.404,Suspend,13254,1,control,3,73b2ff,c24f2390-4cb5-45d7-85ee-2263bbf61e7c
1,round 1,subham,c24f2390-4cb5-45d7-85ee-2263bbf61e7c::1,This messages that were presented were all extremely offensive and full of hate. Bigotry and telling someone that they wished they and their dog would die should not be allowed.,Type of offensiveness,Death wish,span,119,154,wished they and their dog would die,,Tue Sep 01 2026 05:58:24 GMT+0000 (Coordinated Universal Time),1,5,7.404,Suspend,13254,1,control,3,73b2ff,c24f2390-4cb5-45d7-85ee-2263bbf61e7c
1,round 1,subham,c44e69cf-f4f8-49b8-b6bd-dd591e275204::1,Account 3 made offensive and homophobic remarks and should not be able to message or use their acccount.,Decision outcomes,Permanent ban,unit,,,,,Wed Sep 02 2026 18:01:52 GMT+0000 (Coordinated Universal Time),1,5,3.203,Suspend,34152,1,ai,1,71209e,c44e69cf-f4f8-49b8-b6bd-dd591e275204
1,round 1,subham,c44e69cf-f4f8-49b8-b6bd-dd591e275204::1,Account 3 made offensive and homophobic remarks and should not be able to message or use their acccount.,Type of offensiveness,Hate speech and offensive language,span,15,47,offensive and homophobic remarks,,Wed Sep 02 2026 18:02:00 GMT+0000 (Coordinated Universal Time),1,5,3.203,Suspend,34152,1,ai,1,71209e,c44e69cf-f4f8-49b8-b6bd-dd591e275204
1,round 1,subham,c44e69cf-f4f8-49b8-b6bd-dd591e275204::3,Account 1 made extremely offensive remarks that would be classified as verbal assault if said face-to-face in real life.,Patterns of behavior,One-off offensive,unit,,,,,Tue Sep 01 2026 17:00:44 GMT+0000 (Coordinated Universal Time),3,4,4.721,Suspend,34152,0.5,ai,1,71209e,c44e69cf-f4f8-49b8-b6bd-dd591e275204
1,round 1,subham,c502eed5-3043-4005-ac52-38ccd6462739::2,The majority of their posts were offensive and violent. This is a person who should not be on social media.,Patterns of behavior,Consistent offensive behavior,unit,,,,,Thu Sep 03 2026 19:06:22 GMT+0000 (Coordinated Universal Time),2,5,4.82,Suspend,42513,0.75,crowd,4,fdfc56,c502eed5-3043-4005-ac52-38ccd6462739
1,round 1,subham,c502eed5-3043-4005-ac52-38ccd6462739::2,The majority of their posts were offensive and violent. This is a person who should not be on social media.,Decision outcomes,Permanent ban,unit,,,,,Thu Sep 03 2026 19:06:28 GMT+0000 (Coordinated Universal Time),2,5,4.82,Suspend,42513,0.75,crowd,4,fdfc56,c502eed5-3043-4005-ac52-38ccd6462739
1,round 1,subham,c502eed5-3043-4005-ac52-38ccd6462739::2,The majority of their posts were offensive and violent. This is a person who should not be on social media.,Type of offensiveness,Threats of violence,span,0,53,The majority of their posts were offensive and violen,,Thu Sep 03 2026 19:06:20 GMT+0000 (Coordinated Universal Time),2,5,4.82,Suspend,42513,0.75,crowd,4,fdfc56,c502eed5-3043-4005-ac52-38ccd6462739
1,round 1,subham,c527f981-4f55-4b7c-a648-27d8a79facb1::2,"Not only did account 3 use slurs, but they also threaten another user with lethal violence and admit to committing a crime.",Type of offensiveness,Threats of violence,span,48,90,threaten another user with lethal violence,,Wed Sep 02 2026 18:39:07 GMT+0000 (Coordinated Universal Time),2,5,3.318,Suspend,53214,0.75,ai,2,fedb6a,c527f981-4f55-4b7c-a648-27d8a79facb1
1,round 1,subham,c5c9cae2-2617-48fa-adb7-c0e822b8b5ff::1,"Account 5 contains nothing but hurtful and suicidal comments that have only the intent to harm someone's psyche.

Message 2: ""Your dog deserves to die like the stupid dog he is. Where is the death when we need it?"" Is the most hurtful of them all.",Type of offensiveness,Death wish,unit,,,,,Tue Sep 01 2026 15:17:29 GMT+0000 (Coordinated Universal Time),1,5,6.383,Suspend,35241,1,control,5,cda2dd,c5c9cae2-2617-48fa-adb7-c0e822b8b5ff
1,round 1,subham,c5c9cae2-2617-48fa-adb7-c0e822b8b5ff::1,"Account 5 contains nothing but hurtful and suicidal comments that have only the intent to harm someone's psyche.

Message 2: ""Your dog deserves to die like the stupid dog he is. Where is the death when we need it?"" Is the most hurtful of them all.",Type of offensiveness,Hate speech and offensive language,unit,,,,,Tue Sep 01 2026 15:17:20 GMT+0000 (Coordinated Universal Time),1,5,6.383,Suspend,35241,1,control,5,cda2dd,c5c9cae2-2617-48fa-adb7-c0e822b8b5ff
1,round 1,subham,c5c9cae2-2617-48fa-adb7-c0e822b8b5ff::1,"Account 5 contains nothing but hurtful and suicidal comments that have only the intent to harm someone's psyche.

Message 2: ""Your dog deserves to die like the stupid dog he is. Where is the death when we need it?"" Is the most hurtful of them all.",Patterns of behavior,Consistent offensive behavior,span,126,176,Your dog deserves to die like the stupid dog he is,,Tue Sep 01 2026 15:17:51 GMT+0000 (Coordinated Universal Time),1,5,6.383,Suspend,35241,1,control,5,cda2dd,c5c9cae2-2617-48fa-adb7-c0e822b8b5ff
1,round 1,subham,c5c9cae2-2617-48fa-adb7-c0e822b8b5ff::3,"Account 1 has a history of insulting others with profanity and vulgar slurs. In message 1, the account calls someone a faggot and writes their opinion in the most unprofessional manner.

In Message 3, the account insults and bullies someone's family.",Type of offensiveness,Extreme offensive,unit,,,,,Wed Sep 02 2026 19:25:41 GMT+0000 (Coordinated Universal Time),3,5,7.336,Suspend,35241,0.5,control,3,cda2dd,c5c9cae2-2617-48fa-adb7-c0e822b8b5ff
1,round 1,subham,c5c9cae2-2617-48fa-adb7-c0e822b8b5ff::3,"Account 1 has a history of insulting others with profanity and vulgar slurs. In message 1, the account calls someone a faggot and writes their opinion in the most unprofessional manner.

In Message 3, the account insults and bullies someone's family.",Type of offensiveness,derogatory remarks,span,27,75,insulting others with profanity and vulgar slurs,,Wed Sep 02 2026 19:25:40 GMT+0000 (Coordinated Universal Time),3,5,7.336,Suspend,35241,0.5,control,3,cda2dd,c5c9cae2-2617-48fa-adb7-c0e822b8b5ff
1,round 1,subham,c5c9cae2-2617-48fa-adb7-c0e822b8b5ff::3,"Account 1 has a history of insulting others with profanity and vulgar slurs. In message 1, the account calls someone a faggot and writes their opinion in the most unprofessional manner.

In Message 3, the account insults and bullies someone's family.",Type of offensiveness,derogatory remarks,span,103,125,calls someone a faggot,,Wed Sep 02 2026 19:25:52 GMT+0000 (Coordinated Universal Time),3,5,7.336,Suspend,35241,0.5,control,3,cda2dd,c5c9cae2-2617-48fa-adb7-c0e822b8b5ff
1,round 1,subham,c696dd17-c9c8-4a83-a608-28fd47b94dd5::3,The user uses inappropriate language and is extremely rude and uses harmful words directed at people.,Type of offensiveness,derogatory remarks,span,0,36,The user uses inappropriate language,,Thu Sep 03 2026 19:00:46 GMT+0000 (Coordinated Universal Time),3,5,3.372,Suspend,45132,0.5,crowd,5,f827e3,c696dd17-c9c8-4a83-a608-28fd47b94dd5
1,round 1,subham,c696dd17-c9c8-4a83-a608-28fd47b94dd5::3,The user uses inappropriate language and is extremely rude and uses harmful words directed at people.,Type of offensiveness,Extreme offensive,span,44,101,extremely rude and uses harmful words directed at people.,,Thu Sep 03 2026 19:00:58 GMT+0000 (Coordinated Universal Time),3,5,3.372,Suspend,45132,0.5,crowd,5,f827e3,c696dd17-c9c8-4a83-a608-28fd47b94dd5
1,round 1,subham,c6eef4ea-2f4a-40a5-9dc1-5aed7039ab2d::1,I decided to suspend because the F word is really a hate crime word and wishing death on someone is not a very nice thing to do. the tongue is a powerful tool,Type of offensiveness,Death wish,unit,,,,,Thu Sep 03 2026 17:02:25 GMT+0000 (Coordinated Universal Time),1,4.01,4.782,Suspend,23541,1,ai,1,9a6580,c6eef4ea-2f4a-40a5-9dc1-5aed7039ab2d
1,round 1,subham,c6eef4ea-2f4a-40a5-9dc1-5aed7039ab2d::1,I decided to suspend because the F word is really a hate crime word and wishing death on someone is not a very nice thing to do. the tongue is a powerful tool,Decision outcomes,Permanent ban,span,0,39,I decided to suspend because the F word,,Thu Sep 03 2026 17:02:16 GMT+0000 (Coordinated Universal Time),1,4.01,4.782,Suspend,23541,1,ai,1,9a6580,c6eef4ea-2f4a-40a5-9dc1-5aed7039ab2d
1,round 1,subham,c6eef4ea-2f4a-40a5-9dc1-5aed7039ab2d::1,I decided to suspend because the F word is really a hate crime word and wishing death on someone is not a very nice thing to do. the tongue is a powerful tool,Type of offensiveness,Hate speech and offensive language,span,52,85,hate crime word and wishing death,,Thu Sep 03 2026 17:02:25 GMT+0000 (Coordinated Universal Time),1,4.01,4.782,Suspend,23541,1,ai,1,9a6580,c6eef4ea-2f4a-40a5-9dc1-5aed7039ab2d
1,round 1,subham,c6eef4ea-2f4a-40a5-9dc1-5aed7039ab2d::1,I decided to suspend because the F word is really a hate crime word and wishing death on someone is not a very nice thing to do. the tongue is a powerful tool,Type of offensiveness,Extreme offensive,span,129,158,the tongue is a powerful tool,,Thu Sep 03 2026 17:02:33 GMT+0000 (Coordinated Universal Time),1,4.01,4.782,Suspend,23541,1,ai,1,9a6580,c6eef4ea-2f4a-40a5-9dc1-5aed7039ab2d
1,round 1,subham,c6eef4ea-2f4a-40a5-9dc1-5aed7039ab2d::5,don't recommend to suspend because basically the message is saying that if it wasnt for these great people they idea wouldnt be where it is today,Positive content,Personal opinions and thoughts,unit,,,,,Wed Sep 02 2026 18:23:17 GMT+0000 (Coordinated Universal Time),5,4.98,4.509,Do not suspend,23541,0,ai,1,9a6580,c6eef4ea-2f4a-40a5-9dc1-5aed7039ab2d
1,round 1,subham,c6f200db-4b69-4f98-9f7e-6233387c570b::4,Anyone who puts into print that they will kill is unstable and scary.  The other 5 messages don't erase this,Type of offensiveness,Death wish,span,32,46,they will kill,,Thu Sep 03 2026 16:05:21 GMT+0000 (Coordinated Universal Time),4,5,5.135,Suspend,52143,0.25,crowd,7,6ec826,c6f200db-4b69-4f98-9f7e-6233387c570b
1,round 1,subham,cb472703-21d2-478b-9176-6c5e4e3609cc::4,Potential of causing online harassment with the way the account owner writes.,Patterns of behavior,Consistent offensive behavior,unit,,,,,Wed Sep 02 2026 18:22:23 GMT+0000 (Coordinated Universal Time),4,5,5.177,Suspend,35421,0.25,control,3,a0fe49,cb472703-21d2-478b-9176-6c5e4e3609cc
1,round 1,subham,cba4cf31-c885-4ce4-b1f4-8eafe6b74168::5,None of the messages I read from this account included anything that could be deemed as offensive.,Type of offensiveness,No offensive content,unit,,,,,Thu Sep 03 2026 18:20:55 GMT+0000 (Coordinated Universal Time),5,4.95,3.954,Do not suspend,52341,0,crowd,3,61cd91,cba4cf31-c885-4ce4-b1f4-8eafe6b74168
1,round 1,subham,cba4cf31-c885-4ce4-b1f4-8eafe6b74168::5,None of the messages I read from this account included anything that could be deemed as offensive.,Reflection on the decision,Not offensive at all,unit,,,,,Thu Sep 03 2026 18:21:03 GMT+0000 (Coordinated Universal Time),5,4.95,3.954,Do not suspend,52341,0,crowd,3,61cd91,cba4cf31-c885-4ce4-b1f4-8eafe6b74168
1,round 1,subham,cba4cf31-c885-4ce4-b1f4-8eafe6b74168::5,None of the messages I read from this account included anything that could be deemed as offensive.,Justifications,Not too offensive,unit,,,,,Thu Sep 03 2026 18:21:01 GMT+0000 (Coordinated Universal Time),5,4.95,3.954,Do not suspend,52341,0,crowd,3,61cd91,cba4cf31-c885-4ce4-b1f4-8eafe6b74168
1,round 1,subham,cd5ebfe6-0aa8-4fb0-a702-45fb61be1ae2::3,majority of comments were offensive,Patterns of behavior,Majority offesnive,unit,,,,,Thu Sep 03 2026 16:03:58 GMT+0000 (Coordinated Universal Time),3,5,3.672,Suspend,45132,0.5,crowd,5,6a2b0c,cd5ebfe6-0aa8-4fb0-a702-45fb61be1ae2
1,round 1,subham,cf6112f1-e280-46e9-acf6-00f7d2f5077f::3,My vote on this was because the hate and threats were more than other non offensive talks in the account,Type of offensiveness,Threats of violence,unit,,,,,Wed Sep 02 2026 19:07:45 GMT+0000 (Coordinated Universal Time),3,4.06,7.096,Suspend,21354,0.5,ai,5,3a1bee,cf6112f1-e280-46e9-acf6-00f7d2f5077f
1,round 1,subham,cf6112f1-e280-46e9-acf6-00f7d2f5077f::3,My vote on this was because the hate and threats were more than other non offensive talks in the account,Type of offensiveness,Hate speech and offensive language,span,32,58,hate and threats were more,,Wed Sep 02 2026 19:07:43 GMT+0000 (Coordinated Universal Time),3,4.06,7.096,Suspend,21354,0.5,ai,5,3a1bee,cf6112f1-e280-46e9-acf6-00f7d2f5077f
1,round 1,subham,cf6112f1-e280-46e9-acf6-00f7d2f5077f::5,There was nothing offensive about this account,Type of offensiveness,No offensive content,unit,,,,,Tue Sep 01 2026 15:20:33 GMT+0000 (Coordinated Universal Time),5,5,3.894,Do not suspend,21354,0,ai,2,3a1bee,cf6112f1-e280-46e9-acf6-00f7d2f5077f
1,round 1,subham,d00d109f-0e94-4f8a-90d8-42ef0a3a705d::3,It was not all that harsh,Type of offensiveness,No offensive content,unit,,,,,Wed Sep 02 2026 18:40:20 GMT+0000 (Coordinated Universal Time),3,3.25,7.729,Do not suspend,54231,0.5,ai,1,e124c5,d00d109f-0e94-4f8a-90d8-42ef0a3a705d
1,round 1,subham,d09c6cc3-af3c-41a7-8229-c278723445b0::1,Wishing death upon people is offensive.,Type of offensiveness,Death wish,unit,,,,,Thu Sep 03 2026 18:43:54 GMT+0000 (Coordinated Universal Time),1,5,3.462,Suspend,43125,1,control,1,195b5d,d09c6cc3-af3c-41a7-8229-c278723445b0
1,round 1,subham,d1084a51-d2f4-4864-a54b-2882426d105c::3,there was insult in the message,Type of offensiveness,derogatory remarks,unit,,,,,Thu Sep 03 2026 18:20:47 GMT+0000 (Coordinated Universal Time),3,5,7.609,Suspend,12534,0.5,ai,1,877e5e,d1084a51-d2f4-4864-a54b-2882426d105c
1,round 1,subham,d677597c-d652-46bf-9cb2-a6bc6b57c401::3,suspend,Decision outcomes,Permanent ban,unit,,,,,Thu Sep 03 2026 18:40:09 GMT+0000 (Coordinated Universal Time),3,3.13,4.556,Do not suspend,24315,0.5,ai,1,1c1154,d677597c-d652-46bf-9cb2-a6bc6b57c401
1,round 1,subham,d779ac11-4118-4ccc-b842-051b96c6e4f7::3,Homophobic and offensive language,Type of offensiveness,Hate speech and offensive language,unit,,,,,Tue Sep 01 2026 17:27:24 GMT+0000 (Coordinated Universal Time),3,5,2.742,Suspend,41235,0.5,ai,3,9da821,d779ac11-4118-4ccc-b842-051b96c6e4f7
1,round 1,subham,d7a57288-ab65-46bf-a376-66f7eb2be30b::4,"Threatening messages and using slurs is not tolerated even if the other messages were considered ""not offensive"".",Decision outcomes,Permanent ban,unit,,,,,Thu Sep 03 2026 18:57:55 GMT+0000 (Coordinated Universal Time),4,5,6.25,Suspend,41523,0.25,crowd,3,bcde7e,d7a57288-ab65-46bf-a376-66f7eb2be30b
1,round 1,subham,d7a57288-ab65-46bf-a376-66f7eb2be30b::4,"Threatening messages and using slurs is not tolerated even if the other messages were considered ""not offensive"".",Type of offensiveness,Threats of violence,span,0,53,Threatening messages and using slurs is not tolerated,,Thu Sep 03 2026 18:57:49 GMT+0000 (Coordinated Universal Time),4,5,6.25,Suspend,41523,0.25,crowd,3,bcde7e,d7a57288-ab65-46bf-a376-66f7eb2be30b
1,round 1,subham,d7a57288-ab65-46bf-a376-66f7eb2be30b::5,There is no evidence of anything offensive or harmful in meaning that I could see.,Patterns of behavior,Normal behavior,unit,,,,,Tue Sep 01 2026 15:04:54 GMT+0000 (Coordinated Universal Time),5,4.9,3.476,Do not suspend,41523,0,crowd,4,bcde7e,d7a57288-ab65-46bf-a376-66f7eb2be30b
1,round 1,subham,d7a83ebf-ff90-45ee-946f-bf3053a6cda0::5,"I went through 6 messages and none were offensive. However, I wish I had chosen to not suspend the account with a confidence of 4 because I don't know what other potential messages could've said.",Type of offensiveness,No offensive content,span,15,49,6 messages and none were offensive,,Tue Sep 01 2026 05:55:50 GMT+0000 (Coordinated Universal Time),5,5,5.286,Do not suspend,45321,0,control,6,cd2ce0,d7a83ebf-ff90-45ee-946f-bf3053a6cda0
1,round 1,subham,d7a83ebf-ff90-45ee-946f-bf3053a6cda0::5,"I went through 6 messages and none were offensive. However, I wish I had chosen to not suspend the account with a confidence of 4 because I don't know what other potential messages could've said.",Reflection on the decision,Needed to look at more messages,span,138,189,I don't know what other potential messages could've,,Tue Sep 01 2026 05:56:09 GMT+0000 (Coordinated Universal Time),5,5,5.286,Do not suspend,45321,0,control,6,cd2ce0,d7a83ebf-ff90-45ee-946f-bf3053a6cda0
1,round 1,subham,dae5d879-459a-4032-b74b-dcfe82741929::1,"Wishing death upon people or animals is not acceptable behavior, and he is a bigot to boot.",Type of offensiveness,Death wish,unit,,,,,Thu Sep 03 2026 18:43:22 GMT+0000 (Coordinated Universal Time),1,5,3.825,Suspend,21354,1,ai,2,518a62,dae5d879-459a-4032-b74b-dcfe82741929
1,round 1,subham,dae5d879-459a-4032-b74b-dcfe82741929::2,Threatening violence or encouraging suicide should be the grounds of a suspension.,Type of offensiveness,Death wish,unit,,,,,Wed Sep 02 2026 18:22:47 GMT+0000 (Coordinated Universal Time),2,5,3.516,Suspend,21354,0.75,ai,5,518a62,dae5d879-459a-4032-b74b-dcfe82741929
1,round 1,subham,dae5d879-459a-4032-b74b-dcfe82741929::2,Threatening violence or encouraging suicide should be the grounds of a suspension.,Type of offensiveness,Threats of violence,unit,,,,,Wed Sep 02 2026 18:22:43 GMT+0000 (Coordinated Universal Time),2,5,3.516,Suspend,21354,0.75,ai,5,518a62,dae5d879-459a-4032-b74b-dcfe82741929
1,round 1,subham,de8e7b52-f7f9-4b40-ab8e-49d465559c62::3,Homophobic remark and making fun of the mentally handicapped.,Type of offensiveness,derogatory remarks,unit,,,,,Wed Sep 02 2026 18:27:39 GMT+0000 (Coordinated Universal Time),3,5,3.346,Suspend,14253,0.5,control,6,6b430a,de8e7b52-f7f9-4b40-ab8e-49d465559c62
1,round 1,subham,de8e7b52-f7f9-4b40-ab8e-49d465559c62::4,I didn't see anything offensive in these.,Type of offensiveness,No offensive content,unit,,,,,Tue Sep 01 2026 16:52:25 GMT+0000 (Coordinated Universal Time),4,5,4.464,Do not suspend,14253,0.25,control,2,6b430a,de8e7b52-f7f9-4b40-ab8e-49d465559c62
1,round 1,subham,e00c38ec-0c24-4ca1-b8bf-9228303ec39a::1,This account needs to be suspended because they are saying offensive and hateful words. Multiple sentences of offensive speech were used.,Decision outcomes,Permanent ban,span,0,34,This account needs to be suspended,,Wed Sep 02 2026 19:10:16 GMT+0000 (Coordinated Universal Time),1,5,8.7,Suspend,13425,1,crowd,1,a7e868,e00c38ec-0c24-4ca1-b8bf-9228303ec39a
1,round 1,subham,e00c38ec-0c24-4ca1-b8bf-9228303ec39a::1,This account needs to be suspended because they are saying offensive and hateful words. Multiple sentences of offensive speech were used.,Type of offensiveness,Hate speech and offensive language,span,52,87,saying offensive and hateful words.,,Wed Sep 02 2026 19:09:58 GMT+0000 (Coordinated Universal Time),1,5,8.7,Suspend,13425,1,crowd,1,a7e868,e00c38ec-0c24-4ca1-b8bf-9228303ec39a
1,round 1,subham,e00c38ec-0c24-4ca1-b8bf-9228303ec39a::1,This account needs to be suspended because they are saying offensive and hateful words. Multiple sentences of offensive speech were used.,Type of offensiveness,Hate speech and offensive language,span,88,137,Multiple sentences of offensive speech were used.,,Wed Sep 02 2026 19:10:04 GMT+0000 (Coordinated Universal Time),1,5,8.7,Suspend,13425,1,crowd,1,a7e868,e00c38ec-0c24-4ca1-b8bf-9228303ec39a
1,round 1,subham,e085b63a-4193-4860-a0ed-50cab0931043::2,use of slurs and threats,Type of offensiveness,Threats of violence,unit,,,,,Wed Sep 02 2026 19:23:26 GMT+0000 (Coordinated Universal Time),2,3.98,5.35,Suspend,12345,0.75,control,9,6f65a1,e085b63a-4193-4860-a0ed-50cab0931043
1,round 1,subham,e085b63a-4193-4860-a0ed-50cab0931043::3,use of slurs and threats,Type of offensiveness,Threats of violence,unit,,,,,Thu Sep 03 2026 18:19:43 GMT+0000 (Coordinated Universal Time),3,4.41,10.792,Suspend,12345,0.5,control,3,6f65a1,e085b63a-4193-4860-a0ed-50cab0931043
1,round 1,subham,e1155a7e-7ace-4083-adcf-27d2ae8bdd4c::1,this person is using derogatory and demeaning phrases which is never okay. any sort of death threats should not be taking lightly no matter what's the case.,Type of offensiveness,Threats of violence,unit,,,,,Wed Sep 02 2026 19:25:16 GMT+0000 (Coordinated Universal Time),1,5,7.07,Suspend,52134,1,control,8,7caa1a,e1155a7e-7ace-4083-adcf-27d2ae8bdd4c
1,round 1,subham,e1155a7e-7ace-4083-adcf-27d2ae8bdd4c::1,this person is using derogatory and demeaning phrases which is never okay. any sort of death threats should not be taking lightly no matter what's the case.,Type of offensiveness,derogatory remarks,span,21,73,derogatory and demeaning phrases which is never okay,,Wed Sep 02 2026 19:25:06 GMT+0000 (Coordinated Universal Time),1,5,7.07,Suspend,52134,1,control,8,7caa1a,e1155a7e-7ace-4083-adcf-27d2ae8bdd4c
1,round 1,subham,e1155a7e-7ace-4083-adcf-27d2ae8bdd4c::1,this person is using derogatory and demeaning phrases which is never okay. any sort of death threats should not be taking lightly no matter what's the case.,Type of offensiveness,Death wish,span,87,100,death threats,,Wed Sep 02 2026 19:25:13 GMT+0000 (Coordinated Universal Time),1,5,7.07,Suspend,52134,1,control,8,7caa1a,e1155a7e-7ace-4083-adcf-27d2ae8bdd4c
1,round 1,subham,e1155a7e-7ace-4083-adcf-27d2ae8bdd4c::3,clear racism and family death threats and name calling. all things that should be considered being banned from any social media platforms and looked into for therapy.,Decision outcomes,Consequences beyond suspencion,unit,,,,,Wed Sep 02 2026 19:18:35 GMT+0000 (Coordinated Universal Time),3,3.62,5.971,Suspend,52134,0.5,control,13,7caa1a,e1155a7e-7ace-4083-adcf-27d2ae8bdd4c
1,round 1,subham,e1155a7e-7ace-4083-adcf-27d2ae8bdd4c::3,clear racism and family death threats and name calling. all things that should be considered being banned from any social media platforms and looked into for therapy.,Type of offensiveness,racial remark,span,0,12,clear racism,,Wed Sep 02 2026 19:18:18 GMT+0000 (Coordinated Universal Time),3,3.62,5.971,Suspend,52134,0.5,control,13,7caa1a,e1155a7e-7ace-4083-adcf-27d2ae8bdd4c
1,round 1,subham,e1155a7e-7ace-4083-adcf-27d2ae8bdd4c::3,clear racism and family death threats and name calling. all things that should be considered being banned from any social media platforms and looked into for therapy.,Type of offensiveness,Death wish,span,17,54,family death threats and name calling,,Wed Sep 02 2026 19:18:24 GMT+0000 (Coordinated Universal Time),3,3.62,5.971,Suspend,52134,0.5,control,13,7caa1a,e1155a7e-7ace-4083-adcf-27d2ae8bdd4c
1,round 1,subham,e1155a7e-7ace-4083-adcf-27d2ae8bdd4c::3,clear racism and family death threats and name calling. all things that should be considered being banned from any social media platforms and looked into for therapy.,Decision outcomes,Permanent ban,span,56,166,all things that should be considered being banned from any social media platforms and looked into for therapy.,,Wed Sep 02 2026 19:18:34 GMT+0000 (Coordinated Universal Time),3,3.62,5.971,Suspend,52134,0.5,control,13,7caa1a,e1155a7e-7ace-4083-adcf-27d2ae8bdd4c
1,round 1,subham,e1155a7e-7ace-4083-adcf-27d2ae8bdd4c::5,He/she are just projecting their own views and not bashing or using vulgar language in the process or threatening anyone.,Patterns of behavior,Normal behavior,unit,,,,,Tue Sep 01 2026 18:04:30 GMT+0000 (Coordinated Universal Time),5,4.84,10.599,Do not suspend,52134,0,control,5,7caa1a,e1155a7e-7ace-4083-adcf-27d2ae8bdd4c
1,round 1,subham,e12acac9-85cf-4d27-8cfe-574a2ebf661e::5,that was appreciative statement rather,Positive content,Personal opinions and thoughts,unit,,,,,Wed Sep 02 2026 19:26:28 GMT+0000 (Coordinated Universal Time),5,5,6.827,Do not suspend,13245,0,control,1,b616f6,e12acac9-85cf-4d27-8cfe-574a2ebf661e
1,round 1,subham,e2fa081b-c814-43a8-8f96-e17d35139c28::5,"This person seems genuine and normal. Didn't go all the way through too many messages, but they seemed consistently reasonable.",Positive content,Calm and thoughtful,span,0,36,This person seems genuine and normal,,Thu Sep 03 2026 16:05:00 GMT+0000 (Coordinated Universal Time),5,4.54,6.743,Do not suspend,24531,0,ai,7,6ff5fc,e2fa081b-c814-43a8-8f96-e17d35139c28
1,round 1,subham,e2fa081b-c814-43a8-8f96-e17d35139c28::5,"This person seems genuine and normal. Didn't go all the way through too many messages, but they seemed consistently reasonable.",Patterns of behavior,Normal behavior,span,87,127,but they seemed consistently reasonable.,,Thu Sep 03 2026 16:05:09 GMT+0000 (Coordinated Universal Time),5,4.54,6.743,Do not suspend,24531,0,ai,7,6ff5fc,e2fa081b-c814-43a8-8f96-e17d35139c28
1,round 1,subham,e333043d-2079-4f68-aab0-a60fa33898ff::2,"User posted a lot of violent and homophobic comments, talked about killing people a lot, and made offensive statements about women.",Type of offensiveness,Extreme offensive,unit,,,,,Wed Sep 02 2026 18:44:18 GMT+0000 (Coordinated Universal Time),2,5,3.594,Suspend,31524,0.75,ai,9,65b2c8,e333043d-2079-4f68-aab0-a60fa33898ff
1,round 1,subham,e333043d-2079-4f68-aab0-a60fa33898ff::2,"User posted a lot of violent and homophobic comments, talked about killing people a lot, and made offensive statements about women.",Type of offensiveness,derogatory remarks,unit,,,,,Wed Sep 02 2026 18:43:54 GMT+0000 (Coordinated Universal Time),2,5,3.594,Suspend,31524,0.75,ai,9,65b2c8,e333043d-2079-4f68-aab0-a60fa33898ff
1,round 1,subham,e333043d-2079-4f68-aab0-a60fa33898ff::2,"User posted a lot of violent and homophobic comments, talked about killing people a lot, and made offensive statements about women.",Type of offensiveness,Hate speech and offensive language,span,5,52,posted a lot of violent and homophobic comments,,Wed Sep 02 2026 18:43:53 GMT+0000 (Coordinated Universal Time),2,5,3.594,Suspend,31524,0.75,ai,9,65b2c8,e333043d-2079-4f68-aab0-a60fa33898ff
1,round 1,subham,e333043d-2079-4f68-aab0-a60fa33898ff::2,"User posted a lot of violent and homophobic comments, talked about killing people a lot, and made offensive statements about women.",Type of offensiveness,Death wish,span,61,87,about killing people a lot,,Wed Sep 02 2026 18:44:00 GMT+0000 (Coordinated Universal Time),2,5,3.594,Suspend,31524,0.75,ai,9,65b2c8,e333043d-2079-4f68-aab0-a60fa33898ff
1,round 1,subham,e333043d-2079-4f68-aab0-a60fa33898ff::3,"This user posted several offensive comments, and used homophobic slurs multiple times. User also insulted someone's family. User also made racist comments.",Patterns of behavior,Consistent offensive behavior,span,10,43,posted several offensive comments,,Wed Sep 02 2026 18:38:38 GMT+0000 (Coordinated Universal Time),3,5,4.429,Suspend,31524,0.5,ai,7,65b2c8,e333043d-2079-4f68-aab0-a60fa33898ff
1,round 1,subham,e333043d-2079-4f68-aab0-a60fa33898ff::3,"This user posted several offensive comments, and used homophobic slurs multiple times. User also insulted someone's family. User also made racist comments.",Type of offensiveness,derogatory remarks,span,49,85,used homophobic slurs multiple times,,Wed Sep 02 2026 18:38:42 GMT+0000 (Coordinated Universal Time),3,5,4.429,Suspend,31524,0.5,ai,7,65b2c8,e333043d-2079-4f68-aab0-a60fa33898ff
1,round 1,subham,e333043d-2079-4f68-aab0-a60fa33898ff::3,"This user posted several offensive comments, and used homophobic slurs multiple times. User also insulted someone's family. User also made racist comments.",Type of offensiveness,racial remark,span,124,155,User also made racist comments.,,Wed Sep 02 2026 18:38:48 GMT+0000 (Coordinated Universal Time),3,5,4.429,Suspend,31524,0.5,ai,7,65b2c8,e333043d-2079-4f68-aab0-a60fa33898ff
1,round 1,subham,e4ebb012-15e4-4c20-b68a-77be9761cb21::3,"While they did have one post that wasn't offensive, the other ones negated the one.",Patterns of behavior,One-off offensive,span,0,50,While they did have one post that wasn't offensive,,Thu Sep 03 2026 18:58:38 GMT+0000 (Coordinated Universal Time),3,5,3.26,Suspend,25341,0.5,control,3,cea256,e4ebb012-15e4-4c20-b68a-77be9761cb21
1,round 1,subham,e5aac9cd-6015-4636-92c1-78d14a5ac996::3,They had multiple messages where they were attacking the person they were messaging. The attacks use slurs and words that are just straight up wrong to use in any situation.,Type of offensiveness,Threats of violence,unit,,,,,Tue Sep 01 2026 15:09:01 GMT+0000 (Coordinated Universal Time),3,4.01,5.092,Suspend,35214,0.5,crowd,3,757572,e5aac9cd-6015-4636-92c1-78d14a5ac996
1,round 1,subham,e5aac9cd-6015-4636-92c1-78d14a5ac996::3,They had multiple messages where they were attacking the person they were messaging. The attacks use slurs and words that are just straight up wrong to use in any situation.,Type of offensiveness,derogatory remarks,span,43,83,attacking the person they were messaging,,Tue Sep 01 2026 15:09:12 GMT+0000 (Coordinated Universal Time),3,4.01,5.092,Suspend,35214,0.5,crowd,3,757572,e5aac9cd-6015-4636-92c1-78d14a5ac996
1,round 1,subham,e5aac9cd-6015-4636-92c1-78d14a5ac996::4,"There was one message that was offensive, but the rest of them are normal. If there was one more offensive message, I would have chosen to suspend.",Patterns of behavior,One-off offensive,span,0,73,"There was one message that was offensive, but the rest of them are normal",,Thu Sep 03 2026 18:20:00 GMT+0000 (Coordinated Universal Time),4,4.86,2.623,Do not suspend,35214,0.25,crowd,6,757572,e5aac9cd-6015-4636-92c1-78d14a5ac996
1,round 1,subham,e5aac9cd-6015-4636-92c1-78d14a5ac996::4,"There was one message that was offensive, but the rest of them are normal. If there was one more offensive message, I would have chosen to suspend.",Decision outcomes,Ban if behavior continues,span,88,147,"one more offensive message, I would have chosen to suspend.",,Thu Sep 03 2026 18:20:11 GMT+0000 (Coordinated Universal Time),4,4.86,2.623,Do not suspend,35214,0.25,crowd,6,757572,e5aac9cd-6015-4636-92c1-78d14a5ac996
1,round 1,subham,e5b2be47-24f1-4922-b2a2-35d22ecf9e03::3,"Account 2 used multiple slurs and made racist remarks. Despite some messages being ok, the slurs are grounds for at least suspension.",Type of offensiveness,Hate speech and offensive language,unit,,,,,Tue Sep 01 2026 18:04:39 GMT+0000 (Coordinated Universal Time),3,4,8.609,Suspend,53124,0.5,ai,9,5a7557,e5b2be47-24f1-4922-b2a2-35d22ecf9e03
1,round 1,subham,e5b2be47-24f1-4922-b2a2-35d22ecf9e03::3,"Account 2 used multiple slurs and made racist remarks. Despite some messages being ok, the slurs are grounds for at least suspension.",Type of offensiveness,derogatory remarks,span,0,54,Account 2 used multiple slurs and made racist remarks.,,Tue Sep 01 2026 18:04:38 GMT+0000 (Coordinated Universal Time),3,4,8.609,Suspend,53124,0.5,ai,9,5a7557,e5b2be47-24f1-4922-b2a2-35d22ecf9e03
1,round 1,subham,e5b2be47-24f1-4922-b2a2-35d22ecf9e03::3,"Account 2 used multiple slurs and made racist remarks. Despite some messages being ok, the slurs are grounds for at least suspension.",Decision outcomes,Temporary suspension,span,87,133,the slurs are grounds for at least suspension.,,Tue Sep 01 2026 18:04:51 GMT+0000 (Coordinated Universal Time),3,4,8.609,Suspend,53124,0.5,ai,9,5a7557,e5b2be47-24f1-4922-b2a2-35d22ecf9e03
1,round 1,subham,e61c1c50-3fd4-4210-bede-11eee1bf35ec::1,This account has been suspended for violating community guidelines.,Decision outcomes,Permanent ban,span,0,31,This account has been suspended,,Tue Sep 01 2026 18:08:55 GMT+0000 (Coordinated Universal Time),1,5,18.125,Suspend,14325,1,ai,1,48bf10,e61c1c50-3fd4-4210-bede-11eee1bf35ec
1,round 1,subham,e7b90660-bf19-40df-bdc3-a382bd0f3ed8::1,contains offensive language,Type of offensiveness,Extreme offensive,unit,,,,,Thu Sep 03 2026 18:24:27 GMT+0000 (Coordinated Universal Time),1,5,13.287,Suspend,14523,1,control,1,bd87dc,e7b90660-bf19-40df-bdc3-a382bd0f3ed8
1,round 1,subham,e7b90660-bf19-40df-bdc3-a382bd0f3ed8::5,There is nothing wrong with that message.,Type of offensiveness,No offensive content,unit,,,,,Thu Sep 03 2026 18:43:04 GMT+0000 (Coordinated Universal Time),5,4.69,3.003,Do not suspend,14523,0,control,1,bd87dc,e7b90660-bf19-40df-bdc3-a382bd0f3ed8
1,round 1,subham,e7b90660-bf19-40df-bdc3-a382bd0f3ed8::5,There is nothing wrong with that message.,Justifications,Not too offensive,unit,,,,,Thu Sep 03 2026 18:43:09 GMT+0000 (Coordinated Universal Time),5,4.69,3.003,Do not suspend,14523,0,control,1,bd87dc,e7b90660-bf19-40df-bdc3-a382bd0f3ed8
1,round 1,subham,e84772f8-0104-4148-af15-e5424ff40caa::4,Threatening physical harm is grounds to suspend someone in my book.,Type of offensiveness,Threats of violence,unit,,,,,Wed Sep 02 2026 19:19:19 GMT+0000 (Coordinated Universal Time),4,3.5,5.044,Suspend,12345,0.25,control,7,36711b,e84772f8-0104-4148-af15-e5424ff40caa
1,round 1,subham,e84772f8-0104-4148-af15-e5424ff40caa::4,Threatening physical harm is grounds to suspend someone in my book.,Decision outcomes,Permanent ban,span,29,55,grounds to suspend someone,,Wed Sep 02 2026 19:19:31 GMT+0000 (Coordinated Universal Time),4,3.5,5.044,Suspend,12345,0.25,control,7,36711b,e84772f8-0104-4148-af15-e5424ff40caa
1,round 1,subham,e8c67559-cbf3-48a0-a19e-909b109e520c::1,This person is spreading hatred throughout various groups that is unacceptable.,Type of offensiveness,Hate speech and offensive language,unit,,,,,Tue Sep 01 2026 17:25:39 GMT+0000 (Coordinated Universal Time),1,5,3.92,Suspend,52341,1,control,3,6d81c1,e8c67559-cbf3-48a0-a19e-909b109e520c
1,round 1,subham,e8c67559-cbf3-48a0-a19e-909b109e520c::3,This person is spewing hatred comments and justifying it under the line of it's ok because others do it as well.,Type of offensiveness,Hate speech and offensive language,span,15,29,spewing hatred,,Thu Sep 03 2026 18:21:12 GMT+0000 (Coordinated Universal Time),3,5,4.304,Suspend,52341,0.5,control,3,6d81c1,e8c67559-cbf3-48a0-a19e-909b109e520c
1,round 1,subham,e92964a0-56a0-4f0c-a292-473c7cc67bea::2,Use of strong offensive profanities and talks about brutally murdering someone. It's an obvious suspension,Type of offensiveness,Death wish,unit,,,,,Thu Sep 03 2026 19:05:31 GMT+0000 (Coordinated Universal Time),2,5,3.425,Suspend,21345,0.75,ai,2,0f71df,e92964a0-56a0-4f0c-a292-473c7cc67bea
1,round 1,subham,e92964a0-56a0-4f0c-a292-473c7cc67bea::2,Use of strong offensive profanities and talks about brutally murdering someone. It's an obvious suspension,Decision outcomes,Permanent ban,unit,,,,,Thu Sep 03 2026 19:05:36 GMT+0000 (Coordinated Universal Time),2,5,3.425,Suspend,21345,0.75,ai,2,0f71df,e92964a0-56a0-4f0c-a292-473c7cc67bea
1,round 1,subham,e92964a0-56a0-4f0c-a292-473c7cc67bea::2,Use of strong offensive profanities and talks about brutally murdering someone. It's an obvious suspension,Type of offensiveness,Threats of violence,span,0,79,Use of strong offensive profanities and talks about brutally murdering someone.,,Thu Sep 03 2026 19:04:57 GMT+0000 (Coordinated Universal Time),2,5,3.425,Suspend,21345,0.75,ai,2,0f71df,e92964a0-56a0-4f0c-a292-473c7cc67bea
1,round 1,subham,e92964a0-56a0-4f0c-a292-473c7cc67bea::4,"I wasn't 100 percent confident on my decision, but they did not have many offensive messages. Although they did talk about killing people on the offensive tweets it wasn't too extreme.",Patterns of behavior,Mix of offensive and non-offensive,span,47,92,but they did not have many offensive messages,,Wed Sep 02 2026 18:30:09 GMT+0000 (Coordinated Universal Time),4,3.6,8.328,Do not suspend,21345,0.25,ai,8,0f71df,e92964a0-56a0-4f0c-a292-473c7cc67bea
1,round 1,subham,e92964a0-56a0-4f0c-a292-473c7cc67bea::4,"I wasn't 100 percent confident on my decision, but they did not have many offensive messages. Although they did talk about killing people on the offensive tweets it wasn't too extreme.",Type of offensiveness,Death wish,span,103,137,they did talk about killing people,,Wed Sep 02 2026 18:30:15 GMT+0000 (Coordinated Universal Time),4,3.6,8.328,Do not suspend,21345,0.25,ai,8,0f71df,e92964a0-56a0-4f0c-a292-473c7cc67bea
1,round 1,subham,eb7c446c-25d7-40f0-a21b-ef7329f0ead8::2,"A violent threat, which is a clear example of harmful language that can cause distress and fear.",Type of offensiveness,Threats of violence,unit,,,,,Wed Sep 02 2026 18:24:10 GMT+0000 (Coordinated Universal Time),2,4.99,5.793,Suspend,32415,0.75,control,2,40384d,eb7c446c-25d7-40f0-a21b-ef7329f0ead8
1,round 1,subham,ec167a1b-45f9-468d-8710-e649e58705a5::4,Found nothing offensive in the posts,Type of offensiveness,No offensive content,unit,,,,,Wed Sep 02 2026 19:19:48 GMT+0000 (Coordinated Universal Time),4,5,5.693,Suspend,45321,0.25,control,3,a11583,ec167a1b-45f9-468d-8710-e649e58705a5
1,round 1,subham,ec167a1b-45f9-468d-8710-e649e58705a5::5,"Although I did not have the same degree of confidence, I felt with good certainty that there was nothing offensive enough to suspend the account.",Type of offensiveness,No offensive content,unit,,,,,Wed Sep 02 2026 19:20:15 GMT+0000 (Coordinated Universal Time),5,4.01,5.597,Do not suspend,45321,0,control,4,a11583,ec167a1b-45f9-468d-8710-e649e58705a5
1,round 1,subham,ec167a1b-45f9-468d-8710-e649e58705a5::5,"Although I did not have the same degree of confidence, I felt with good certainty that there was nothing offensive enough to suspend the account.",Reflection on the decision,Not offensive at all,unit,,,,,Wed Sep 02 2026 19:20:27 GMT+0000 (Coordinated Universal Time),5,4.01,5.597,Do not suspend,45321,0,control,4,a11583,ec167a1b-45f9-468d-8710-e649e58705a5
1,round 1,subham,ec6537fe-4c07-4b70-9e96-8ed2f8564262::1,Two offensive and strongly worded messages are not good and should be suspended.,Type of offensiveness,Hate speech and offensive language,span,0,55,Two offensive and strongly worded messages are not good,,Thu Sep 03 2026 17:31:11 GMT+0000 (Coordinated Universal Time),1,4.45,6.981,Suspend,35421,1,ai,2,bf4359,ec6537fe-4c07-4b70-9e96-8ed2f8564262
1,round 1,subham,ec6537fe-4c07-4b70-9e96-8ed2f8564262::1,Two offensive and strongly worded messages are not good and should be suspended.,Decision outcomes,Permanent ban,span,60,80,should be suspended.,,Thu Sep 03 2026 17:31:18 GMT+0000 (Coordinated Universal Time),1,4.45,6.981,Suspend,35421,1,ai,2,bf4359,ec6537fe-4c07-4b70-9e96-8ed2f8564262
1,round 1,subham,ec6537fe-4c07-4b70-9e96-8ed2f8564262::2,Two strongly offensive messages shows a pattern of foul language of rudeness.,Type of offensiveness,Hate speech and offensive language,unit,,,,,Tue Sep 01 2026 18:08:43 GMT+0000 (Coordinated Universal Time),2,4.99,4.485,Suspend,35421,0.75,ai,2,bf4359,ec6537fe-4c07-4b70-9e96-8ed2f8564262
1,round 1,subham,ec6537fe-4c07-4b70-9e96-8ed2f8564262::2,Two strongly offensive messages shows a pattern of foul language of rudeness.,Type of offensiveness,Extreme offensive,span,0,31,Two strongly offensive messages,,Tue Sep 01 2026 18:08:32 GMT+0000 (Coordinated Universal Time),2,4.99,4.485,Suspend,35421,0.75,ai,2,bf4359,ec6537fe-4c07-4b70-9e96-8ed2f8564262
1,round 1,subham,f1ae7d9d-c0d3-44d7-b8c2-8a7b73f11234::3,It uses slurs and hateful speech,Type of offensiveness,Hate speech and offensive language,unit,,,,,Thu Sep 03 2026 17:01:29 GMT+0000 (Coordinated Universal Time),3,5,3.155,Suspend,51342,0.5,crowd,1,ef8def,f1ae7d9d-c0d3-44d7-b8c2-8a7b73f11234
1,round 1,subham,f1ae7d9d-c0d3-44d7-b8c2-8a7b73f11234::4,No hateful speech. I only reviewed a 2nd message to see what reviewing does.,Type of offensiveness,No offensive content,unit,,,,,Thu Sep 03 2026 18:59:56 GMT+0000 (Coordinated Universal Time),4,5,2.531,Do not suspend,51342,0.25,crowd,2,ef8def,f1ae7d9d-c0d3-44d7-b8c2-8a7b73f11234
1,round 1,subham,f1ae7d9d-c0d3-44d7-b8c2-8a7b73f11234::5,Nothing in this post was offensive. The message was positive as well.,,positive content,unit,,,,,Thu Sep 03 2026 17:07:21 GMT+0000 (Coordinated Universal Time),5,5,5.057,Do not suspend,51342,0,crowd,1,ef8def,f1ae7d9d-c0d3-44d7-b8c2-8a7b73f11234
1,round 1,subham,f1ae7d9d-c0d3-44d7-b8c2-8a7b73f11234::5,Nothing in this post was offensive. The message was positive as well.,Type of offensiveness,No offensive content,unit,,,,,Thu Sep 03 2026 17:07:18 GMT+0000 (Coordinated Universal Time),5,5,5.057,Do not suspend,51342,0,crowd,1,ef8def,f1ae7d9d-c0d3-44d7-b8c2-8a7b73f11234
1,round 1,subham,f2416148-543a-45c9-afa0-52942e56ac86::2,it may be just a joke.,Reflection on the decision,Expressed uncertainty,unit,,,,,Tue Sep 01 2026 15:20:48 GMT+0000 (Coordinated Universal Time),2,3.99,23.034,Do not suspend,21543,0.75,control,1,18562b,f2416148-543a-45c9-afa0-52942e56ac86
1,round 1,subham,f28153d7-0a1f-48ff-983b-d2aaaa6ce8d8::2,I dont have enough info about the context for suspension,Reflection on the decision,Need to know policy and TOS,unit,,,,,Thu Sep 03 2026 18:49:23 GMT+0000 (Coordinated Universal Time),2,3.08,11.619,Do not suspend,52143,0.75,ai,1,94235e,f28153d7-0a1f-48ff-983b-d2aaaa6ce8d8
1,round 1,subham,f28153d7-0a1f-48ff-983b-d2aaaa6ce8d8::2,I dont have enough info about the context for suspension,Reflection on the decision,Needed to look at more messages,unit,,,,,Thu Sep 03 2026 18:49:20 GMT+0000 (Coordinated Universal Time),2,3.08,11.619,Do not suspend,52143,0.75,ai,1,94235e,f28153d7-0a1f-48ff-983b-d2aaaa6ce8d8
1,round 1,subham,f28153d7-0a1f-48ff-983b-d2aaaa6ce8d8::5,Its an everyday kind of statement,Reflection on the decision,Expressed uncertainty,unit,,,,,Wed Sep 02 2026 19:10:36 GMT+0000 (Coordinated Universal Time),5,3.19,30.603,Do not suspend,52143,0,ai,1,94235e,f28153d7-0a1f-48ff-983b-d2aaaa6ce8d8
1,round 1,subham,f3d12412-b76d-4ef3-a299-93ae8a60ea93::2,This account included a direct and violent threat in the first message I saw which I saw to be grounds for a suspension.,Type of offensiveness,Threats of violence,span,24,49,direct and violent threat,,Thu Sep 03 2026 16:04:15 GMT+0000 (Coordinated Universal Time),2,4.48,4.35,Suspend,54321,0.75,ai,1,0d8f89,f3d12412-b76d-4ef3-a299-93ae8a60ea93
1,round 1,subham,f3d12412-b76d-4ef3-a299-93ae8a60ea93::2,This account included a direct and violent threat in the first message I saw which I saw to be grounds for a suspension.,Decision outcomes,Permanent ban,span,95,120,grounds for a suspension.,,Thu Sep 03 2026 16:04:23 GMT+0000 (Coordinated Universal Time),2,4.48,4.35,Suspend,54321,0.75,ai,1,0d8f89,f3d12412-b76d-4ef3-a299-93ae8a60ea93
1,round 1,subham,f41b00b4-7732-418f-8cca-0fa9521a527f::5,"Their messages were super positive, and were normal, there's no reason for suspension.",Patterns of behavior,Normal behavior,unit,,,,,Wed Sep 02 2026 18:29:16 GMT+0000 (Coordinated Universal Time),5,5,5.676,Do not suspend,15342,0,control,3,acd0ff,f41b00b4-7732-418f-8cca-0fa9521a527f
1,round 1,subham,f41b00b4-7732-418f-8cca-0fa9521a527f::5,"Their messages were super positive, and were normal, there's no reason for suspension.",,positive content,span,0,51,"Their messages were super positive, and were normal",,Wed Sep 02 2026 18:29:14 GMT+0000 (Coordinated Universal Time),5,5,5.676,Do not suspend,15342,0,control,3,acd0ff,f41b00b4-7732-418f-8cca-0fa9521a527f
1,round 1,subham,f5aa39ff-fa4a-477b-b01b-0e05b4255970::3,The person kept giving off ignorant responses in majority of their post.,,comment too short and not sure what needs to be done,unit,,,,,Thu Sep 03 2026 19:09:24 GMT+0000 (Coordinated Universal Time),3,5,11.935,Suspend,32145,0.5,ai,5,53c8c9,f5aa39ff-fa4a-477b-b01b-0e05b4255970
1,round 1,subham,f5aa39ff-fa4a-477b-b01b-0e05b4255970::5,They never said awful stuff and seem decent,Patterns of behavior,Normal behavior,unit,,,,,Tue Sep 01 2026 04:23:52 GMT+0000 (Coordinated Universal Time),5,5,5.292,Do not suspend,32145,0,ai,3,53c8c9,f5aa39ff-fa4a-477b-b01b-0e05b4255970
1,round 1,subham,f5aa39ff-fa4a-477b-b01b-0e05b4255970::5,They never said awful stuff and seem decent,Type of offensiveness,No offensive content,unit,,,,,Tue Sep 01 2026 04:23:40 GMT+0000 (Coordinated Universal Time),5,5,5.292,Do not suspend,32145,0,ai,3,53c8c9,f5aa39ff-fa4a-477b-b01b-0e05b4255970
1,round 1,subham,f6855f0d-9705-4cd9-a67c-ee8cd8d73460::1,account 3 used foul words but it seems like he was being bothered,Type of offensiveness,derogatory remarks,unit,,,,,Tue Sep 01 2026 16:45:29 GMT+0000 (Coordinated Universal Time),1,3.39,4.347,Do not suspend,34125,1,ai,6,6bd71b,f6855f0d-9705-4cd9-a67c-ee8cd8d73460
1,round 1,subham,f6adc9c9-2d2e-4b3c-80c4-00eed10c6348::3,Every comment was offensive. The account should be suspended.,Patterns of behavior,Consistent offensive behavior,span,0,28,Every comment was offensive.,,Thu Sep 03 2026 18:58:02 GMT+0000 (Coordinated Universal Time),3,5,4.339,Suspend,24513,0.5,ai,1,37b052,f6adc9c9-2d2e-4b3c-80c4-00eed10c6348
1,round 1,subham,f6adc9c9-2d2e-4b3c-80c4-00eed10c6348::3,Every comment was offensive. The account should be suspended.,Decision outcomes,Permanent ban,span,29,61,The account should be suspended.,,Thu Sep 03 2026 18:58:07 GMT+0000 (Coordinated Universal Time),3,5,4.339,Suspend,24513,0.5,ai,1,37b052,f6adc9c9-2d2e-4b3c-80c4-00eed10c6348
1,round 1,subham,f6adc9c9-2d2e-4b3c-80c4-00eed10c6348::4,None of the comments were offensive. There was no reason to suspend.,Reflection on the decision,Not offensive at all,unit,,,,,Thu Sep 03 2026 18:20:29 GMT+0000 (Coordinated Universal Time),4,5,4.309,Do not suspend,24513,0.25,ai,2,37b052,f6adc9c9-2d2e-4b3c-80c4-00eed10c6348
1,round 1,subham,f6adc9c9-2d2e-4b3c-80c4-00eed10c6348::4,None of the comments were offensive. There was no reason to suspend.,Type of offensiveness,No offensive content,unit,,,,,Thu Sep 03 2026 18:20:21 GMT+0000 (Coordinated Universal Time),4,5,4.309,Do not suspend,24513,0.25,ai,2,37b052,f6adc9c9-2d2e-4b3c-80c4-00eed10c6348
1,round 1,subham,f7cb359f-651a-4138-9a2c-c69b3b29dfd8::4,"although there was a message with a threat to life, it was however just one. the other messages did not contain any slurs or threats",Patterns of behavior,Mix of offensive and non-offensive,unit,,,,,Tue Sep 01 2026 17:01:40 GMT+0000 (Coordinated Universal Time),4,3.44,9.57,Do not suspend,54123,0.25,ai,5,7d6456,f7cb359f-651a-4138-9a2c-c69b3b29dfd8
1,round 1,subham,f7cb359f-651a-4138-9a2c-c69b3b29dfd8::4,"although there was a message with a threat to life, it was however just one. the other messages did not contain any slurs or threats",Patterns of behavior,One-off offensive,span,52,75,it was however just one,,Tue Sep 01 2026 17:01:32 GMT+0000 (Coordinated Universal Time),4,3.44,9.57,Do not suspend,54123,0.25,ai,5,7d6456,f7cb359f-651a-4138-9a2c-c69b3b29dfd8
1,round 1,subham,f7fabe1f-afee-480b-aac6-f12cb6312fe8::1,Hard offensive insult.,Type of offensiveness,Extreme offensive,unit,,,,,Thu Sep 03 2026 18:10:57 GMT+0000 (Coordinated Universal Time),1,5,5.247,Suspend,34152,1,control,1,b7aaae,f7fabe1f-afee-480b-aac6-f12cb6312fe8
1,round 1,subham,f855b122-9389-4902-8705-9de71d54558f::3,"Even though the first and third messages are offensive, they are only verbal attacks and do not discuss or threaten violence.",Patterns of behavior,Mix of offensive and non-offensive,unit,,,,,Tue Sep 01 2026 15:06:17 GMT+0000 (Coordinated Universal Time),3,5,4.304,Do not suspend,13245,0.5,crowd,4,088c0c,f855b122-9389-4902-8705-9de71d54558f
1,round 1,subham,f855b122-9389-4902-8705-9de71d54558f::3,"Even though the first and third messages are offensive, they are only verbal attacks and do not discuss or threaten violence.",Justifications,Appeal to intent,unit,,,,,Tue Sep 01 2026 15:06:50 GMT+0000 (Coordinated Universal Time),3,5,4.304,Do not suspend,13245,0.5,crowd,4,088c0c,f855b122-9389-4902-8705-9de71d54558f
1,round 1,subham,f8635d72-3d1f-4a55-aa95-c79d3bbb0c91::4,The messages were not hateful nor did they use any foul language or display any threats.,Type of offensiveness,No offensive content,unit,,,,,Wed Sep 02 2026 19:24:14 GMT+0000 (Coordinated Universal Time),4,5,3.296,Do not suspend,15234,0.25,control,2,2b5614,f8635d72-3d1f-4a55-aa95-c79d3bbb0c91
1,round 1,subham,f8635d72-3d1f-4a55-aa95-c79d3bbb0c91::4,The messages were not hateful nor did they use any foul language or display any threats.,Reflection on the decision,Not offensive at all,unit,,,,,Wed Sep 02 2026 19:24:40 GMT+0000 (Coordinated Universal Time),4,5,3.296,Do not suspend,15234,0.25,control,2,2b5614,f8635d72-3d1f-4a55-aa95-c79d3bbb0c91
1,round 1,subham,f8635d72-3d1f-4a55-aa95-c79d3bbb0c91::5,None of the messages had any hateful or offensive language.,Patterns of behavior,Normal behavior,unit,,,,,Wed Sep 02 2026 18:22:54 GMT+0000 (Coordinated Universal Time),5,5,5.659,Do not suspend,15234,0,control,4,2b5614,f8635d72-3d1f-4a55-aa95-c79d3bbb0c91
1,round 1,subham,fbfa9c75-b394-43fd-a72d-4ea4534f9cb9::2,most of the messages written by this account contained offensive content,Patterns of behavior,Consistent offensive behavior,unit,,,,,Thu Sep 03 2026 19:07:26 GMT+0000 (Coordinated Universal Time),2,5,2.966,Suspend,31524,0.75,crowd,5,f08844,fbfa9c75-b394-43fd-a72d-4ea4534f9cb9
1,round 1,subham,fbfa9c75-b394-43fd-a72d-4ea4534f9cb9::5,none of the messages reviewed contained offensive content,Type of offensiveness,No offensive content,unit,,,,,Thu Sep 03 2026 18:58:46 GMT+0000 (Coordinated Universal Time),5,5,4.058,Do not suspend,31524,0,crowd,5,f08844,fbfa9c75-b394-43fd-a72d-4ea4534f9cb9
1,round 1,subham,fbfa9c75-b394-43fd-a72d-4ea4534f9cb9::5,none of the messages reviewed contained offensive content,Reflection on the decision,Not offensive at all,unit,,,,,Thu Sep 03 2026 18:58:50 GMT+0000 (Coordinated Universal Time),5,5,4.058,Do not suspend,31524,0,crowd,5,f08844,fbfa9c75-b394-43fd-a72d-4ea4534f9cb9
1,round 1,subham,fd39d70c-f8e4-42b5-856b-08f44020686c::1,Wishing death or threatening death or telling someone to die should result in an automatic suspension.,Type of offensiveness,Death wish,unit,,,,,Thu Sep 03 2026 18:43:29 GMT+0000 (Coordinated Universal Time),1,5,4.727,Suspend,35412,1,crowd,1,68f7d3,fd39d70c-f8e4-42b5-856b-08f44020686c
1,round 1,subham,fd39d70c-f8e4-42b5-856b-08f44020686c::1,Wishing death or threatening death or telling someone to die should result in an automatic suspension.,Decision outcomes,Permanent ban,unit,,,,,Thu Sep 03 2026 18:43:33 GMT+0000 (Coordinated Universal Time),1,5,4.727,Suspend,35412,1,crowd,1,68f7d3,fd39d70c-f8e4-42b5-856b-08f44020686c
1,round 1,subham,fd39d70c-f8e4-42b5-856b-08f44020686c::2,The first mention of killing someone results in an automatic suspension.,Type of offensiveness,Death wish,span,10,36,mention of killing someone,,Wed Sep 02 2026 18:40:42 GMT+0000 (Coordinated Universal Time),2,5,5.076,Suspend,35412,0.75,crowd,1,68f7d3,fd39d70c-f8e4-42b5-856b-08f44020686c
1,round 1,subham,fd39d70c-f8e4-42b5-856b-08f44020686c::2,The first mention of killing someone results in an automatic suspension.,Decision outcomes,Permanent ban,span,51,72,automatic suspension.,,Wed Sep 02 2026 18:40:48 GMT+0000 (Coordinated Universal Time),2,5,5.076,Suspend,35412,0.75,crowd,1,68f7d3,fd39d70c-f8e4-42b5-856b-08f44020686c
1,round 1,subham,fd39d70c-f8e4-42b5-856b-08f44020686c::3,"This account has made multiple hate comments.  They are hateful, offensive, and discriminatory.  It should not be permitted.",Type of offensiveness,Hate speech and offensive language,unit,,,,,Thu Sep 03 2026 18:19:06 GMT+0000 (Coordinated Universal Time),3,4.47,5.752,Suspend,35412,0.5,crowd,5,68f7d3,fd39d70c-f8e4-42b5-856b-08f44020686c
1,round 1,subham,fd39d70c-f8e4-42b5-856b-08f44020686c::3,"This account has made multiple hate comments.  They are hateful, offensive, and discriminatory.  It should not be permitted.",Patterns of behavior,Consistent offensive behavior,span,0,45,This account has made multiple hate comments.,,Thu Sep 03 2026 18:19:04 GMT+0000 (Coordinated Universal Time),3,4.47,5.752,Suspend,35412,0.5,crowd,5,68f7d3,fd39d70c-f8e4-42b5-856b-08f44020686c
1,round 1,subham,fd39d70c-f8e4-42b5-856b-08f44020686c::3,"This account has made multiple hate comments.  They are hateful, offensive, and discriminatory.  It should not be permitted.",Type of offensiveness,racial remark,span,56,94,"hateful, offensive, and discriminatory",,Thu Sep 03 2026 18:19:14 GMT+0000 (Coordinated Universal Time),3,4.47,5.752,Suspend,35412,0.5,crowd,5,68f7d3,fd39d70c-f8e4-42b5-856b-08f44020686c
1,round 1,subham,fd39d70c-f8e4-42b5-856b-08f44020686c::5,None of these messages are offensive.  The account posts messages that are somewhat positive in nature.,Type of offensiveness,No offensive content,unit,,,,,Thu Sep 03 2026 18:21:40 GMT+0000 (Coordinated Universal Time),5,5,7.651,Do not suspend,35412,0,crowd,4,68f7d3,fd39d70c-f8e4-42b5-856b-08f44020686c
1,round 1,subham,fd39d70c-f8e4-42b5-856b-08f44020686c::5,None of these messages are offensive.  The account posts messages that are somewhat positive in nature.,Justifications,Not too offensive,span,0,36,None of these messages are offensive,,Thu Sep 03 2026 18:21:50 GMT+0000 (Coordinated Universal Time),5,5,7.651,Do not suspend,35412,0,crowd,4,68f7d3,fd39d70c-f8e4-42b5-856b-08f44020686c
1,round 1,subham,fd39d70c-f8e4-42b5-856b-08f44020686c::5,None of these messages are offensive.  The account posts messages that are somewhat positive in nature.,,positive content,span,39,103,The account posts messages that are somewhat positive in nature.,,Thu Sep 03 2026 18:21:34 GMT+0000 (Coordinated Universal Time),5,5,7.651,Do not suspend,35412,0,crowd,4,68f7d3,fd39d70c-f8e4-42b5-856b-08f44020686c
1,round 1,subham,fefb2330-548d-44b7-a374-a6957a756dc0::2,This person was brutally offensive and had to be taken off the platform as soon as possible.,Type of offensiveness,Extreme offensive,span,16,34,brutally offensive,,Thu Sep 03 2026 19:07:38 GMT+0000 (Coordinated Universal Time),2,5,4.431,Suspend,15423,0.75,crowd,8,0b6e1e,fefb2330-548d-44b7-a374-a6957a756dc0
1,round 1,subham,fefb2330-548d-44b7-a374-a6957a756dc0::2,This person was brutally offensive and had to be taken off the platform as soon as possible.,Decision outcomes,Permanent ban,span,39,92,had to be taken off the platform as soon as possible.,,Thu Sep 03 2026 19:07:47 GMT+0000 (Coordinated Universal Time),2,5,4.431,Suspend,15423,0.75,crowd,8,0b6e1e,fefb2330-548d-44b7-a374-a6957a756dc0
1,round 1,subham,fefb2330-548d-44b7-a374-a6957a756dc0::5,"Almost all the comment were nice and cool, that's why I chose not to suspended this account.",,positive content,unit,,,,,Tue Sep 01 2026 18:02:59 GMT+0000 (Coordinated Universal Time),5,4.95,5.259,Do not suspend,15423,0,crowd,8,0b6e1e,fefb2330-548d-44b7-a374-a6957a756dc0
1,round 1,subham,fefb2330-548d-44b7-a374-a6957a756dc0::5,"Almost all the comment were nice and cool, that's why I chose not to suspended this account.",Patterns of behavior,Normal behavior,unit,,,,,Tue Sep 01 2026 18:03:02 GMT+0000 (Coordinated Universal Time),5,4.95,5.259,Do not suspend,15423,0,crowd,8,0b6e1e,fefb2330-548d-44b7-a374-a6957a756dc0
1,round 1,subham,fefb2330-548d-44b7-a374-a6957a756dc0::5,"Almost all the comment were nice and cool, that's why I chose not to suspended this account.",Type of offensiveness,No offensive content,unit,,,,,Tue Sep 01 2026 18:03:05 GMT+0000 (Coordinated Universal Time),5,4.95,5.259,Do not suspend,15423,0,crowd,8,0b6e1e,fefb2330-548d-44b7-a374-a6957a756dc0
